timestamp,temperature,humidity,pressure,wind_speed,rainfall,ml_prediction,ml_status,anomaly_score
2020-10-19 19:30:00,7.17,78.13,995.43,1.43,0.0,0,Normal,0.24184749101103264
2020-10-19 19:40:00,7.04,78.07,995.36,1.03,0.0,0,Normal,0.23896996613736604
2020-10-19 19:50:00,7.05,77.76,995.28,1.08,0.0,0,Normal,0.24095262728605849
2020-10-19 20:00:00,6.97,78.4,995.38,0.92,0.0,0,Normal,0.23806415080439708
2020-10-19 20:10:00,6.81,78.87,995.41,1.1,0.0,0,Normal,0.23870123448034747
2020-10-19 20:20:00,6.82,78.01,995.67,1.35,0.0,0,Normal,0.24055879795784574
2020-10-19 20:30:00,6.9,77.07,995.8,0.81,0.0,0,Normal,0.23645535900145226
2020-10-19 20:40:00,6.57,79.19,995.64,1.0,0.0,0,Normal,0.23621424484511594
2020-10-19 20:50:00,6.09,81.6,995.62,1.05,0.0,0,Normal,0.23521946374839436
2020-10-19 21:00:00,5.84,83.3,995.68,0.37,0.0,0,Normal,0.21643319531451966
2020-10-19 21:10:00,5.67,83.7,995.79,0.54,0.0,0,Normal,0.22603561028953928
2020-10-19 21:20:00,5.1,88.2,995.99,1.33,0.0,0,Normal,0.2259789701740797
2020-10-19 21:30:00,4.76,90.6,995.92,0.89,0.0,0,Normal,0.21532524401314396
2020-10-19 21:40:00,5.09,88.3,995.87,0.48,0.0,0,Normal,0.213106914055747
2020-10-19 21:50:00,4.98,89.7,995.84,0.35,0.0,0,Normal,0.19777295768700598
2020-10-19 22:00:00,4.85,90.2,995.72,0.27,0.0,0,Normal,0.19662169844751426
2020-10-19 22:10:00,4.16,92.5,995.58,0.33,0.0,0,Normal,0.190603310779279
2020-10-19 22:20:00,3.81,93.7,995.43,0.5,0.0,0,Normal,0.20044651145141856
2020-10-19 22:30:00,4.1,92.3,995.25,0.51,0.0,0,Normal,0.20377069380004154
2020-10-19 22:40:00,4.06,93.2,995.1,0.37,0.0,0,Normal,0.1925599896280878
2020-10-19 22:50:00,4.05,92.8,994.92,0.36,0.0,0,Normal,0.19297667930935847
2020-10-19 23:00:00,3.85,94.1,994.69,0.72,0.0,0,Normal,0.2058649605305226
2020-10-19 23:10:00,3.67,95.0,994.46,0.49,0.0,0,Normal,0.1963672655585666
2020-10-19 23:20:00,3.77,93.6,994.33,0.28,0.0,0,Normal,0.18884583407758082
2020-10-19 23:30:00,3.75,93.2,994.33,0.58,0.0,0,Normal,0.2076897485011165
2020-10-19 23:40:00,3.51,94.0,994.3,0.43,0.0,0,Normal,0.1930589706901682
2020-10-19 23:50:00,3.6,93.3,994.28,0.22,0.0,0,Normal,0.18305480142010938
2020-10-20 00:00:00,3.75,92.8,994.27,0.32,0.0,0,Normal,0.1933591686080206
2020-10-20 00:10:00,3.6,93.8,994.16,0.29,0.0,0,Normal,0.1888041505415451
2020-10-20 00:20:00,3.22,95.1,994.08,0.4,0.0,0,Normal,0.18526911934840018
2020-10-20 00:30:00,2.73,97.5,994.02,0.64,0.0,0,Normal,0.18540654724371392
2020-10-20 00:40:00,2.77,97.7,993.91,0.3,0.0,0,Normal,0.16652605570762014
2020-10-20 00:50:00,2.66,97.9,993.72,0.26,0.0,0,Normal,0.16268369022805967
2020-10-20 01:00:00,2.66,98.3,993.68,0.3,0.0,0,Normal,0.16505779268841086
2020-10-20 01:10:00,2.89,96.3,993.71,0.35,0.0,0,Normal,0.1770568730897087
2020-10-20 01:20:00,3.04,96.1,993.61,0.37,0.0,0,Normal,0.18167945591337586
2020-10-20 01:30:00,2.91,96.4,993.5,0.33,0.0,0,Normal,0.17590519516961461
2020-10-20 01:40:00,2.58,98.1,993.37,0.74,0.0,0,Normal,0.18716391836140406
2020-10-20 01:50:00,2.66,97.6,993.25,0.72,0.0,0,Normal,0.18880546220039474
2020-10-20 02:00:00,2.63,96.7,993.21,0.76,0.0,0,Normal,0.1942173855290928
2020-10-20 02:10:00,2.08,99.1,993.14,0.82,0.0,0,Normal,0.1768471679744909
2020-10-20 02:20:00,2.1,99.7,993.15,1.22,0.0,0,Normal,0.1779174959315561
2020-10-20 02:30:00,2.1,99.3,993.12,1.41,0.0,0,Normal,0.17990550838941677
2020-10-20 02:40:00,2.1,99.4,993.08,1.04,0.0,0,Normal,0.17583022917814317
2020-10-20 02:50:00,2.23,98.2,993.09,0.92,0.0,0,Normal,0.18080654221683934
2020-10-20 03:00:00,2.27,97.8,993.11,1.13,0.0,0,Normal,0.1858602742359433
2020-10-20 03:10:00,2.08,97.5,993.02,0.81,0.0,0,Normal,0.18129093848825295
2020-10-20 03:20:00,1.74,99.7,992.87,1.05,0.0,0,Normal,0.17198166194503195
2020-10-20 03:30:00,2.14,98.5,992.69,1.06,0.0,0,Normal,0.18281622090304162
2020-10-20 03:40:00,2.87,93.8,992.58,1.31,0.0,0,Normal,0.2116770632096316
2020-10-20 03:50:00,2.8,93.1,992.53,0.9,0.0,0,Normal,0.20929496744583997
2020-10-20 04:00:00,2.14,95.7,992.39,0.76,0.0,0,Normal,0.19454017796867068
2020-10-20 04:10:00,2.27,95.9,992.18,1.04,0.0,0,Normal,0.19345002284047574
2020-10-20 04:20:00,2.6,94.7,992.07,1.22,0.0,0,Normal,0.2041907142491236
2020-10-20 04:30:00,2.74,93.9,991.85,1.47,0.0,0,Normal,0.20890916958752193
2020-10-20 04:40:00,2.84,92.8,991.58,1.83,0.0,0,Normal,0.2087673007454977
2020-10-20 04:50:00,2.79,92.6,991.43,1.81,0.0,0,Normal,0.20947370560972617
2020-10-20 05:00:00,2.99,91.0,991.46,2.29,0.0,0,Normal,0.21013802896855305
2020-10-20 05:10:00,3.15,89.5,991.52,2.0,0.0,0,Normal,0.21820596664300218
2020-10-20 05:20:00,3.2,88.8,991.58,1.51,0.0,0,Normal,0.22105567431395645
2020-10-20 05:30:00,3.1,88.9,991.41,1.62,0.0,0,Normal,0.2194773998799031
2020-10-20 05:40:00,2.99,89.4,991.29,2.36,0.0,0,Normal,0.2153481316028929
2020-10-20 05:50:00,3.06,88.8,991.12,2.73,0.0,0,Normal,0.21182869302896323
2020-10-20 06:00:00,3.29,86.8,990.9,2.97,0.0,0,Normal,0.20812441154477085
2020-10-20 06:10:00,3.6,84.4,990.68,3.02,0.0,0,Normal,0.21205536516424756
2020-10-20 06:20:00,3.7,83.6,990.68,2.6,0.0,0,Normal,0.22517312542527868
2020-10-20 06:30:00,3.77,83.4,990.65,2.53,0.0,0,Normal,0.2249102966655076
2020-10-20 06:40:00,3.58,84.7,990.65,2.35,0.0,0,Normal,0.22390278160671273
2020-10-20 06:50:00,3.38,85.8,990.55,2.83,0.0,0,Normal,0.21338579081796794
2020-10-20 07:00:00,3.67,84.2,990.5,2.89,0.0,0,Normal,0.21728445343381053
2020-10-20 07:10:00,3.81,84.2,990.3,2.26,0.0,0,Normal,0.22568587517936944
2020-10-20 07:20:00,3.82,85.1,990.24,2.0,0.0,0,Normal,0.2287885952457186
2020-10-20 07:30:00,3.87,85.0,990.24,3.27,0.0,0,Normal,0.20819884578495368
2020-10-20 07:40:00,4.25,84.2,990.01,2.43,0.0,0,Normal,0.22748706186726053
2020-10-20 07:50:00,4.28,85.1,989.94,1.97,0.0,0,Normal,0.2302325445076786
2020-10-20 08:00:00,4.62,84.9,990.03,3.19,0.0,0,Normal,0.2151007205100246
2020-10-20 08:10:00,4.68,85.0,990.2,2.5,0.0,0,Normal,0.22765275240560184
2020-10-20 08:20:00,4.73,85.4,990.22,2.52,0.0,0,Normal,0.22686018171707434
2020-10-20 08:30:00,4.59,86.5,990.19,2.02,0.0,0,Normal,0.22862820400584905
2020-10-20 08:40:00,4.42,88.1,990.21,1.2,0.0,0,Normal,0.2259415205867064
2020-10-20 08:50:00,4.86,87.0,990.16,0.75,0.0,0,Normal,0.22727863172372742
2020-10-20 09:00:00,5.19,87.1,990.06,2.81,0.0,0,Normal,0.2189522014019562
2020-10-20 09:10:00,6.15,85.3,989.98,3.4,0.0,0,Normal,0.2129323655055656
2020-10-20 09:20:00,6.8,82.5,989.95,3.55,0.0,0,Normal,0.21499424469651846
2020-10-20 09:30:00,7.12,82.2,989.82,3.79,0.0,0,Normal,0.21206595542094364
2020-10-20 09:40:00,7.57,81.3,989.91,3.79,0.0,0,Normal,0.21212996722064376
2020-10-20 09:50:00,8.15,79.55,990.03,3.33,0.0,0,Normal,0.22032780519385342
2020-10-20 10:00:00,8.34,79.28,989.98,2.95,0.0,0,Normal,0.22766640257119092
2020-10-20 10:10:00,8.4,79.8,989.75,3.45,0.0,0,Normal,0.21963560170065022
2020-10-20 10:20:00,8.43,80.5,989.74,3.57,0.0,0,Normal,0.21571572369842162
2020-10-20 10:30:00,8.77,79.74,989.71,3.13,0.0,0,Normal,0.22609209749304665
2020-10-20 10:40:00,9.16,78.08,989.67,3.85,0.0,0,Normal,0.21243886180134175
2020-10-20 10:50:00,9.61,77.0,989.41,3.81,0.0,0,Normal,0.21488026755867484
2020-10-20 11:00:00,10.03,76.33,989.22,3.83,0.0,0,Normal,0.218447384658767
2020-10-20 11:10:00,10.46,74.23,989.21,4.34,0.0,0,Normal,0.21157871140594547
2020-10-20 11:20:00,10.56,73.58,989.35,3.56,0.0,0,Normal,0.22652266895727563
2020-10-20 11:30:00,10.85,72.23,989.28,4.02,0.0,0,Normal,0.21578544263499522
2020-10-20 11:40:00,11.04,72.12,989.21,3.67,0.0,0,Normal,0.22517195210875873
2020-10-20 11:50:00,11.23,70.86,988.95,3.74,0.0,0,Normal,0.22304081558508143
2020-10-20 12:00:00,11.35,70.62,988.92,3.65,0.0,0,Normal,0.22528520661220397
2020-10-20 12:10:00,11.63,70.1,988.95,2.97,0.0,0,Normal,0.23549534728708216
2020-10-20 12:20:00,12.36,67.05,988.89,3.27,0.0,0,Normal,0.22670109890080975
2020-10-20 12:30:00,12.57,65.54,988.7,3.78,0.0,0,Normal,0.2204089215081828
2020-10-20 12:40:00,12.88,64.89,988.45,3.87,0.0,0,Normal,0.21317159535977998
2020-10-20 12:50:00,13.43,62.15,988.31,3.94,0.0,0,Normal,0.20881575513493006
2020-10-20 13:00:00,13.92,57.56,988.06,4.93,0.0,0,Normal,0.18574742865062766
2020-10-20 13:10:00,14.11,54.44,987.76,4.95,0.0,0,Normal,0.18493320673783498
2020-10-20 13:20:00,14.19,54.56,987.76,4.35,0.0,0,Normal,0.19887284772204056
2020-10-20 13:30:00,14.27,54.66,987.79,3.35,0.0,0,Normal,0.2120971968820768
2020-10-20 13:40:00,14.4,54.28,987.78,3.0,0.0,0,Normal,0.22286665254900695
2020-10-20 13:50:00,14.54,52.37,987.59,4.4,0.0,0,Normal,0.1935381572295758
2020-10-20 14:00:00,14.61,52.0,987.22,4.59,0.0,0,Normal,0.18839385737230752
2020-10-20 14:10:00,14.78,52.32,987.28,2.54,0.0,0,Normal,0.22276687027120878
2020-10-20 14:20:00,14.84,51.62,987.22,3.36,0.0,0,Normal,0.21164298148322425
2020-10-20 14:30:00,14.79,51.95,987.15,3.16,0.0,0,Normal,0.2173104383471252
2020-10-20 14:40:00,14.75,52.48,987.06,2.8,0.0,0,Normal,0.22173530370837574
2020-10-20 14:50:00,14.66,52.85,986.94,3.16,0.0,0,Normal,0.21956954894786201
2020-10-20 15:00:00,14.52,53.03,986.96,3.37,0.0,0,Normal,0.21333219257003
2020-10-20 15:10:00,14.38,53.64,987.02,3.36,0.0,0,Normal,0.21311423631812587
2020-10-20 15:20:00,14.3,54.84,987.07,2.46,0.0,0,Normal,0.22643622269406577
2020-10-20 15:30:00,14.27,55.33,987.35,2.68,0.0,0,Normal,0.2256019593490507
2020-10-20 15:40:00,14.18,56.28,987.4,1.89,0.0,0,Normal,0.22995273540553113
2020-10-20 15:50:00,14.08,57.23,987.33,2.15,0.0,0,Normal,0.23084539038281338
2020-10-20 16:00:00,13.9,58.03,987.14,2.42,0.0,0,Normal,0.2276328425479961
2020-10-20 16:10:00,13.69,59.54,987.1,1.99,0.0,0,Normal,0.23133883702348795
2020-10-20 16:20:00,13.51,61.18,986.93,0.91,0.0,0,Normal,0.23089103502594271
2020-10-20 16:30:00,13.39,61.32,986.89,1.89,0.0,0,Normal,0.23598060905703167
2020-10-20 16:40:00,13.27,61.71,986.8,2.73,0.0,0,Normal,0.2312272235565726
2020-10-20 16:50:00,13.19,62.25,986.81,1.72,0.0,0,Normal,0.2374271943277761
2020-10-20 17:00:00,13.04,63.23,986.83,1.69,0.0,0,Normal,0.238320153027979
2020-10-20 17:10:00,12.86,64.81,986.77,1.8,0.0,0,Normal,0.2384645059734623
2020-10-20 17:20:00,12.66,66.05,986.84,1.58,0.0,0,Normal,0.24152514326421104
2020-10-20 17:30:00,12.53,66.72,986.95,1.75,0.0,0,Normal,0.24044536525045285
2020-10-20 17:40:00,12.44,67.19,987.14,1.41,0.0,0,Normal,0.2415292168097466
2020-10-20 17:50:00,12.46,66.98,987.34,1.24,0.0,0,Normal,0.2404540480351599
2020-10-20 18:00:00,12.34,69.11,987.52,1.55,0.0,0,Normal,0.2450897693979765
2020-10-20 18:10:00,12.24,69.72,987.57,0.76,0.0,0,Normal,0.23974664217223352
2020-10-20 18:20:00,12.41,69.16,987.71,0.76,0.0,0,Normal,0.23899270591982247
2020-10-20 18:30:00,12.2,71.79,987.74,1.2,0.0,0,Normal,0.24412913509838774
2020-10-20 18:40:00,12.06,73.38,987.75,1.06,0.0,0,Normal,0.2447699649291567
2020-10-20 18:50:00,11.86,75.08,987.74,1.5,0.0,0,Normal,0.24768960319922956
2020-10-20 19:00:00,11.49,78.33,987.65,2.47,0.0,0,Normal,0.23956988923782663
2020-10-20 19:10:00,11.15,80.7,987.7,1.92,0.0,0,Normal,0.24316751916926582
2020-10-20 19:20:00,11.22,79.2,987.68,1.9,0.0,0,Normal,0.2433968983723548
2020-10-20 19:30:00,11.24,79.56,987.65,2.5,0.0,0,Normal,0.23795703225661363
2020-10-20 19:40:00,11.29,79.17,987.72,2.52,0.0,0,Normal,0.2356549311569146
2020-10-20 19:50:00,11.14,80.3,987.65,1.35,0.0,0,Normal,0.2431695810940765
2020-10-20 20:00:00,11.28,78.94,987.69,1.9,0.0,0,Normal,0.24479549746597584
2020-10-20 20:10:00,11.24,79.65,987.81,1.73,0.0,0,Normal,0.2429906612923699
2020-10-20 20:20:00,11.06,82.0,987.83,2.12,0.1,0,Normal,0.1505238022976521
2020-10-20 20:30:00,10.77,84.4,987.84,1.52,0.2,0,Normal,0.10184019124457955
2020-10-20 20:40:00,10.63,86.3,987.87,1.7,0.1,0,Normal,0.15493737821132136
2020-10-20 20:50:00,10.42,88.3,987.9,2.18,0.1,0,Normal,0.15105796612382277
2020-10-20 21:00:00,10.15,90.9,987.8,2.52,0.2,0,Normal,0.08934353264003414
2020-10-20 21:10:00,9.96,92.1,987.77,2.45,0.0,0,Normal,0.21851110717722871
2020-10-20 21:20:00,9.99,90.9,987.91,2.49,0.1,0,Normal,0.1441241538621275
2020-10-20 21:30:00,10.11,89.8,987.85,2.05,0.0,0,Normal,0.23246434692753998
2020-10-20 21:40:00,10.05,91.0,987.68,2.09,0.0,0,Normal,0.22970660719686997
2020-10-20 21:50:00,9.97,91.2,987.23,1.27,0.0,0,Normal,0.22904231422915478
2020-10-20 22:00:00,10.0,90.3,987.1,3.01,0.0,0,Normal,0.20823711311878762
2020-10-20 22:10:00,9.99,90.0,987.56,3.02,0.0,0,Normal,0.21063231058064597
2020-10-20 22:20:00,10.07,90.1,987.6,1.85,0.0,0,Normal,0.2345962248720782
2020-10-20 22:30:00,9.96,91.1,987.42,2.31,0.0,0,Normal,0.22165931747474027
2020-10-20 22:40:00,9.75,93.7,987.27,1.44,0.0,0,Normal,0.22187374406231325
2020-10-20 22:50:00,9.77,92.6,987.23,1.93,0.0,0,Normal,0.22584939009548116
2020-10-20 23:00:00,9.8,92.1,987.23,1.85,0.0,0,Normal,0.22577189335926928
2020-10-20 23:10:00,9.84,91.7,987.08,1.94,0.0,0,Normal,0.22535870681611636
2020-10-20 23:20:00,10.0,89.8,987.0,2.32,0.0,0,Normal,0.22542672947285786
2020-10-20 23:30:00,10.07,89.3,986.79,1.73,0.0,0,Normal,0.23371404873652302
2020-10-20 23:40:00,10.04,88.9,986.66,2.53,0.0,0,Normal,0.22578089748040592
2020-10-20 23:50:00,10.17,87.2,986.54,2.37,0.0,0,Normal,0.2308726048763225
2020-10-21 00:00:00,10.27,86.2,986.42,2.12,0.0,0,Normal,0.2374595112126926
2020-10-21 00:10:00,10.38,84.9,986.33,2.39,0.0,0,Normal,0.23285414235080676
2020-10-21 00:20:00,10.49,83.9,986.28,2.53,0.0,0,Normal,0.23225855748251661
2020-10-21 00:30:00,10.55,83.5,986.22,1.65,0.0,0,Normal,0.2419944494551401
2020-10-21 00:40:00,10.54,84.3,986.12,1.53,0.0,0,Normal,0.23891101203274406
2020-10-21 00:50:00,10.32,85.7,985.96,1.77,0.0,0,Normal,0.23992573038806025
2020-10-21 01:00:00,10.46,82.9,985.97,2.56,0.0,0,Normal,0.23431113735959658
2020-10-21 01:10:00,10.58,83.2,985.98,2.28,0.0,0,Normal,0.23840920767199086
2020-10-21 01:20:00,10.58,82.5,985.99,2.23,0.0,0,Normal,0.2371795195205907
2020-10-21 01:30:00,10.59,83.5,986.01,1.47,0.0,0,Normal,0.2416406391453153
2020-10-21 01:40:00,10.44,85.0,985.94,1.52,0.0,0,Normal,0.23923415580739987
2020-10-21 01:50:00,10.47,83.5,985.82,1.51,0.0,0,Normal,0.2413066280181112
2020-10-21 02:00:00,10.63,81.8,985.81,1.94,0.0,0,Normal,0.2387386984549661
2020-10-21 02:10:00,10.73,81.2,985.78,2.18,0.0,0,Normal,0.2381341857921785
2020-10-21 02:20:00,10.73,81.2,985.78,2.56,0.0,0,Normal,0.2329684142064657
2020-10-21 02:30:00,10.78,80.3,985.69,2.6,0.0,0,Normal,0.23538064028570888
2020-10-21 02:40:00,10.84,79.93,985.57,2.75,0.0,0,Normal,0.23373758097049174
2020-10-21 02:50:00,10.81,80.2,985.49,3.05,0.0,0,Normal,0.22541836378084446
2020-10-21 03:00:00,10.85,79.82,985.5,3.14,0.0,0,Normal,0.22491548819603835
2020-10-21 03:10:00,10.78,80.8,985.32,3.0,0.0,0,Normal,0.22191993379125097
2020-10-21 03:20:00,10.68,82.1,985.02,2.56,0.0,0,Normal,0.22830757982964967
2020-10-21 03:30:00,10.64,82.0,984.86,2.35,0.0,0,Normal,0.23041923650932655
2020-10-21 03:40:00,10.78,80.8,984.76,2.93,0.0,0,Normal,0.2247721426307313
2020-10-21 03:50:00,10.79,80.6,984.51,2.42,0.0,0,Normal,0.23064147423177306
2020-10-21 04:00:00,10.82,80.2,984.62,3.4,0.0,0,Normal,0.2188215364226448
2020-10-21 04:10:00,10.82,79.98,984.59,3.21,0.0,0,Normal,0.21886111906529282
2020-10-21 04:20:00,10.76,80.7,984.69,3.08,0.0,0,Normal,0.22014862966838628
2020-10-21 04:30:00,10.56,82.8,984.6,3.03,0.0,0,Normal,0.21984047152986003
2020-10-21 04:40:00,10.59,81.6,984.54,2.99,0.0,0,Normal,0.21875760454067505
2020-10-21 04:50:00,10.61,81.5,984.49,2.96,0.0,0,Normal,0.22049416661143867
2020-10-21 05:00:00,10.65,81.1,984.42,3.04,0.0,0,Normal,0.21847769228003378
2020-10-21 05:10:00,10.61,81.3,984.37,3.22,0.0,0,Normal,0.21547932834011463
2020-10-21 05:20:00,10.64,80.7,984.33,3.08,0.0,0,Normal,0.21928056656010103
2020-10-21 05:30:00,10.61,80.5,984.37,3.46,0.0,0,Normal,0.2145642291262439
2020-10-21 05:40:00,10.69,79.65,984.31,3.51,0.0,0,Normal,0.21525809056361023
2020-10-21 05:50:00,10.65,80.4,984.28,3.41,0.0,0,Normal,0.2181595969095254
2020-10-21 06:00:00,10.53,81.0,984.15,3.55,0.0,0,Normal,0.2135076687391821
2020-10-21 06:10:00,10.55,80.4,984.08,3.0,0.0,0,Normal,0.2226752199254018
2020-10-21 06:20:00,10.6,79.01,984.09,3.67,0.0,0,Normal,0.21363971474599813
2020-10-21 06:30:00,10.58,80.4,984.08,2.21,0.0,0,Normal,0.23624461718008327
2020-10-21 06:40:00,10.26,83.0,984.01,2.24,0.0,0,Normal,0.23422958118605236
2020-10-21 06:50:00,10.12,83.7,984.16,2.32,0.0,0,Normal,0.23269438500433287
2020-10-21 07:00:00,10.32,81.4,984.22,2.74,0.0,0,Normal,0.22816854881268772
2020-10-21 07:10:00,10.38,80.4,984.13,2.73,0.0,0,Normal,0.23081801391926748
2020-10-21 07:20:00,10.61,77.81,984.09,3.22,0.0,0,Normal,0.22225566353213733
2020-10-21 07:30:00,10.61,78.55,984.05,2.26,0.0,0,Normal,0.2362242651853857
2020-10-21 07:40:00,10.62,77.96,983.99,2.95,0.0,0,Normal,0.22489368459606052
2020-10-21 07:50:00,10.68,77.03,984.1,3.22,0.0,0,Normal,0.22264641685110548
2020-10-21 08:00:00,10.85,75.4,984.27,3.2,0.0,0,Normal,0.22732170912911637
2020-10-21 08:10:00,11.02,74.59,984.17,2.96,0.0,0,Normal,0.22656584519649303
2020-10-21 08:20:00,11.14,73.69,984.18,2.24,0.0,0,Normal,0.2375786130828822
2020-10-21 08:30:00,11.29,72.6,984.26,1.43,0.0,0,Normal,0.2399862948324744
2020-10-21 08:40:00,11.53,70.54,984.29,2.19,0.0,0,Normal,0.23737995465005385
2020-10-21 08:50:00,11.66,69.38,984.39,2.04,0.0,0,Normal,0.23714076050375993
2020-10-21 09:00:00,11.88,67.99,984.4,1.65,0.0,0,Normal,0.23633109945831515
2020-10-21 09:10:00,12.14,66.5,984.45,2.44,0.0,0,Normal,0.23210168741896892
2020-10-21 09:20:00,12.23,66.59,984.45,2.67,0.0,0,Normal,0.23167208842029785
2020-10-21 09:30:00,12.29,66.3,984.15,3.92,0.0,0,Normal,0.20907437461889117
2020-10-21 09:40:00,12.45,65.78,984.03,3.53,0.0,0,Normal,0.21808282680103952
2020-10-21 09:50:00,12.51,66.47,984.0,3.94,0.0,0,Normal,0.2068286032381641
2020-10-21 10:00:00,12.55,66.52,984.06,3.44,0.0,0,Normal,0.21882541802631178
2020-10-21 10:10:00,12.61,66.17,984.07,3.54,0.0,0,Normal,0.21748176236709554
2020-10-21 10:20:00,12.58,66.81,983.98,3.9,0.0,0,Normal,0.207613446237225
2020-10-21 10:30:00,12.48,67.94,983.88,3.8,0.0,0,Normal,0.21045223569995364
2020-10-21 10:40:00,12.5,68.43,983.95,3.42,0.0,0,Normal,0.22024407765468812
2020-10-21 10:50:00,12.66,67.22,984.06,3.3,0.0,0,Normal,0.2202156945616302
2020-10-21 11:00:00,12.89,66.89,984.01,2.41,0.0,0,Normal,0.23062168230612828
2020-10-21 11:10:00,13.2,65.82,984.09,2.18,0.0,0,Normal,0.23201886239714958
2020-10-21 11:20:00,13.55,64.66,984.03,2.27,0.0,0,Normal,0.23076297464562695
2020-10-21 11:30:00,13.84,63.74,983.92,1.68,0.0,0,Normal,0.23196355815778635
2020-10-21 11:40:00,13.95,64.08,983.82,1.5,0.0,0,Normal,0.23180128536902284
2020-10-21 11:50:00,14.11,63.56,983.78,1.84,0.0,0,Normal,0.23099481568079155
2020-10-21 12:00:00,14.78,61.61,983.83,0.94,0.0,0,Normal,0.22575346794165624
2020-10-21 12:10:00,15.15,60.78,983.79,1.5,0.0,0,Normal,0.22903280485690353
2020-10-21 12:20:00,15.12,60.7,983.61,1.8,0.0,0,Normal,0.22801694584701782
2020-10-21 12:30:00,15.24,60.58,983.51,1.67,0.0,0,Normal,0.22898964109017494
2020-10-21 12:40:00,15.33,59.97,983.45,1.59,0.0,0,Normal,0.22476693091016237
2020-10-21 12:50:00,15.43,59.71,983.41,0.86,0.0,0,Normal,0.2220434663001235
2020-10-21 13:00:00,15.61,57.92,983.3,0.81,0.0,0,Normal,0.21631157117262834
2020-10-21 13:10:00,15.81,57.67,983.22,1.27,0.0,0,Normal,0.21889203303322458
2020-10-21 13:20:00,15.8,58.97,983.3,1.03,0.0,0,Normal,0.2205764909860634
2020-10-21 13:30:00,15.66,60.41,983.24,0.98,0.0,0,Normal,0.22382585286089995
2020-10-21 13:40:00,15.78,60.8,983.31,0.9,0.0,0,Normal,0.2230693772622987
2020-10-21 13:50:00,16.04,58.12,983.38,1.18,0.0,0,Normal,0.22104892610666943
2020-10-21 14:00:00,16.78,54.08,983.28,2.45,0.0,0,Normal,0.21535678036832728
2020-10-21 14:10:00,17.03,53.39,983.16,3.04,0.0,0,Normal,0.2088518944609689
2020-10-21 14:20:00,17.2,53.12,982.96,3.11,0.0,0,Normal,0.20652607582731924
2020-10-21 14:30:00,17.42,52.96,982.83,3.15,0.0,0,Normal,0.20563647740524682
2020-10-21 14:40:00,17.68,52.63,982.81,3.13,0.0,0,Normal,0.20567062715152284
2020-10-21 14:50:00,18.17,50.72,982.71,2.82,0.0,0,Normal,0.20765028341463898
2020-10-21 15:00:00,18.54,49.27,982.64,2.97,0.0,0,Normal,0.2026242554200246
2020-10-21 15:10:00,18.44,49.13,982.56,2.78,0.0,0,Normal,0.2058295220390594
2020-10-21 15:20:00,18.25,49.88,982.53,3.49,0.0,0,Normal,0.1969705572551131
2020-10-21 15:30:00,18.08,52.48,982.5,3.13,0.0,0,Normal,0.20270724484149494
2020-10-21 15:40:00,17.97,52.0,982.37,3.56,0.0,0,Normal,0.19636405898719322
2020-10-21 15:50:00,17.91,51.54,982.44,2.99,0.0,0,Normal,0.20686289775531252
2020-10-21 16:00:00,17.75,51.56,982.51,2.93,0.0,0,Normal,0.2061420411155822
2020-10-21 16:10:00,17.64,52.38,982.52,2.9,0.0,0,Normal,0.20531334841822596
2020-10-21 16:20:00,17.43,53.17,982.58,2.94,0.0,0,Normal,0.20653898875017646
2020-10-21 16:30:00,17.39,52.76,982.65,1.8,0.0,0,Normal,0.21265761795107302
2020-10-21 16:40:00,17.37,53.4,982.75,1.5,0.0,0,Normal,0.21563734835154558
2020-10-21 16:50:00,17.09,55.13,982.78,2.48,0.0,0,Normal,0.21512727308955337
2020-10-21 17:00:00,16.65,56.62,982.86,2.21,0.0,0,Normal,0.21997204054626873
2020-10-21 17:10:00,16.56,55.78,982.87,2.33,0.0,0,Normal,0.21548697849327803
2020-10-21 17:20:00,16.6,55.1,982.78,1.8,0.0,0,Normal,0.21712454496754335
2020-10-21 17:30:00,16.78,53.24,982.92,2.46,0.0,0,Normal,0.21411302288594947
2020-10-21 17:40:00,16.84,52.52,983.03,3.38,0.0,0,Normal,0.2040294770902849
2020-10-21 17:50:00,16.69,53.06,983.11,4.45,0.0,0,Normal,0.1795425715664219
2020-10-21 18:00:00,16.74,52.33,983.22,4.12,0.0,0,Normal,0.1857484761355936
2020-10-21 18:10:00,16.78,52.41,983.37,2.32,0.0,0,Normal,0.21453210563177727
2020-10-21 18:20:00,16.26,55.38,983.46,2.07,0.0,0,Normal,0.2199422597011605
2020-10-21 18:30:00,15.81,57.38,983.56,2.72,0.0,0,Normal,0.21896188409474066
2020-10-21 18:40:00,15.42,59.64,983.57,2.69,0.0,0,Normal,0.22205120695104813
2020-10-21 18:50:00,15.16,60.49,983.6,2.62,0.0,0,Normal,0.22643693848792412
2020-10-21 19:00:00,15.94,57.2,983.73,3.23,0.0,0,Normal,0.21201500518859895
2020-10-21 19:10:00,16.32,56.65,983.83,2.82,0.0,0,Normal,0.21608110065791636
2020-10-21 19:20:00,16.33,57.19,983.89,1.92,0.0,0,Normal,0.2215704487559173
2020-10-21 19:30:00,16.28,57.88,983.96,2.19,0.0,0,Normal,0.22185415491997407
2020-10-21 19:40:00,15.77,60.38,984.04,1.99,0.0,0,Normal,0.22659004504965957
2020-10-21 19:50:00,15.34,62.32,984.11,2.45,0.0,0,Normal,0.22991810356313847
2020-10-21 20:00:00,15.08,63.56,984.13,2.82,0.0,0,Normal,0.22870512220620426
2020-10-21 20:10:00,14.62,65.76,984.09,2.15,0.0,0,Normal,0.23532327436407202
2020-10-21 20:20:00,14.35,67.2,984.05,2.59,0.0,0,Normal,0.22926143562538154
2020-10-21 20:30:00,14.08,68.66,984.1,2.79,0.0,0,Normal,0.22882915418552108
2020-10-21 20:40:00,13.99,69.21,984.14,2.32,0.0,0,Normal,0.23261277598870972
2020-10-21 20:50:00,13.88,69.95,984.24,2.68,0.0,0,Normal,0.231466247566242
2020-10-21 21:00:00,13.81,70.32,984.28,2.82,0.0,0,Normal,0.22773942481469017
2020-10-21 21:10:00,13.7,70.9,984.34,2.01,0.0,0,Normal,0.23610102658642057
2020-10-21 21:20:00,13.74,70.64,984.53,1.63,0.0,0,Normal,0.23838104805109994
2020-10-21 21:30:00,13.85,70.18,984.62,1.7,0.0,0,Normal,0.23984400904919412
2020-10-21 21:40:00,13.95,69.66,984.82,1.49,0.0,0,Normal,0.23925732167971958
2020-10-21 21:50:00,14.02,69.34,985.08,1.13,0.0,0,Normal,0.23898486635008787
2020-10-21 22:00:00,14.13,68.75,984.99,0.92,0.0,0,Normal,0.23626197615097266
2020-10-21 22:10:00,14.25,68.23,985.0,1.3,0.0,0,Normal,0.2390504070504036
2020-10-21 22:20:00,14.29,68.16,985.08,1.34,0.0,0,Normal,0.23816135214580847
2020-10-21 22:30:00,14.25,68.33,985.07,2.24,0.0,0,Normal,0.23757845471861577
2020-10-21 22:40:00,14.23,68.59,985.18,2.57,0.0,0,Normal,0.2325179362022799
2020-10-21 22:50:00,13.91,70.03,985.17,2.75,0.0,0,Normal,0.23313710170051072
2020-10-21 23:00:00,13.88,69.97,985.18,3.41,0.0,0,Normal,0.21865018932626684
2020-10-21 23:10:00,13.82,70.14,985.2,3.85,0.0,0,Normal,0.20861687650346245
2020-10-21 23:20:00,13.76,70.19,985.3,3.0,0.0,0,Normal,0.2262295595848326
2020-10-21 23:30:00,14.14,68.32,985.35,3.19,0.0,0,Normal,0.22283865066272118
2020-10-21 23:40:00,14.16,68.23,985.34,2.55,0.0,0,Normal,0.23287060152386035
2020-10-21 23:50:00,14.17,68.09,985.41,2.47,0.0,0,Normal,0.2347759775292519
2020-10-22 00:00:00,14.25,67.72,985.55,2.39,0.0,0,Normal,0.23583142991533235
2020-10-22 00:10:00,14.23,67.64,985.64,1.88,0.0,0,Normal,0.23897029941895298
2020-10-22 00:20:00,14.6,65.71,985.75,2.01,0.0,0,Normal,0.2406465812445735
2020-10-22 00:30:00,14.66,65.54,985.69,2.39,0.0,0,Normal,0.23896989483678355
2020-10-22 00:40:00,14.53,66.15,985.72,2.49,0.0,0,Normal,0.23793805828152703
2020-10-22 00:50:00,14.09,68.4,985.78,2.51,0.0,0,Normal,0.23562972803017196
2020-10-22 01:00:00,13.86,69.27,985.72,2.53,0.0,0,Normal,0.23418260148154063
2020-10-22 01:10:00,13.96,68.74,985.8,2.91,0.0,0,Normal,0.2303671354881956
2020-10-22 01:20:00,14.04,68.17,985.99,2.65,0.0,0,Normal,0.23451019218475688
2020-10-22 01:30:00,14.49,65.83,986.05,2.38,0.0,0,Normal,0.2374398800028213
2020-10-22 01:40:00,14.88,64.19,986.14,2.56,0.0,0,Normal,0.23790652496322806
2020-10-22 01:50:00,14.87,64.48,986.16,2.43,0.0,0,Normal,0.23802780061972162
2020-10-22 02:00:00,14.66,65.82,986.18,2.19,0.0,0,Normal,0.24052673596315227
2020-10-22 02:10:00,14.34,67.79,986.25,2.36,0.0,0,Normal,0.23446194969445927
2020-10-22 02:20:00,14.23,68.44,986.16,2.73,0.0,0,Normal,0.233238358056233
2020-10-22 02:30:00,14.26,68.6,986.0,3.03,0.0,0,Normal,0.22581909778812442
2020-10-22 02:40:00,14.32,68.95,985.99,3.26,0.0,0,Normal,0.2221262619639423
2020-10-22 02:50:00,14.84,67.03,985.98,4.38,0.0,0,Normal,0.20396920719423145
2020-10-22 03:00:00,15.11,66.07,985.97,4.39,0.0,0,Normal,0.20529522011585227
2020-10-22 03:10:00,15.17,65.96,985.95,4.75,0.0,0,Normal,0.1945853803770271
2020-10-22 03:20:00,14.91,67.43,985.81,4.45,0.0,0,Normal,0.20245900837120395
2020-10-22 03:30:00,14.53,69.16,985.79,4.86,0.0,0,Normal,0.18717311981831763
2020-10-22 03:40:00,14.78,68.05,985.81,6.13,0.0,0,Normal,0.15918861253035543
2020-10-22 03:50:00,15.24,66.17,985.91,6.51,0.0,0,Normal,0.147929853633663
2020-10-22 04:00:00,15.53,65.04,985.94,5.94,0.0,0,Normal,0.16586296542629092
2020-10-22 04:10:00,15.5,65.19,985.99,5.78,0.0,0,Normal,0.16878679754332337
2020-10-22 04:20:00,15.33,65.96,986.12,5.31,0.0,0,Normal,0.17854972353020448
2020-10-22 04:30:00,15.21,66.49,986.32,4.16,0.0,0,Normal,0.20690918224195798
2020-10-22 04:40:00,15.06,67.21,986.46,2.76,0.0,0,Normal,0.23581123988014047
2020-10-22 04:50:00,14.88,68.29,986.5,1.62,0.0,0,Normal,0.2416818778437803
2020-10-22 05:00:00,14.39,70.47,986.47,1.93,0.0,0,Normal,0.24209864296501543
2020-10-22 05:10:00,14.57,69.56,986.55,2.49,0.0,0,Normal,0.23792720023181602
2020-10-22 05:20:00,14.61,69.66,986.68,2.51,0.0,0,Normal,0.2379265040668786
2020-10-22 05:30:00,14.66,69.55,986.82,1.87,0.0,0,Normal,0.24549410290413487
2020-10-22 05:40:00,14.55,70.3,986.88,2.09,0.0,0,Normal,0.24462898661812732
2020-10-22 05:50:00,14.53,70.13,986.88,2.75,0.0,0,Normal,0.23798584277436402
2020-10-22 06:00:00,14.62,69.89,986.94,2.19,0.0,0,Normal,0.2425626988762643
2020-10-22 06:10:00,14.55,70.37,986.93,3.3,0.0,0,Normal,0.2220923945487921
2020-10-22 06:20:00,14.53,70.33,987.03,3.41,0.0,0,Normal,0.22082298499702113
2020-10-22 06:30:00,14.49,70.67,987.07,3.52,0.0,0,Normal,0.21755963232144848
2020-10-22 06:40:00,14.42,71.08,987.16,3.37,0.0,0,Normal,0.21791735711089716
2020-10-22 06:50:00,14.35,71.7,987.26,3.23,0.0,0,Normal,0.22044136716329982
2020-10-22 07:00:00,14.45,71.21,987.31,2.73,0.0,0,Normal,0.23325787233458023
2020-10-22 07:10:00,14.53,71.1,987.38,2.82,0.0,0,Normal,0.23330614031347224
2020-10-22 07:20:00,14.31,72.16,987.43,2.88,0.0,0,Normal,0.23158230540163727
2020-10-22 07:30:00,14.21,72.95,987.59,2.39,0.0,0,Normal,0.23851569242776938
2020-10-22 07:40:00,13.86,74.48,987.81,2.54,0.0,0,Normal,0.23494162212356023
2020-10-22 07:50:00,13.85,74.58,987.94,2.57,0.0,0,Normal,0.2346345205352779
2020-10-22 08:00:00,14.11,73.81,987.98,3.04,0.0,0,Normal,0.22662275463608011
2020-10-22 08:10:00,14.7,71.97,988.1,3.39,0.0,0,Normal,0.2240570051813915
2020-10-22 08:20:00,15.11,70.62,988.26,3.77,0.0,0,Normal,0.21699361719147858
2020-10-22 08:30:00,15.31,69.47,988.46,3.6,0.0,0,Normal,0.21855977040866315
2020-10-22 08:40:00,15.36,69.35,988.67,2.72,0.0,0,Normal,0.23759839590780252
2020-10-22 08:50:00,15.43,68.73,988.77,3.2,0.0,0,Normal,0.22718442335402494
2020-10-22 09:00:00,15.58,68.56,988.86,3.43,0.0,0,Normal,0.22330096836447821
2020-10-22 09:10:00,15.86,67.97,988.92,3.08,0.0,0,Normal,0.22649935263462168
2020-10-22 09:20:00,15.92,67.54,988.93,3.95,0.0,0,Normal,0.2042814959998001
2020-10-22 09:30:00,15.93,68.85,988.96,3.94,0.0,0,Normal,0.20371733039745527
2020-10-22 09:40:00,16.18,69.07,989.14,4.15,0.0,0,Normal,0.19924017279578604
2020-10-22 09:50:00,16.5,67.66,989.08,4.26,0.0,0,Normal,0.19836326443206287
2020-10-22 10:00:00,16.56,67.7,989.1,2.7,0.0,0,Normal,0.23451988175088634
2020-10-22 10:10:00,16.82,66.68,989.06,2.82,0.0,0,Normal,0.23204546839314288
2020-10-22 10:20:00,16.99,66.19,989.01,2.02,0.0,0,Normal,0.2400312989164003
2020-10-22 10:30:00,17.44,65.06,988.99,2.44,0.0,0,Normal,0.23785580591532313
2020-10-22 10:40:00,17.94,63.39,989.05,2.29,0.0,0,Normal,0.23797527431098675
2020-10-22 10:50:00,18.17,62.32,989.09,3.36,0.0,0,Normal,0.2189578960064653
2020-10-22 11:00:00,18.31,61.9,989.22,3.97,0.0,0,Normal,0.2020818612768311
2020-10-22 11:10:00,18.62,60.58,989.23,3.94,0.0,0,Normal,0.20026592299306728
2020-10-22 11:20:00,18.74,59.9,989.15,5.09,0.0,0,Normal,0.17119748879851787
2020-10-22 11:30:00,18.76,59.67,988.98,5.42,0.0,0,Normal,0.16180546007193208
2020-10-22 11:40:00,18.91,59.71,988.93,6.09,0.0,0,Normal,0.14495589745820697
2020-10-22 11:50:00,19.0,59.74,988.81,5.67,0.0,0,Normal,0.15498543532108677
2020-10-22 12:00:00,19.0,60.03,988.73,5.7,0.0,0,Normal,0.1535511176422143
2020-10-22 12:10:00,19.11,59.75,988.61,5.13,0.0,0,Normal,0.16837951577745286
2020-10-22 12:20:00,19.03,60.07,988.6,5.11,0.0,0,Normal,0.16879840109899702
2020-10-22 12:30:00,18.96,60.1,988.44,4.84,0.0,0,Normal,0.17488604399521235
2020-10-22 12:40:00,19.07,59.92,988.36,4.65,0.0,0,Normal,0.1794981650977157
2020-10-22 12:50:00,19.12,59.71,988.29,4.34,0.0,0,Normal,0.190447854349661
2020-10-22 13:00:00,19.25,58.97,988.27,4.35,0.0,0,Normal,0.1875484146582838
2020-10-22 13:10:00,19.28,58.39,988.18,5.38,0.0,0,Normal,0.16043440720923124
2020-10-22 13:20:00,19.32,57.76,988.16,5.28,0.0,0,Normal,0.16264328709482856
2020-10-22 13:30:00,19.44,57.62,988.18,4.25,0.0,0,Normal,0.18766306275487743
2020-10-22 13:40:00,19.76,57.1,988.05,3.78,0.0,0,Normal,0.20301089474563427
2020-10-22 13:50:00,20.19,55.45,987.99,5.4,0.0,0,Normal,0.1521910540838987
2020-10-22 14:00:00,20.31,54.91,987.96,6.22,0.0,0,Normal,0.13327940537688326
2020-10-22 14:10:00,20.31,55.04,987.94,5.16,0.0,0,Normal,0.15664451282086428
2020-10-22 14:20:00,20.37,55.14,987.94,4.1,0.0,0,Normal,0.18321835866711506
2020-10-22 14:30:00,20.43,54.47,987.8,4.78,0.0,0,Normal,0.16608525925805567
2020-10-22 14:40:00,20.44,53.77,987.75,4.72,0.0,0,Normal,0.16951278769139622
2020-10-22 14:50:00,20.54,53.43,987.7,4.01,0.0,0,Normal,0.18504397638303693
2020-10-22 15:00:00,20.6,53.6,987.72,3.08,0.0,0,Normal,0.20854319572829172
2020-10-22 15:10:00,20.65,53.75,987.77,2.61,0.0,0,Normal,0.2156134232457103
2020-10-22 15:20:00,20.52,54.21,987.75,3.28,0.0,0,Normal,0.2041140397193391
2020-10-22 15:30:00,20.28,55.4,987.65,3.34,0.0,0,Normal,0.20343430325001305
2020-10-22 15:40:00,19.92,56.61,987.61,3.24,0.0,0,Normal,0.2122828428693494
2020-10-22 15:50:00,19.56,58.25,987.63,2.51,0.0,0,Normal,0.22462197757639918
2020-10-22 16:00:00,19.34,59.16,987.61,2.37,0.0,0,Normal,0.2254097786893452
2020-10-22 16:10:00,19.46,58.84,987.57,1.98,0.0,0,Normal,0.22531774281117906
2020-10-22 16:20:00,19.26,59.69,987.57,2.08,0.0,0,Normal,0.2299201040755805
2020-10-22 16:30:00,19.01,60.62,987.5,2.19,0.0,0,Normal,0.23154378561502986
2020-10-22 16:40:00,18.79,61.88,987.47,2.35,0.0,0,Normal,0.23116504271007787
2020-10-22 16:50:00,18.34,63.77,987.53,2.91,0.0,0,Normal,0.2284858289433055
2020-10-22 17:00:00,18.18,64.78,987.6,3.24,0.0,0,Normal,0.2221915652260381
2020-10-22 17:10:00,17.81,66.15,987.76,3.23,0.0,0,Normal,0.21876512279672788
2020-10-22 17:20:00,17.58,67.21,987.82,2.14,0.0,0,Normal,0.23616609023512947
2020-10-22 17:30:00,17.49,67.1,987.99,1.91,0.0,0,Normal,0.23494874506067953
2020-10-22 17:40:00,17.41,67.19,988.05,1.92,0.0,0,Normal,0.2362416284993893
2020-10-22 17:50:00,17.33,67.42,988.03,2.67,0.0,0,Normal,0.23319174025179357
2020-10-22 18:00:00,16.96,68.91,988.03,2.84,0.0,0,Normal,0.2286748344905124
2020-10-22 18:10:00,17.11,67.75,988.08,2.76,0.0,0,Normal,0.232759982852628
2020-10-22 18:20:00,17.13,67.76,987.98,2.67,0.0,0,Normal,0.23259317322958395
2020-10-22 18:30:00,16.8,69.66,987.89,2.29,0.0,0,Normal,0.23694774400791008
2020-10-22 18:40:00,16.77,69.46,988.02,3.41,0.0,0,Normal,0.2150714294985559
2020-10-22 18:50:00,16.59,70.47,988.03,3.68,0.0,0,Normal,0.2109617992210075
2020-10-22 19:00:00,16.67,70.41,987.99,2.71,0.0,0,Normal,0.23415118170333338
2020-10-22 19:10:00,16.43,72.17,988.16,2.87,0.0,0,Normal,0.23045803550953636
2020-10-22 19:20:00,16.07,74.19,988.09,3.25,0.0,0,Normal,0.21968630557227392
2020-10-22 19:30:00,15.46,77.5,987.91,3.82,0.0,0,Normal,0.2089910985417523
2020-10-22 19:40:00,15.61,76.23,987.84,3.35,0.0,0,Normal,0.21739604377963057
2020-10-22 19:50:00,16.05,74.02,987.63,3.08,0.0,0,Normal,0.22254657642363174
2020-10-22 20:00:00,15.95,74.68,987.54,3.5,0.0,0,Normal,0.21649858708298364
2020-10-22 20:10:00,16.06,73.62,987.49,3.21,0.0,0,Normal,0.2199834198779015
2020-10-22 20:20:00,16.16,73.17,987.61,3.32,0.0,0,Normal,0.2155862034704384
2020-10-22 20:30:00,15.93,74.72,987.56,3.14,0.0,0,Normal,0.22237231329034585
2020-10-22 20:40:00,15.35,77.9,987.5,2.63,0.0,0,Normal,0.2337750924411826
2020-10-22 20:50:00,15.2,78.37,987.63,2.79,0.0,0,Normal,0.2328509079375105
2020-10-22 21:00:00,15.26,78.01,987.71,2.27,0.0,0,Normal,0.2385065114035123
2020-10-22 21:10:00,15.3,77.67,987.77,1.92,0.0,0,Normal,0.24160171962085925
2020-10-22 21:20:00,15.39,76.9,987.77,2.24,0.0,0,Normal,0.23850504535960065
2020-10-22 21:30:00,15.83,73.94,987.8,2.79,0.0,0,Normal,0.23106522813552388
2020-10-22 21:40:00,16.18,72.15,987.85,2.43,0.0,0,Normal,0.23581008480070514
2020-10-22 21:50:00,16.38,71.29,987.87,1.36,0.0,0,Normal,0.24090989979787086
2020-10-22 22:00:00,16.36,71.74,987.79,1.68,0.0,0,Normal,0.24003210238484418
2020-10-22 22:10:00,16.34,72.59,987.72,1.51,0.0,0,Normal,0.2410536923728378
2020-10-22 22:20:00,16.45,72.06,987.75,1.31,0.0,0,Normal,0.2404753498184789
2020-10-22 22:30:00,16.54,72.0,987.78,1.01,0.0,0,Normal,0.23689356917682036
2020-10-22 22:40:00,16.62,72.08,987.89,1.13,0.0,0,Normal,0.23927588916595321
2020-10-22 22:50:00,16.65,72.03,988.08,0.45,0.0,0,Normal,0.22601087022434974
2020-10-22 23:00:00,16.93,71.42,988.09,1.19,0.0,0,Normal,0.23934137139286743
2020-10-22 23:10:00,16.85,72.0,988.11,1.81,0.0,0,Normal,0.23896152963234474
2020-10-22 23:20:00,16.77,72.69,988.08,2.28,0.0,0,Normal,0.2383817479441661
2020-10-22 23:30:00,16.69,73.61,987.96,2.67,0.0,0,Normal,0.2330649537016739
2020-10-22 23:40:00,16.79,73.15,987.84,4.16,0.0,0,Normal,0.19695703602362874
2020-10-22 23:50:00,16.78,73.18,987.91,4.62,0.0,0,Normal,0.18802580463688473
2020-10-23 00:00:00,16.61,74.17,987.84,4.62,0.0,0,Normal,0.18830766849732095
2020-10-23 00:10:00,16.39,75.3,987.7,3.68,0.0,0,Normal,0.21185280457367434
2020-10-23 00:20:00,16.29,75.67,987.7,2.76,0.0,0,Normal,0.23158511323958925
2020-10-23 00:30:00,16.24,75.89,987.68,2.96,0.0,0,Normal,0.22506605974256244
2020-10-23 00:40:00,16.22,75.93,987.54,2.66,0.0,0,Normal,0.23217616746360697
2020-10-23 00:50:00,16.16,76.29,987.42,2.03,0.0,0,Normal,0.23976685950965665
2020-10-23 01:00:00,16.01,76.96,987.34,2.51,0.0,0,Normal,0.23278854938565485
2020-10-23 01:10:00,15.75,78.53,987.43,2.12,0.0,0,Normal,0.23870703739356885
2020-10-23 01:20:00,15.65,78.85,987.41,3.41,0.0,0,Normal,0.21421226889113792
2020-10-23 01:30:00,15.79,78.34,987.37,3.45,0.0,0,Normal,0.21082111984121982
2020-10-23 01:40:00,15.78,78.42,987.38,4.18,0.0,0,Normal,0.19645556620274607
2020-10-23 01:50:00,15.85,78.29,987.42,3.93,0.0,0,Normal,0.19973123297445733
2020-10-23 02:00:00,15.89,78.2,987.44,2.72,0.0,0,Normal,0.2307966874926322
2020-10-23 02:10:00,15.93,78.04,987.23,2.34,0.0,0,Normal,0.23417910717782642
2020-10-23 02:20:00,15.88,78.37,987.13,2.34,0.0,0,Normal,0.23417910717782642
2020-10-23 02:30:00,15.94,78.22,987.19,1.96,0.0,0,Normal,0.24000985387687812
2020-10-23 02:40:00,15.75,79.47,987.18,1.21,0.0,0,Normal,0.23753648353023288
2020-10-23 02:50:00,15.46,81.1,987.18,1.11,0.0,0,Normal,0.23982480644954723
2020-10-23 03:00:00,15.3,82.1,987.26,1.9,0.0,0,Normal,0.23768576805260455
2020-10-23 03:10:00,15.14,83.4,987.31,1.53,0.0,0,Normal,0.2382444513319934
2020-10-23 03:20:00,15.12,83.5,987.37,1.21,0.0,0,Normal,0.24006536099009906
2020-10-23 03:30:00,15.08,83.8,987.35,0.57,0.0,0,Normal,0.2353838648025675
2020-10-23 03:40:00,15.02,84.3,987.29,0.77,0.0,0,Normal,0.23396410178057847
2020-10-23 03:50:00,14.99,84.3,987.26,1.1,0.0,0,Normal,0.2381184433218368
2020-10-23 04:00:00,14.98,84.2,987.18,1.13,0.0,0,Normal,0.23862215126175185
2020-10-23 04:10:00,14.91,84.8,987.18,0.6,0.0,0,Normal,0.23103150499846797
2020-10-23 04:20:00,14.84,85.4,987.18,1.02,0.0,0,Normal,0.23705796397157763
2020-10-23 04:30:00,14.79,85.7,987.18,1.0,0.0,0,Normal,0.2376427043556401
2020-10-23 04:40:00,14.73,86.2,987.18,1.36,0.0,0,Normal,0.23498876837484906
2020-10-23 04:50:00,14.68,86.6,987.11,1.44,0.0,0,Normal,0.2355393099147966
2020-10-23 05:00:00,14.49,87.7,987.03,1.89,0.0,0,Normal,0.23401992229035817
2020-10-23 05:10:00,14.36,88.6,987.04,1.45,0.0,0,Normal,0.23229599188638833
2020-10-23 05:20:00,14.41,88.3,986.98,2.3,0.0,0,Normal,0.22740121045344341
2020-10-23 05:30:00,14.62,86.9,986.94,2.28,0.0,0,Normal,0.22973312039141525
2020-10-23 05:40:00,14.81,85.7,986.95,2.23,0.0,0,Normal,0.23206903418632163
2020-10-23 05:50:00,14.88,85.3,986.83,1.96,0.0,0,Normal,0.23477248322414174
2020-10-23 06:00:00,14.94,85.2,986.77,1.77,0.0,0,Normal,0.23346582802587873
2020-10-23 06:10:00,15.03,84.8,986.75,1.89,0.0,0,Normal,0.23452971911751236
2020-10-23 06:20:00,15.08,84.6,986.71,2.04,0.0,0,Normal,0.232604067877568
2020-10-23 06:30:00,15.03,85.1,986.69,2.04,0.0,0,Normal,0.23169944549503113
2020-10-23 06:40:00,14.83,86.4,986.64,1.68,0.0,0,Normal,0.23514331718644266
2020-10-23 06:50:00,14.64,87.6,986.64,1.54,0.0,0,Normal,0.2331152926643651
2020-10-23 07:00:00,14.49,88.4,986.66,1.77,0.0,0,Normal,0.22997885779766347
2020-10-23 07:10:00,14.42,89.0,986.7,1.56,0.0,0,Normal,0.2303862302349664
2020-10-23 07:20:00,14.35,89.6,986.71,1.69,0.0,0,Normal,0.22979999063779405
2020-10-23 07:30:00,14.32,90.0,986.71,2.03,0.0,0,Normal,0.22576643673156072
2020-10-23 07:40:00,14.18,91.0,986.78,2.09,0.0,0,Normal,0.22346886321992765
2020-10-23 07:50:00,14.2,90.7,986.83,1.51,0.0,0,Normal,0.228939480524241
2020-10-23 08:00:00,14.59,88.6,986.81,1.84,0.0,0,Normal,0.23209892877958493
2020-10-23 08:10:00,14.52,89.5,986.82,1.29,0.0,0,Normal,0.2316790540919031
2020-10-23 08:20:00,14.35,90.8,986.88,0.87,0.0,0,Normal,0.22918935288797793
2020-10-23 08:30:00,14.3,91.4,986.97,1.19,0.0,0,Normal,0.2274136094803627
2020-10-23 08:40:00,14.3,91.9,987.01,1.69,0.0,0,Normal,0.22566955137904976
2020-10-23 08:50:00,14.36,91.9,987.04,1.89,0.0,0,Normal,0.22456499679387748
2020-10-23 09:00:00,14.41,92.1,986.93,1.96,0.0,0,Normal,0.22343408433969814
2020-10-23 09:10:00,14.41,92.7,986.91,1.37,0.0,0,Normal,0.22589472941492256
2020-10-23 09:20:00,14.58,92.3,986.78,1.35,0.0,0,Normal,0.2233300922006759
2020-10-23 09:30:00,14.78,91.7,986.66,1.69,0.0,0,Normal,0.22450033213211257
2020-10-23 09:40:00,14.99,90.7,986.54,2.68,0.0,0,Normal,0.21227071018842664
2020-10-23 09:50:00,15.11,90.2,986.59,2.25,0.0,0,Normal,0.22011781255731933
2020-10-23 10:00:00,15.14,90.3,986.6,2.51,0.0,0,Normal,0.21789882944001393
2020-10-23 10:10:00,15.06,90.8,986.6,2.82,0.0,0,Normal,0.20841996997009066
2020-10-23 10:20:00,15.09,91.0,986.63,2.57,0.0,0,Normal,0.21299145076215187
2020-10-23 10:30:00,15.28,90.1,986.57,1.85,0.0,0,Normal,0.22571707548382752
2020-10-23 10:40:00,15.49,89.4,986.49,1.78,0.0,0,Normal,0.22654392080161523
2020-10-23 10:50:00,15.57,88.6,986.41,1.96,0.0,0,Normal,0.228044971757488
2020-10-23 11:00:00,15.65,88.6,986.37,1.77,0.0,0,Normal,0.22605277088704018
2020-10-23 11:10:00,15.86,88.0,986.42,1.36,0.0,0,Normal,0.2274725302916331
2020-10-23 11:20:00,15.95,87.6,986.39,1.22,0.0,0,Normal,0.22987688054084593
2020-10-23 11:30:00,16.08,83.5,986.34,3.59,0.0,0,Normal,0.20270939016796746
2020-10-23 11:40:00,16.16,82.2,986.26,3.11,0.0,0,Normal,0.20970220801818118
2020-10-23 11:50:00,16.19,80.6,986.18,3.24,0.0,0,Normal,0.20973744933477056
2020-10-23 12:00:00,16.18,79.76,986.09,4.37,0.0,0,Normal,0.1851954871517844
2020-10-23 12:10:00,16.18,79.67,985.96,3.77,0.0,0,Normal,0.20070854996975862
2020-10-23 12:20:00,16.31,78.88,985.9,3.78,0.0,0,Normal,0.2036028556349352
2020-10-23 12:30:00,16.63,76.68,985.8,4.88,0.0,0,Normal,0.17750711326660812
2020-10-23 12:40:00,16.8,75.9,985.71,3.84,0.0,0,Normal,0.20441261634230762
2020-10-23 12:50:00,16.85,75.03,985.63,3.83,0.0,0,Normal,0.2058219629533713
2020-10-23 13:00:00,16.79,74.86,985.41,4.4,0.0,0,Normal,0.19557691227570367
2020-10-23 13:10:00,16.72,75.12,985.21,4.41,0.0,0,Normal,0.19461323955165694
2020-10-23 13:20:00,16.68,75.03,985.12,3.91,0.0,0,Normal,0.20197037371060744
2020-10-23 13:30:00,16.64,75.41,985.23,3.42,0.0,0,Normal,0.21516715249489188
2020-10-23 13:40:00,16.54,76.02,985.33,4.53,0.0,0,Normal,0.1881832100434629
2020-10-23 13:50:00,16.45,76.85,985.19,3.66,0.0,0,Normal,0.20654971219359025
2020-10-23 14:00:00,16.51,77.34,985.06,2.67,0.0,0,Normal,0.22678513669451256
2020-10-23 14:10:00,16.54,77.65,984.94,2.6,0.0,0,Normal,0.22610092018499622
2020-10-23 14:20:00,16.5,77.63,984.92,3.09,0.0,0,Normal,0.21671198393486124
2020-10-23 14:30:00,16.48,77.61,984.87,3.38,0.0,0,Normal,0.2126685367355598
2020-10-23 14:40:00,16.46,77.37,984.78,4.15,0.0,0,Normal,0.1927903853569225
2020-10-23 14:50:00,16.46,77.32,984.77,3.77,0.0,0,Normal,0.20286861470636186
2020-10-23 15:00:00,16.44,77.43,984.63,3.62,0.0,0,Normal,0.20560908310014975
2020-10-23 15:10:00,16.4,77.73,984.64,3.71,0.0,0,Normal,0.20358380401743875
2020-10-23 15:20:00,16.31,78.36,984.61,4.36,0.0,0,Normal,0.18868345603586067
2020-10-23 15:30:00,16.21,79.03,984.66,4.55,0.0,0,Normal,0.17953687703958987
2020-10-23 15:40:00,16.12,79.65,984.77,4.24,0.0,0,Normal,0.18650617147617654
2020-10-23 15:50:00,16.02,79.96,984.56,4.57,0.0,0,Normal,0.17873470507304318
2020-10-23 16:00:00,15.95,80.5,984.63,3.67,0.0,0,Normal,0.2009141373109929
2020-10-23 16:10:00,15.9,80.9,984.73,3.22,0.0,0,Normal,0.20892479457633095
2020-10-23 16:20:00,15.85,81.2,984.65,2.99,0.0,0,Normal,0.21294014305705244
2020-10-23 16:30:00,15.77,81.9,984.6,2.3,0.0,0,Normal,0.22679541171994044
2020-10-23 16:40:00,15.71,82.1,984.56,2.71,0.0,0,Normal,0.22331062324817674
2020-10-23 16:50:00,15.66,82.5,984.57,2.38,0.0,0,Normal,0.22615252909836753
2020-10-23 17:00:00,15.59,83.0,984.55,1.84,0.0,0,Normal,0.23538303223660184
2020-10-23 17:10:00,15.49,83.5,984.53,1.96,0.0,0,Normal,0.23505201884074872
2020-10-23 17:20:00,15.5,83.1,984.5,2.41,0.0,0,Normal,0.22923391540285265
2020-10-23 17:30:00,15.47,83.2,984.55,2.56,0.0,0,Normal,0.2249784050591938
2020-10-23 17:40:00,15.42,83.5,984.75,2.44,0.0,0,Normal,0.22922547602183763
2020-10-23 17:50:00,15.37,83.6,984.85,2.08,0.0,0,Normal,0.23336821201652197
2020-10-23 18:00:00,15.31,83.8,984.85,2.07,0.0,0,Normal,0.23359937207594195
2020-10-23 18:10:00,15.3,83.7,984.9,3.21,0.0,0,Normal,0.21442459695809912
2020-10-23 18:20:00,15.21,84.5,984.86,3.67,0.0,0,Normal,0.2005056676413678
2020-10-23 18:30:00,15.15,84.9,984.88,2.78,0.0,0,Normal,0.22350819722462034
2020-10-23 18:40:00,15.01,86.1,984.91,3.47,0.0,0,Normal,0.20544123170983275
2020-10-23 18:50:00,14.92,86.8,985.08,1.81,0.0,0,Normal,0.22953413164707986
2020-10-23 19:00:00,14.85,87.2,985.17,1.25,0.0,0,Normal,0.23195599591538085
2020-10-23 19:10:00,14.85,87.5,985.26,0.94,0.0,0,Normal,0.23011183717022193
2020-10-23 19:20:00,14.71,88.8,985.36,1.1,0.0,0,Normal,0.2297679184688587
2020-10-23 19:30:00,14.53,90.2,985.45,0.46,0.0,0,Normal,0.21554783579966452
2020-10-23 19:40:00,14.47,90.9,985.3,0.54,0.0,0,Normal,0.21673291246829973
2020-10-23 19:50:00,14.37,91.5,985.21,1.3,0.1,0,Normal,0.15049735704629008
2020-10-23 20:00:00,14.35,91.4,985.24,1.69,0.0,0,Normal,0.22417981317906577
2020-10-23 20:10:00,14.31,91.7,985.14,1.26,0.0,0,Normal,0.2243469170537447
2020-10-23 20:20:00,14.17,92.7,985.31,0.99,0.0,0,Normal,0.22614277517117753
2020-10-23 20:30:00,14.11,92.5,985.44,1.17,0.0,0,Normal,0.2251296438003132
2020-10-23 20:40:00,14.13,92.0,985.46,1.35,0.0,0,Normal,0.2241655163600904
2020-10-23 20:50:00,14.11,91.7,985.47,0.8,0.0,0,Normal,0.22253402255512594
2020-10-23 21:00:00,14.09,91.6,985.52,0.79,0.0,0,Normal,0.22091881608399355
2020-10-23 21:10:00,13.93,93.2,985.7,1.32,0.0,0,Normal,0.2238962526399768
2020-10-23 21:20:00,13.75,94.2,985.9,1.71,0.0,0,Normal,0.21980806259079716
2020-10-23 21:30:00,13.82,92.9,985.94,1.47,0.0,0,Normal,0.2256531544483864
2020-10-23 21:40:00,13.75,93.2,986.02,1.04,0.0,0,Normal,0.22478766641168824
2020-10-23 21:50:00,13.61,93.4,986.15,1.25,0.0,0,Normal,0.22387527360091597
2020-10-23 22:00:00,13.58,93.5,986.18,0.91,0.0,0,Normal,0.22217033092903243
2020-10-23 22:10:00,13.56,93.1,986.05,0.36,0.0,0,Normal,0.19983329961324886
2020-10-23 22:20:00,13.63,92.6,985.95,0.31,0.0,0,Normal,0.1943169046022596
2020-10-23 22:30:00,13.54,93.3,985.98,0.65,0.0,0,Normal,0.2196192261121273
2020-10-23 22:40:00,13.43,93.6,986.18,1.36,0.0,0,Normal,0.22229233849828306
2020-10-23 22:50:00,13.24,93.4,986.25,1.72,0.0,0,Normal,0.2219573800374116
2020-10-23 23:00:00,13.15,92.7,986.25,1.67,0.0,0,Normal,0.22364131758141187
2020-10-23 23:10:00,13.02,93.3,986.23,1.03,0.0,0,Normal,0.22432407446674069
2020-10-23 23:20:00,13.09,92.3,986.26,0.75,0.0,0,Normal,0.21922303018993217
2020-10-23 23:30:00,13.06,92.4,986.35,0.47,0.0,0,Normal,0.212716407392883
2020-10-23 23:40:00,13.03,92.7,986.45,0.54,0.0,0,Normal,0.21727330728166677
2020-10-23 23:50:00,13.01,92.8,986.44,0.8,0.0,0,Normal,0.22301394899359078
2020-10-24 00:00:00,13.17,92.4,986.48,0.88,0.0,0,Normal,0.2217769308933864
2020-10-24 00:10:00,13.31,91.6,986.55,0.71,0.0,0,Normal,0.22004471786086294
2020-10-24 00:20:00,13.62,89.4,986.68,0.8,0.0,0,Normal,0.22985538932783361
2020-10-24 00:30:00,13.84,88.3,986.7,0.44,0.0,0,Normal,0.21999135234160172
2020-10-24 00:40:00,13.88,87.8,986.74,1.0,0.0,0,Normal,0.23448433821136827
2020-10-24 00:50:00,13.86,88.2,986.71,0.87,0.0,0,Normal,0.23172729018648625
2020-10-24 01:00:00,13.71,88.9,986.75,0.54,0.0,0,Normal,0.22189382558152226
2020-10-24 01:10:00,13.63,89.5,986.72,0.54,0.0,0,Normal,0.22139511577365928
2020-10-24 01:20:00,13.34,91.4,986.72,0.8,0.0,0,Normal,0.22396224282128152
2020-10-24 01:30:00,13.04,92.8,986.7,1.0,0.0,0,Normal,0.22644324489629925
2020-10-24 01:40:00,12.93,93.1,986.72,0.5,0.0,0,Normal,0.21524632243684322
2020-10-24 01:50:00,13.11,91.7,986.79,0.49,0.0,0,Normal,0.21420670340768772
2020-10-24 02:00:00,13.32,90.0,986.99,0.93,0.0,0,Normal,0.23022630474582467
2020-10-24 02:10:00,13.39,89.3,987.03,0.41,0.0,0,Normal,0.21591304086197266
2020-10-24 02:20:00,13.12,90.9,986.98,0.38,0.0,0,Normal,0.2092986438791285
2020-10-24 02:30:00,12.57,94.0,986.99,0.52,0.0,0,Normal,0.21835870035122734
2020-10-24 02:40:00,12.08,96.6,987.09,0.51,0.0,0,Normal,0.20745411167541672
2020-10-24 02:50:00,12.0,97.4,987.12,0.69,0.0,0,Normal,0.2085638906893259
2020-10-24 03:00:00,12.34,93.9,987.18,1.13,0.0,0,Normal,0.22694237927927552
2020-10-24 03:10:00,12.29,93.7,987.25,1.46,0.0,0,Normal,0.2256690178099286
2020-10-24 03:20:00,12.27,93.3,987.34,1.45,0.0,0,Normal,0.22594748353611294
2020-10-24 03:30:00,12.22,93.3,987.43,1.49,0.0,0,Normal,0.22566128923485068
2020-10-24 03:40:00,11.83,95.6,987.55,1.02,0.0,0,Normal,0.22174780478952183
2020-10-24 03:50:00,11.59,96.7,987.65,1.44,0.0,0,Normal,0.21616941973296078
2020-10-24 04:00:00,11.71,95.3,987.67,2.24,0.0,0,Normal,0.21549229463541264
2020-10-24 04:10:00,11.38,96.4,987.63,1.4,0.0,0,Normal,0.2183964929931254
2020-10-24 04:20:00,11.2,97.4,987.6,1.69,0.0,0,Normal,0.21189809484611305
2020-10-24 04:30:00,11.42,96.2,987.67,1.65,0.0,0,Normal,0.21963881516724926
2020-10-24 04:40:00,11.21,96.7,987.68,2.63,0.0,0,Normal,0.20335819281743645
2020-10-24 04:50:00,11.13,96.9,987.86,1.88,0.0,0,Normal,0.21201264241164536
2020-10-24 05:00:00,11.1,96.1,987.94,1.77,0.0,0,Normal,0.21933950714445105
2020-10-24 05:10:00,10.72,96.8,987.97,1.42,0.0,0,Normal,0.21561113208897414
2020-10-24 05:20:00,10.32,98.6,988.0,0.85,0.0,0,Normal,0.209417449412167
2020-10-24 05:30:00,10.37,98.2,988.03,2.31,0.0,0,Normal,0.20114474623078826
2020-10-24 05:40:00,10.71,95.3,988.08,2.71,0.0,0,Normal,0.20990345718748254
2020-10-24 05:50:00,10.6,94.6,988.17,1.76,0.0,0,Normal,0.22344242989381485
2020-10-24 06:00:00,9.78,99.5,988.27,1.62,0.0,0,Normal,0.2031507494992496
2020-10-24 06:10:00,9.21,100.0,988.25,1.21,0.0,0,Normal,0.1985794535686658
2020-10-24 06:20:00,9.22,100.0,988.28,1.0,0.0,0,Normal,0.1998249434328952
2020-10-24 06:30:00,9.45,100.0,988.26,0.97,0.0,0,Normal,0.20029816233763947
2020-10-24 06:40:00,9.4,100.0,988.31,1.11,0.0,0,Normal,0.19871587518487516
2020-10-24 06:50:00,9.27,100.0,988.38,0.74,0.0,0,Normal,0.19686381041532447
2020-10-24 07:00:00,8.98,100.0,988.45,1.17,0.0,0,Normal,0.19985461843866686
2020-10-24 07:10:00,8.96,100.0,988.5,1.13,0.0,0,Normal,0.19976046888175092
2020-10-24 07:20:00,8.67,100.0,988.56,1.03,0.0,0,Normal,0.19927424736490829
2020-10-24 07:30:00,8.32,100.0,988.7,0.97,0.0,0,Normal,0.20188411775046095
2020-10-24 07:40:00,8.39,100.0,988.8,0.45,0.0,0,Normal,0.19202661995546455
2020-10-24 07:50:00,8.62,100.0,988.97,0.67,0.0,0,Normal,0.19645973483073054
2020-10-24 08:00:00,8.9,100.0,989.08,0.88,0.0,0,Normal,0.19925870225058523
2020-10-24 08:10:00,9.43,100.0,989.11,0.63,0.0,0,Normal,0.19541453994846453
2020-10-24 08:20:00,10.13,98.7,989.21,0.84,0.0,0,Normal,0.20955514426118466
2020-10-24 08:30:00,10.5,95.7,989.22,0.99,0.0,0,Normal,0.22263885685117268
2020-10-24 08:40:00,11.04,93.6,989.29,0.95,0.0,0,Normal,0.22804746810358756
2020-10-24 08:50:00,11.49,92.3,989.3,1.13,0.0,0,Normal,0.22902664188134086
2020-10-24 09:00:00,11.82,91.4,989.27,0.91,0.0,0,Normal,0.23044176407445827
2020-10-24 09:10:00,11.78,92.6,989.23,1.02,0.0,0,Normal,0.23099000023103378
2020-10-24 09:20:00,12.47,89.2,989.31,1.26,0.0,0,Normal,0.23671650181403292
2020-10-24 09:30:00,12.93,87.2,989.37,1.06,0.0,0,Normal,0.24060343424261948
2020-10-24 09:40:00,13.43,85.4,989.38,1.49,0.0,0,Normal,0.24177356782118403
2020-10-24 09:50:00,14.14,79.75,989.47,3.15,0.0,0,Normal,0.22144268415651103
2020-10-24 10:00:00,14.71,74.86,989.43,5.71,0.0,0,Normal,0.16905119113732753
2020-10-24 10:10:00,14.91,73.59,989.44,5.46,0.0,0,Normal,0.17555107549627058
2020-10-24 10:20:00,15.17,72.97,989.45,4.46,0.0,0,Normal,0.2044618509625159
2020-10-24 10:30:00,15.11,72.83,989.5,4.2,0.0,0,Normal,0.2093893475149755
2020-10-24 10:40:00,15.08,72.12,989.58,4.45,0.0,0,Normal,0.2051518674545676
2020-10-24 10:50:00,15.28,71.02,989.52,4.11,0.0,0,Normal,0.2073942593236966
2020-10-24 11:00:00,15.53,69.75,989.54,3.7,0.0,0,Normal,0.21678341565561016
2020-10-24 11:10:00,15.6,68.7,989.48,5.36,0.0,0,Normal,0.17512336967491648
2020-10-24 11:20:00,15.45,68.77,989.36,5.95,0.0,0,Normal,0.16017204047873257
2020-10-24 11:30:00,15.71,67.53,989.28,5.66,0.0,0,Normal,0.1662735851463753
2020-10-24 11:40:00,15.67,67.1,989.28,5.66,0.0,0,Normal,0.1668662555825225
2020-10-24 11:50:00,15.7,67.81,989.18,6.24,0.0,0,Normal,0.14996772632679223
2020-10-24 12:00:00,15.46,68.85,989.04,7.31,0.0,0,Normal,0.11828422318006693
2020-10-24 12:10:00,15.5,69.0,989.07,6.07,0.0,0,Normal,0.1568451365761625
2020-10-24 12:20:00,15.63,68.66,989.05,7.67,0.0,0,Normal,0.10813928487324043
2020-10-24 12:30:00,15.63,68.57,989.06,5.67,0.0,0,Normal,0.16669739887137713
2020-10-24 12:40:00,15.57,67.96,989.02,6.94,0.0,0,Normal,0.12876929579747748
2020-10-24 12:50:00,15.77,67.97,989.09,5.89,0.0,0,Normal,0.15772749426201554
2020-10-24 13:00:00,15.83,67.77,989.08,5.1,0.0,0,Normal,0.18024408037054251
2020-10-24 13:10:00,15.67,68.34,989.06,5.44,0.0,0,Normal,0.17008270244798124
2020-10-24 13:20:00,15.63,67.64,989.02,4.56,0.0,0,Normal,0.19791038699572078
2020-10-24 13:30:00,15.79,65.93,988.96,4.2,0.0,0,Normal,0.20502455064594988
2020-10-24 13:40:00,15.99,63.42,988.88,6.33,0.0,0,Normal,0.14817045683055458
2020-10-24 13:50:00,15.85,63.45,988.77,6.11,0.0,0,Normal,0.15714070948311393
2020-10-24 14:00:00,15.82,63.03,988.72,5.79,0.0,0,Normal,0.16330127288288931
2020-10-24 14:10:00,16.25,61.58,988.59,5.56,0.0,0,Normal,0.1669588539515171
2020-10-24 14:20:00,16.23,61.52,988.54,5.58,0.0,0,Normal,0.1661342876896894
2020-10-24 14:30:00,16.4,61.7,988.5,4.7,0.0,0,Normal,0.18923041743284602
2020-10-24 14:40:00,16.43,62.42,988.45,4.91,0.0,0,Normal,0.18293418963968544
2020-10-24 14:50:00,16.47,62.72,988.41,6.51,0.0,0,Normal,0.14124990723921033
2020-10-24 15:00:00,16.3,63.51,988.4,5.75,0.0,0,Normal,0.16231120962598067
2020-10-24 15:10:00,16.23,64.17,988.33,5.8,0.0,0,Normal,0.16161001885002413
2020-10-24 15:20:00,16.14,64.25,988.23,5.73,0.0,0,Normal,0.16539464087103573
2020-10-24 15:30:00,16.07,64.04,988.2,6.37,0.0,0,Normal,0.14707610853572695
2020-10-24 15:40:00,15.97,64.41,988.13,5.89,0.0,0,Normal,0.16138125574473355
2020-10-24 15:50:00,15.77,65.27,987.93,7.11,0.0,0,Normal,0.12233321165776967
2020-10-24 16:00:00,15.65,66.26,987.85,6.0,0.0,0,Normal,0.16033853140288684
2020-10-24 16:10:00,15.54,66.59,987.78,5.9,0.0,0,Normal,0.162978550880308
2020-10-24 16:20:00,15.38,66.84,987.73,5.85,0.0,0,Normal,0.16350331089615205
2020-10-24 16:30:00,15.18,67.9,987.77,5.07,0.0,0,Normal,0.18356061488500697
2020-10-24 16:40:00,15.01,69.16,987.88,3.85,0.0,0,Normal,0.20929651775974106
2020-10-24 16:50:00,14.96,69.83,987.92,3.45,0.0,0,Normal,0.2197537676567301
2020-10-24 17:00:00,14.97,69.68,987.95,4.66,0.0,0,Normal,0.1958602041032767
2020-10-24 17:10:00,15.01,69.3,987.98,3.55,0.0,0,Normal,0.21823374144420954
2020-10-24 17:20:00,14.88,69.75,988.05,2.55,0.0,0,Normal,0.2378727383013387
2020-10-24 17:30:00,14.73,69.68,988.15,3.72,0.0,0,Normal,0.21784803509643946
2020-10-24 17:40:00,14.57,70.24,988.22,3.68,0.0,0,Normal,0.21787873664051516
2020-10-24 17:50:00,14.3,71.53,988.21,2.51,0.0,0,Normal,0.23771924343918732
2020-10-24 18:00:00,14.05,72.77,988.09,2.88,0.0,0,Normal,0.23344428914536014
2020-10-24 18:10:00,13.84,73.9,988.07,3.59,0.0,0,Normal,0.21786218057257878
2020-10-24 18:20:00,13.6,75.31,988.06,4.38,0.0,0,Normal,0.20645516147107368
2020-10-24 18:30:00,13.22,77.23,988.1,3.4,0.0,0,Normal,0.22200635005524855
2020-10-24 18:40:00,13.19,77.15,988.1,3.95,0.0,0,Normal,0.20968216861197042
2020-10-24 18:50:00,13.39,76.08,988.09,4.33,0.0,0,Normal,0.20623602500078536
2020-10-24 19:00:00,13.52,75.8,988.09,4.03,0.0,0,Normal,0.20807633309910323
2020-10-24 19:10:00,13.48,76.39,988.29,3.01,0.0,0,Normal,0.22925818334385084
2020-10-24 19:20:00,13.38,76.88,988.33,2.32,0.0,0,Normal,0.23975529490521424
2020-10-24 19:30:00,13.22,77.67,988.27,2.5,0.0,0,Normal,0.23783412797261488
2020-10-24 19:40:00,13.21,77.52,988.25,2.76,0.0,0,Normal,0.23452126069852092
2020-10-24 19:50:00,13.12,78.19,988.21,3.18,0.0,0,Normal,0.2244187012983196
2020-10-24 20:00:00,13.02,78.64,988.18,3.45,0.0,0,Normal,0.21741651974897558
2020-10-24 20:10:00,13.11,78.17,988.18,2.97,0.0,0,Normal,0.22853442966538035
2020-10-24 20:20:00,13.31,77.03,988.12,2.99,0.0,0,Normal,0.2275949428562919
2020-10-24 20:30:00,13.19,77.87,988.09,3.25,0.0,0,Normal,0.22242463312553812
2020-10-24 20:40:00,13.07,78.39,988.07,2.34,0.0,0,Normal,0.23718395546225096
2020-10-24 20:50:00,13.33,76.71,988.09,2.19,0.0,0,Normal,0.24002435868706212
2020-10-24 21:00:00,13.44,76.31,988.07,2.4,0.0,0,Normal,0.2375786830859981
2020-10-24 21:10:00,13.36,76.84,988.01,2.3,0.0,0,Normal,0.23877887364747225
2020-10-24 21:20:00,13.12,78.05,987.98,2.15,0.0,0,Normal,0.23901528797930044
2020-10-24 21:30:00,12.91,79.0,988.05,1.79,0.0,0,Normal,0.238891232190653
2020-10-24 21:40:00,12.83,79.13,988.01,1.98,0.0,0,Normal,0.24050932595443775
2020-10-24 21:50:00,12.9,78.3,987.98,2.32,0.0,0,Normal,0.23819657923777232
2020-10-24 22:00:00,12.94,77.45,987.96,2.59,0.0,0,Normal,0.23399011910824846
2020-10-24 22:10:00,12.93,77.1,987.86,2.61,0.0,0,Normal,0.23369381049482224
2020-10-24 22:20:00,12.84,77.1,987.83,3.09,0.0,0,Normal,0.22586553826072647
2020-10-24 22:30:00,12.77,77.09,987.84,3.04,0.0,0,Normal,0.22735251185259875
2020-10-24 22:40:00,12.57,77.4,987.79,3.29,0.0,0,Normal,0.2215531002811182
2020-10-24 22:50:00,12.47,77.03,987.71,3.13,0.0,0,Normal,0.22814467025294233
2020-10-24 23:00:00,12.48,76.55,987.56,3.25,0.0,0,Normal,0.22579306572832558
2020-10-24 23:10:00,12.06,78.58,987.49,3.27,0.0,0,Normal,0.22535958360732916
2020-10-24 23:20:00,11.45,82.7,987.42,3.09,0.0,0,Normal,0.22488681921471643
2020-10-24 23:30:00,11.38,83.5,987.35,3.42,0.0,0,Normal,0.21876592110500098
2020-10-24 23:40:00,11.17,84.6,987.31,2.93,0.0,0,Normal,0.22600892054191946
2020-10-24 23:50:00,10.98,85.5,987.27,2.81,0.0,0,Normal,0.22690815511923795
2020-10-25 00:00:00,10.9,85.9,987.28,2.88,0.0,0,Normal,0.22545306559345113
2020-10-25 00:10:00,10.74,86.7,987.18,2.54,0.0,0,Normal,0.2300848559004161
2020-10-25 00:20:00,10.73,86.9,987.05,2.36,0.0,0,Normal,0.2317937386034848
2020-10-25 00:30:00,10.91,86.1,986.98,1.68,0.0,0,Normal,0.23937839602095673
2020-10-25 00:40:00,10.84,86.5,986.81,1.39,0.0,0,Normal,0.23865325894786704
2020-10-25 00:50:00,10.85,86.7,986.65,1.67,0.0,0,Normal,0.2387341327398419
2020-10-25 01:00:00,10.98,86.2,986.49,1.82,0.0,0,Normal,0.2378242120577907
2020-10-25 01:10:00,11.05,86.2,986.43,1.4,0.0,0,Normal,0.23720648959484536
2020-10-25 01:20:00,11.03,85.9,986.3,2.27,0.0,0,Normal,0.23259044138955492
2020-10-25 01:30:00,11.21,85.4,986.16,2.46,0.0,0,Normal,0.23139984258194551
2020-10-25 01:40:00,11.5,83.4,986.16,1.83,0.0,0,Normal,0.24069258655757553
2020-10-25 01:50:00,11.62,82.9,986.08,2.59,0.0,0,Normal,0.23182477795692785
2020-10-25 02:00:00,11.43,83.8,986.02,3.77,0.0,0,Normal,0.20981497098730517
2020-10-25 02:10:00,11.4,83.9,986.03,2.8,0.0,0,Normal,0.22859797407804044
2020-10-25 02:20:00,11.47,83.8,985.94,1.96,0.0,0,Normal,0.24147920222905478
2020-10-25 02:30:00,11.35,84.7,985.93,2.18,0.0,0,Normal,0.23499896050928853
2020-10-25 02:40:00,11.36,84.7,985.81,2.03,0.0,0,Normal,0.23633887534282183
2020-10-25 02:50:00,11.24,85.4,985.75,1.72,0.0,0,Normal,0.23771504782242903
2020-10-25 03:00:00,11.09,86.2,985.59,2.02,0.0,0,Normal,0.23483109044309353
2020-10-25 03:10:00,10.91,87.1,985.44,2.21,0.0,0,Normal,0.23112259145942088
2020-10-25 03:20:00,10.79,87.7,985.35,2.0,0.0,0,Normal,0.23297010187254424
2020-10-25 03:30:00,10.63,88.4,985.3,1.19,0.0,0,Normal,0.2315710945044392
2020-10-25 03:40:00,10.53,88.8,985.31,1.05,0.0,0,Normal,0.23177703098084013
2020-10-25 03:50:00,10.35,89.7,985.26,1.93,0.0,0,Normal,0.2293162393681002
2020-10-25 04:00:00,10.1,90.7,985.09,2.71,0.0,0,Normal,0.21520994130045368
2020-10-25 04:10:00,9.87,91.4,985.01,2.86,0.0,0,Normal,0.2051171960051018
2020-10-25 04:20:00,9.88,91.5,985.02,2.14,0.0,0,Normal,0.22097024870491966
2020-10-25 04:30:00,9.8,91.8,984.96,2.37,0.0,0,Normal,0.21391428174524535
2020-10-25 04:40:00,9.81,91.5,984.88,2.32,0.0,0,Normal,0.2159745300783421
2020-10-25 04:50:00,9.87,91.2,984.88,2.11,0.0,0,Normal,0.22188152136282957
2020-10-25 05:00:00,9.9,90.9,984.85,2.04,0.0,0,Normal,0.22093115380412504
2020-10-25 05:10:00,10.09,89.5,984.83,1.66,0.0,0,Normal,0.22923977553353847
2020-10-25 05:20:00,10.04,89.5,984.8,1.5,0.0,0,Normal,0.2293419016027367
2020-10-25 05:30:00,9.71,91.0,984.69,1.71,0.0,0,Normal,0.2202215338910068
2020-10-25 05:40:00,9.47,92.1,984.67,1.2,0.0,0,Normal,0.21684882499280422
2020-10-25 05:50:00,9.47,92.2,984.77,1.8,0.0,0,Normal,0.2180903020903548
2020-10-25 06:00:00,9.44,92.1,984.66,2.56,0.0,0,Normal,0.20787964664462988
2020-10-25 06:10:00,9.5,91.5,984.67,3.15,0.0,0,Normal,0.19583913309698292
2020-10-25 06:20:00,9.69,90.0,984.68,3.14,0.0,0,Normal,0.20191576003841916
2020-10-25 06:30:00,9.93,88.2,984.72,2.63,0.0,0,Normal,0.21942579921540256
2020-10-25 06:40:00,10.02,87.6,984.51,2.54,0.0,0,Normal,0.22432815775867354
2020-10-25 06:50:00,9.77,88.7,984.41,2.81,0.0,0,Normal,0.21397026574075967
2020-10-25 07:00:00,9.99,87.5,984.37,2.66,0.0,0,Normal,0.22181323810039466
2020-10-25 07:10:00,10.18,86.4,984.42,2.91,0.0,0,Normal,0.2188745811878749
2020-10-25 07:20:00,10.35,85.5,984.54,3.29,0.0,0,Normal,0.21028885700989808
2020-10-25 07:30:00,10.35,85.4,984.54,3.56,0.0,0,Normal,0.2061924071846541
2020-10-25 07:40:00,10.21,86.2,984.45,3.01,0.0,0,Normal,0.21379547091657247
2020-10-25 07:50:00,9.86,88.0,984.37,2.43,0.0,0,Normal,0.22201216194999113
2020-10-25 08:00:00,10.25,86.5,984.34,2.77,0.0,0,Normal,0.22296852717709448
2020-10-25 08:10:00,10.51,85.7,984.07,3.92,0.0,0,Normal,0.19430644199359526
2020-10-25 08:20:00,10.75,85.5,983.93,3.79,0.0,0,Normal,0.20063631707673563
2020-10-25 08:30:00,11.01,84.7,983.69,4.79,0.0,0,Normal,0.17756284720149346
2020-10-25 08:40:00,11.23,83.6,983.48,6.41,0.0,0,Normal,0.13909633015269762
2020-10-25 08:50:00,11.31,83.7,983.4,5.45,0.0,0,Normal,0.1647226253818927
2020-10-25 09:00:00,11.43,83.2,983.27,5.65,0.0,0,Normal,0.15995504802429494
2020-10-25 09:10:00,11.93,80.8,983.17,5.7,0.0,0,Normal,0.1620265136583816
2020-10-25 09:20:00,12.45,78.5,983.21,5.05,0.0,0,Normal,0.18229583863404047
2020-10-25 09:30:00,12.83,76.96,983.19,4.68,0.0,0,Normal,0.19144197255667833
2020-10-25 09:40:00,13.18,74.97,983.12,5.45,0.0,0,Normal,0.16957850418995152
2020-10-25 09:50:00,13.62,73.38,983.19,4.06,0.0,0,Normal,0.2031831115636088
2020-10-25 10:00:00,13.98,71.06,983.19,4.59,0.0,0,Normal,0.19153391255708724
2020-10-25 10:10:00,14.28,68.46,983.28,6.04,0.0,0,Normal,0.15718623186066866
2020-10-25 10:20:00,14.33,67.55,983.41,6.09,0.0,0,Normal,0.15652691869612445
2020-10-25 10:30:00,14.59,65.82,983.46,6.47,0.0,0,Normal,0.1459116012200985
2020-10-25 10:40:00,14.68,64.59,983.25,6.71,0.0,0,Normal,0.13883726531456259
2020-10-25 10:50:00,14.66,64.31,983.21,6.54,0.0,0,Normal,0.1436736829368086
2020-10-25 11:00:00,14.73,64.05,983.02,5.65,0.0,0,Normal,0.1674846377714581
2020-10-25 11:10:00,14.88,63.59,982.75,5.47,0.0,0,Normal,0.16930616141799637
2020-10-25 11:20:00,15.09,62.93,982.52,4.95,0.0,0,Normal,0.177915884551535
2020-10-25 11:30:00,15.26,61.48,982.37,6.52,0.0,0,Normal,0.13959292220338249
2020-10-25 11:40:00,15.23,61.27,982.34,6.38,0.0,0,Normal,0.14369964235595223
2020-10-25 11:50:00,15.07,61.55,982.24,4.95,0.0,0,Normal,0.17613995878188787
2020-10-25 12:00:00,15.01,61.37,982.18,4.87,0.0,0,Normal,0.17530741870677385
2020-10-25 12:10:00,14.96,60.78,982.07,6.69,0.0,0,Normal,0.13370843150292122
2020-10-25 12:20:00,14.9,61.55,982.01,4.94,0.0,0,Normal,0.17513938305405652
2020-10-25 12:30:00,14.94,61.09,981.92,5.46,0.0,0,Normal,0.1630197459775976
2020-10-25 12:40:00,14.99,61.26,981.78,4.54,0.0,0,Normal,0.1807151831774832
2020-10-25 12:50:00,15.19,60.63,981.7,4.34,0.0,0,Normal,0.18692734860422083
2020-10-25 13:00:00,15.29,59.36,981.55,5.26,0.0,0,Normal,0.15958724486782527
2020-10-25 13:10:00,15.4,58.74,981.4,4.97,0.0,0,Normal,0.16598407400417498
2020-10-25 13:20:00,15.49,58.97,981.36,4.69,0.0,0,Normal,0.17213099030384038
2020-10-25 13:30:00,15.76,58.5,981.47,3.6,0.0,0,Normal,0.19517908507733323
2020-10-25 13:40:00,15.94,57.93,981.39,3.7,0.0,0,Normal,0.19261906092499986
2020-10-25 13:50:00,15.93,57.6,981.07,3.36,0.0,0,Normal,0.1955521238593232
2020-10-25 14:00:00,15.93,57.74,981.02,3.09,0.0,0,Normal,0.20053562419097792
2020-10-25 14:10:00,15.94,57.63,980.88,3.2,0.0,0,Normal,0.19677484294280712
2020-10-25 14:20:00,16.07,57.45,980.65,3.61,0.0,0,Normal,0.19290035155211394
2020-10-25 14:30:00,15.91,57.58,980.6,3.52,0.0,0,Normal,0.1935161549914981
2020-10-25 14:40:00,15.82,57.8,980.46,3.17,0.0,0,Normal,0.19763760875490888
2020-10-25 14:50:00,15.7,57.83,980.34,2.93,0.0,0,Normal,0.2014545789437011
2020-10-25 15:00:00,15.41,59.15,980.2,2.92,0.0,0,Normal,0.2031652362409283
2020-10-25 15:10:00,15.24,60.24,980.1,2.56,0.0,0,Normal,0.2115338361392754
2020-10-25 15:20:00,15.17,60.8,979.99,2.81,0.0,0,Normal,0.21165594454678932
2020-10-25 15:30:00,15.07,61.46,980.08,2.42,0.0,0,Normal,0.2157577455675927
2020-10-25 15:40:00,14.98,62.32,979.74,2.04,0.0,0,Normal,0.21386840487696224
2020-10-25 15:50:00,14.94,62.87,979.69,2.68,0.0,0,Normal,0.2127844051864275
2020-10-25 16:00:00,14.73,64.75,979.7,2.59,0.0,0,Normal,0.21431623381447462
2020-10-25 16:10:00,14.57,65.53,979.74,3.27,0.0,0,Normal,0.20667876672441826
2020-10-25 16:20:00,14.54,65.6,979.77,2.88,0.0,0,Normal,0.21333479718563497
2020-10-25 16:30:00,14.51,65.99,979.97,3.1,0.0,0,Normal,0.21072391314306949
2020-10-25 16:40:00,14.43,66.4,980.01,3.14,0.0,0,Normal,0.2106664722081844
2020-10-25 16:50:00,14.45,66.51,979.95,2.27,0.0,0,Normal,0.22021583963348956
2020-10-25 17:00:00,14.42,66.86,979.91,1.74,0.0,0,Normal,0.22056054872890318
2020-10-25 17:10:00,14.41,66.96,979.81,1.79,0.0,0,Normal,0.2177226056361537
2020-10-25 17:20:00,14.33,67.76,979.81,2.06,0.0,0,Normal,0.2186635611873608
2020-10-25 17:30:00,14.22,68.69,979.72,2.16,0.0,0,Normal,0.21809858606052923
2020-10-25 17:40:00,13.91,70.65,979.56,2.99,0.0,0,Normal,0.2100452298192429
2020-10-25 17:50:00,13.71,71.82,979.68,3.48,0.0,0,Normal,0.20643891184134772
2020-10-25 18:00:00,13.84,71.73,979.64,4.09,0.0,0,Normal,0.19301484105103883
2020-10-25 18:10:00,14.15,70.45,979.61,3.38,0.0,0,Normal,0.20593346589347794
2020-10-25 18:20:00,14.0,71.61,979.61,2.12,0.0,0,Normal,0.2180240202973327
2020-10-25 18:30:00,13.97,71.42,979.71,2.7,0.0,0,Normal,0.21391506279012656
2020-10-25 18:40:00,14.02,71.51,979.68,3.71,0.0,0,Normal,0.20208630084200274
2020-10-25 18:50:00,13.74,73.38,979.57,3.11,0.0,0,Normal,0.20955530324657395
2020-10-25 19:00:00,13.14,76.52,979.46,3.8,0.0,0,Normal,0.20060687571706742
2020-10-25 19:10:00,13.29,75.61,979.39,4.06,0.0,0,Normal,0.19392939634890427
2020-10-25 19:20:00,13.32,76.07,979.24,3.22,0.0,0,Normal,0.20665696909459846
2020-10-25 19:30:00,12.96,78.06,979.36,3.17,0.0,0,Normal,0.206110630260535
2020-10-25 19:40:00,12.79,79.14,979.43,2.89,0.0,0,Normal,0.20787460209485686
2020-10-25 19:50:00,12.58,80.3,979.36,2.44,0.0,0,Normal,0.2139546797042826
2020-10-25 20:00:00,12.55,80.4,979.3,2.19,0.0,0,Normal,0.2153874263041281
2020-10-25 20:10:00,12.62,80.0,979.27,2.43,0.0,0,Normal,0.21303666744081473
2020-10-25 20:20:00,12.69,79.44,979.18,2.47,0.0,0,Normal,0.21408534235820564
2020-10-25 20:30:00,12.78,78.57,979.24,2.52,0.0,0,Normal,0.21388560809636187
2020-10-25 20:40:00,12.83,78.3,979.23,1.6,0.0,0,Normal,0.2156397634196584
2020-10-25 20:50:00,12.83,78.34,979.14,1.81,0.0,0,Normal,0.2164128244936746
2020-10-25 21:00:00,12.63,79.71,979.28,1.59,0.0,0,Normal,0.2152482665725547
2020-10-25 21:10:00,12.64,79.35,979.38,1.29,0.0,0,Normal,0.2137168198015632
2020-10-25 21:20:00,12.85,77.55,979.36,1.28,0.0,0,Normal,0.21722181476654656
2020-10-25 21:30:00,13.24,75.0,979.32,2.3,0.0,0,Normal,0.2189625581433033
2020-10-25 21:40:00,13.15,75.74,979.42,3.78,0.0,0,Normal,0.20118296101511013
2020-10-25 21:50:00,13.25,74.93,979.39,4.28,0.0,0,Normal,0.19282052556101026
2020-10-25 22:00:00,13.31,74.46,979.31,4.18,0.0,0,Normal,0.1934971022129045
2020-10-25 22:10:00,13.32,74.31,979.31,3.96,0.0,0,Normal,0.19579671285983274
2020-10-25 22:20:00,13.33,73.96,979.18,4.26,0.0,0,Normal,0.19245879231791746
2020-10-25 22:30:00,13.26,74.17,979.16,3.96,0.0,0,Normal,0.19459582008352716
2020-10-25 22:40:00,13.15,74.34,979.13,3.82,0.0,0,Normal,0.1979767433780631
2020-10-25 22:50:00,13.12,74.38,979.19,2.88,0.0,0,Normal,0.21161477158599507
2020-10-25 23:00:00,13.07,74.43,979.32,2.53,0.0,0,Normal,0.21416034716906052
2020-10-25 23:10:00,12.87,75.66,979.34,2.51,0.0,0,Normal,0.21637213270864214
2020-10-25 23:20:00,12.69,76.2,979.36,2.98,0.0,0,Normal,0.20952400885176253
2020-10-25 23:30:00,12.58,76.83,979.28,2.92,0.0,0,Normal,0.20977751615166057
2020-10-25 23:40:00,12.39,77.62,979.15,2.34,0.0,0,Normal,0.21633717112588863
2020-10-25 23:50:00,12.3,78.16,979.1,1.62,0.0,0,Normal,0.2145572061867721
2020-10-26 00:00:00,12.18,79.34,979.04,1.27,0.0,0,Normal,0.2136434711524549
2020-10-26 00:10:00,12.17,79.6,979.03,0.89,0.0,0,Normal,0.20947041013959605
2020-10-26 00:20:00,12.11,79.91,978.98,1.16,0.0,0,Normal,0.21349393629612695
2020-10-26 00:30:00,12.0,80.5,978.99,2.17,0.0,0,Normal,0.21464869093102923
2020-10-26 00:40:00,11.69,82.2,978.97,2.12,0.0,0,Normal,0.21534660328112848
2020-10-26 00:50:00,11.47,83.3,978.73,2.31,0.0,0,Normal,0.21228220435052858
2020-10-26 01:00:00,11.57,82.2,978.54,2.75,0.0,0,Normal,0.20522357240798816
2020-10-26 01:10:00,11.68,81.6,978.38,2.31,0.0,0,Normal,0.20923437899287495
2020-10-26 01:20:00,11.55,82.8,978.32,1.51,0.0,0,Normal,0.20927312756506228
2020-10-26 01:30:00,11.36,84.0,978.26,1.64,0.0,0,Normal,0.20911356243827933
2020-10-26 01:40:00,11.33,84.1,978.05,1.65,0.0,0,Normal,0.2082295350549233
2020-10-26 01:50:00,11.32,83.9,977.9,1.93,0.0,0,Normal,0.20919548635614132
2020-10-26 02:00:00,11.16,84.9,977.9,2.2,0.0,0,Normal,0.20490939430719624
2020-10-26 02:10:00,10.97,85.9,977.83,1.74,0.0,0,Normal,0.20713421125434955
2020-10-26 02:20:00,10.91,86.0,977.66,1.37,0.0,0,Normal,0.20148842063062994
2020-10-26 02:30:00,10.9,85.9,977.57,1.2,0.0,0,Normal,0.202153637405173
2020-10-26 02:40:00,10.92,85.9,977.52,1.46,0.0,0,Normal,0.20379657371861987
2020-10-26 02:50:00,10.87,86.2,977.44,1.99,0.0,0,Normal,0.20318173274868
2020-10-26 03:00:00,10.87,86.0,977.4,1.49,0.0,0,Normal,0.20322215369770102
2020-10-26 03:10:00,10.92,85.8,977.43,1.23,0.0,0,Normal,0.20220504194404454
2020-10-26 03:20:00,10.94,86.0,977.44,0.9,0.0,0,Normal,0.1997299556494342
2020-10-26 03:30:00,10.83,86.6,977.5,0.87,0.0,0,Normal,0.20060210621871438
2020-10-26 03:40:00,10.86,86.5,977.5,0.99,0.0,0,Normal,0.20174777408768985
2020-10-26 03:50:00,10.84,86.8,977.42,0.74,0.0,0,Normal,0.19528969899951515
2020-10-26 04:00:00,10.79,87.1,977.29,1.24,0.0,0,Normal,0.20166767652499212
2020-10-26 04:10:00,10.67,87.6,977.1,1.26,0.0,0,Normal,0.20147458869781876
2020-10-26 04:20:00,10.58,88.0,977.08,1.94,0.0,0,Normal,0.20267302075504362
2020-10-26 04:30:00,10.53,88.4,977.2,1.83,0.0,0,Normal,0.2013847313809327
2020-10-26 04:40:00,10.51,88.7,977.51,2.0,0.0,0,Normal,0.2013594456073864
2020-10-26 04:50:00,10.62,88.0,977.5,1.04,0.0,0,Normal,0.2000901041896796
2020-10-26 05:00:00,10.78,87.3,977.52,1.16,0.0,0,Normal,0.20105550478763295
2020-10-26 05:10:00,10.86,87.0,977.46,0.56,0.0,0,Normal,0.19244638350761262
2020-10-26 05:20:00,10.84,86.9,977.49,0.75,0.0,0,Normal,0.1961638076257768
2020-10-26 05:30:00,10.78,87.3,977.64,0.37,0.0,0,Normal,0.18006889606480464
2020-10-26 05:40:00,10.82,87.9,977.72,0.54,0.0,0,Normal,0.1917241695866368
2020-10-26 05:50:00,10.87,87.9,977.82,0.43,0.1,0,Normal,0.11617752671087989
2020-10-26 06:00:00,10.92,88.2,977.88,0.54,0.1,0,Normal,0.12001906350049074
2020-10-26 06:10:00,10.51,93.2,977.98,0.84,0.1,0,Normal,0.12451054372548348
2020-10-26 06:20:00,10.21,93.7,977.73,1.48,0.2,0,Normal,0.08730832206745964
2020-10-26 06:30:00,10.31,94.3,977.47,1.79,0.1,0,Normal,0.12235125560390825
2020-10-26 06:40:00,10.38,93.2,977.26,1.03,0.1,0,Normal,0.12491143396726412
2020-10-26 06:50:00,10.19,96.7,977.06,1.29,0.0,0,Normal,0.17415997470835404
2020-10-26 07:00:00,9.72,98.4,977.01,1.16,0.0,0,Normal,0.16185368318213744
2020-10-26 07:10:00,10.04,95.9,976.74,1.18,0.0,0,Normal,0.17630778258569385
2020-10-26 07:20:00,9.85,98.7,976.91,1.07,0.0,0,Normal,0.15812146156023427
2020-10-26 07:30:00,9.51,100.0,976.81,0.89,0.0,0,Normal,0.1542978994723549
2020-10-26 07:40:00,9.53,99.1,976.67,1.23,0.0,0,Normal,0.1591145109059544
2020-10-26 07:50:00,9.56,98.6,976.81,1.45,0.0,0,Normal,0.15949472229036193
2020-10-26 08:00:00,9.48,99.1,977.05,1.14,0.0,0,Normal,0.1614771816643475
2020-10-26 08:10:00,9.59,99.5,977.22,1.51,0.0,0,Normal,0.15891211082434253
2020-10-26 08:20:00,9.54,99.9,977.06,0.84,0.0,0,Normal,0.1568812760968331
2020-10-26 08:30:00,9.72,99.4,976.7,0.87,0.0,0,Normal,0.1550068491618009
2020-10-26 08:40:00,9.55,99.9,976.87,1.32,0.0,0,Normal,0.15581192870186633
2020-10-26 08:50:00,9.51,100.0,977.0,1.49,0.0,0,Normal,0.15549443157623388
2020-10-26 09:00:00,9.53,100.0,977.11,1.52,0.0,0,Normal,0.15575107060782895
2020-10-26 09:10:00,9.52,100.0,977.26,1.28,0.0,0,Normal,0.15733844356075322
2020-10-26 09:20:00,9.55,100.0,977.61,1.06,0.0,0,Normal,0.15734452369216978
2020-10-26 09:30:00,9.65,100.0,977.87,0.65,0.0,0,Normal,0.15568956798860162
2020-10-26 09:40:00,9.78,100.0,978.02,0.59,0.0,0,Normal,0.15631310706572582
2020-10-26 09:50:00,9.76,100.0,977.78,0.87,0.0,0,Normal,0.15879031215009498
2020-10-26 10:00:00,9.93,99.6,977.61,0.52,0.0,0,Normal,0.15323797358350716
2020-10-26 10:10:00,10.01,99.4,977.58,0.77,0.1,0,Normal,0.09630366183304762
2020-10-26 10:20:00,9.91,99.9,977.75,1.14,0.1,0,Normal,0.09859006276848448
2020-10-26 10:30:00,9.88,100.0,977.7,1.29,0.1,0,Normal,0.10028547524543574
2020-10-26 10:40:00,9.97,100.0,977.74,1.46,0.0,0,Normal,0.1603704834729362
2020-10-26 10:50:00,10.03,100.0,977.65,1.07,0.0,0,Normal,0.16067583301053223
2020-10-26 11:00:00,10.14,100.0,977.2,0.47,0.0,0,Normal,0.154547503918255
2020-10-26 11:10:00,10.2,99.7,977.13,0.56,0.0,0,Normal,0.1563462632553207
2020-10-26 11:20:00,10.38,97.9,977.1,1.09,0.0,0,Normal,0.1688287483233703
2020-10-26 11:30:00,10.47,98.4,977.06,1.25,0.0,0,Normal,0.16697288908829733
2020-10-26 11:40:00,10.5,98.3,977.18,1.7,0.0,0,Normal,0.16599498449599914
2020-10-26 11:50:00,10.45,98.4,977.35,1.22,0.0,0,Normal,0.1666977969117524
2020-10-26 12:00:00,10.41,99.3,977.46,0.86,0.0,0,Normal,0.16148103161953015
2020-10-26 12:10:00,10.52,99.9,977.43,0.89,0.0,0,Normal,0.15991275092505347
2020-10-26 12:20:00,10.47,99.9,977.46,1.86,0.0,0,Normal,0.16019285886767332
2020-10-26 12:30:00,10.38,100.0,977.44,1.48,0.1,0,Normal,0.106300411446415
2020-10-26 12:40:00,10.41,100.0,977.46,1.65,0.2,0,Normal,0.06703363615791602
2020-10-26 12:50:00,10.56,100.0,977.4,0.72,0.1,0,Normal,0.09955869697490283
2020-10-26 13:00:00,10.6,100.0,977.15,0.83,0.0,0,Normal,0.15934671131057615
2020-10-26 13:10:00,10.57,100.0,977.11,0.73,0.2,0,Normal,0.062214287610609986
2020-10-26 13:20:00,10.64,98.9,976.89,0.54,0.2,0,Normal,0.06169788594231096
2020-10-26 13:30:00,10.88,96.1,977.11,0.8,0.0,0,Normal,0.17556421687823182
2020-10-26 13:40:00,10.85,99.5,977.44,1.29,0.0,0,Normal,0.16357702440014565
2020-10-26 13:50:00,10.81,99.5,977.68,1.79,0.0,0,Normal,0.16146388897139674
2020-10-26 14:00:00,10.86,96.7,977.86,1.52,0.1,0,Normal,0.1158798822420255
2020-10-26 14:10:00,10.78,95.2,977.92,0.9,0.0,0,Normal,0.18316478750857768
2020-10-26 14:20:00,10.67,93.2,977.96,0.75,0.1,0,Normal,0.1204161289855199
2020-10-26 14:30:00,10.6,93.3,977.97,0.68,0.0,0,Normal,0.18750304227935172
2020-10-26 14:40:00,10.52,93.9,978.05,0.53,0.0,0,Normal,0.18215608202889322
2020-10-26 14:50:00,10.54,93.7,978.21,0.7,0.0,0,Normal,0.18435587730494435
2020-10-26 15:00:00,10.54,91.9,978.24,0.65,0.0,0,Normal,0.18650723654964685
2020-10-26 15:10:00,10.64,89.9,978.22,1.32,0.0,0,Normal,0.19927960555515228
2020-10-26 15:20:00,10.68,91.3,978.14,0.85,0.0,0,Normal,0.19285450044242286
2020-10-26 15:30:00,10.72,90.7,978.12,0.38,0.0,0,Normal,0.17593051946659133
2020-10-26 15:40:00,10.75,90.0,978.19,0.7,0.0,0,Normal,0.1905515207915871
2020-10-26 15:50:00,10.59,90.4,978.29,0.82,0.0,0,Normal,0.195500525513282
2020-10-26 16:00:00,10.45,92.2,978.29,0.55,0.0,0,Normal,0.18638052589314297
2020-10-26 16:10:00,10.3,94.1,978.43,0.98,0.0,0,Normal,0.18884762586160725
2020-10-26 16:20:00,10.05,96.1,978.49,0.86,0.0,0,Normal,0.18291460430421908
2020-10-26 16:30:00,9.94,95.5,978.56,0.93,0.0,0,Normal,0.17941371643684395
2020-10-26 16:40:00,9.82,96.7,978.54,0.54,0.0,0,Normal,0.16967543954785258
2020-10-26 16:50:00,9.81,95.1,978.42,1.1,0.0,0,Normal,0.18176146880369687
2020-10-26 17:00:00,9.89,92.5,978.38,1.22,0.0,0,Normal,0.19234313891264193
2020-10-26 17:10:00,9.88,93.1,978.54,1.68,0.0,0,Normal,0.1927610576676586
2020-10-26 17:20:00,9.76,95.2,978.61,1.77,0.0,0,Normal,0.18283526224737678
2020-10-26 17:30:00,9.52,97.4,978.76,2.13,0.0,0,Normal,0.17499318853169177
2020-10-26 17:40:00,9.51,96.2,978.84,2.27,0.0,0,Normal,0.1793550455325456
2020-10-26 17:50:00,9.64,93.6,978.91,2.03,0.0,0,Normal,0.19310679894791055
2020-10-26 18:00:00,9.77,92.1,979.0,1.77,0.0,0,Normal,0.19720788778567128
2020-10-26 18:10:00,9.76,92.6,979.26,1.73,0.0,0,Normal,0.19879603334168416
2020-10-26 18:20:00,9.76,92.8,979.31,2.0,0.0,0,Normal,0.1998849197404597
2020-10-26 18:30:00,9.58,94.5,979.38,2.31,0.0,0,Normal,0.18334859674015103
2020-10-26 18:40:00,9.35,94.3,979.49,1.98,0.0,0,Normal,0.19022640126276763
2020-10-26 18:50:00,9.26,94.3,979.72,1.65,0.0,0,Normal,0.19083927962806696
2020-10-26 19:00:00,9.09,95.9,979.7,1.66,0.0,0,Normal,0.18755212175489105
2020-10-26 19:10:00,9.09,94.1,979.72,1.77,0.0,0,Normal,0.19390566384478763
2020-10-26 19:20:00,9.14,92.2,980.1,1.81,0.0,0,Normal,0.2033998112483788
2020-10-26 19:30:00,9.1,91.7,980.0,1.16,0.0,0,Normal,0.2016733937408422
2020-10-26 19:40:00,9.19,90.1,980.07,1.31,0.0,0,Normal,0.20775705431263436
2020-10-26 19:50:00,9.25,90.1,980.02,1.19,0.0,0,Normal,0.20605766222748073
2020-10-26 20:00:00,9.19,90.6,980.14,1.62,0.0,0,Normal,0.20436756148964697
2020-10-26 20:10:00,9.05,91.0,980.15,1.59,0.0,0,Normal,0.20451763018503405
2020-10-26 20:20:00,8.93,92.2,980.02,1.68,0.0,0,Normal,0.20216338368821818
2020-10-26 20:30:00,8.75,92.2,979.98,1.94,0.0,0,Normal,0.2038471291081813
2020-10-26 20:40:00,8.77,91.4,980.15,2.12,0.0,0,Normal,0.20618153591232136
2020-10-26 20:50:00,8.75,90.6,980.27,2.28,0.0,0,Normal,0.2043706909075148
2020-10-26 21:00:00,8.7,89.9,980.46,2.55,0.0,0,Normal,0.20223485896861554
2020-10-26 21:10:00,8.78,88.1,980.55,2.26,0.0,0,Normal,0.21318264960889477
2020-10-26 21:20:00,8.87,86.7,980.59,1.47,0.0,0,Normal,0.21400567424201428
2020-10-26 21:30:00,8.97,86.2,980.68,1.67,0.0,0,Normal,0.2153799076720171
2020-10-26 21:40:00,8.87,87.5,980.66,2.08,0.0,0,Normal,0.21389420690607264
2020-10-26 21:50:00,8.76,87.5,980.87,2.97,0.0,0,Normal,0.19828147266032792
2020-10-26 22:00:00,8.91,84.4,980.96,3.1,0.0,0,Normal,0.20158130077031705
2020-10-26 22:10:00,9.1,82.8,981.02,2.47,0.0,0,Normal,0.2175760558053016
2020-10-26 22:20:00,9.07,82.7,981.06,2.09,0.0,0,Normal,0.22028154745306455
2020-10-26 22:30:00,9.0,83.2,981.24,2.56,0.0,0,Normal,0.21523082518004577
2020-10-26 22:40:00,8.93,83.4,981.14,2.53,0.0,0,Normal,0.21477239209708954
2020-10-26 22:50:00,8.79,84.0,981.21,3.05,0.0,0,Normal,0.2037627289618072
2020-10-26 23:00:00,8.82,83.1,981.31,2.97,0.0,0,Normal,0.207917330195586
2020-10-26 23:10:00,8.92,81.9,981.29,3.32,0.0,0,Normal,0.19927329964972096
2020-10-26 23:20:00,8.87,82.4,981.21,2.64,0.0,0,Normal,0.21419913789261452
2020-10-26 23:30:00,8.8,82.8,981.13,2.62,0.0,0,Normal,0.2162288770930934
2020-10-26 23:40:00,8.66,83.7,981.07,2.8,0.0,0,Normal,0.21206646165295928
2020-10-26 23:50:00,8.5,84.9,981.13,3.41,0.0,0,Normal,0.1966951298298003
2020-10-27 00:00:00,8.43,84.7,981.2,2.92,0.0,0,Normal,0.20558477836846628
2020-10-27 00:10:00,8.54,83.7,981.09,2.61,0.0,0,Normal,0.21513010426717127
2020-10-27 00:20:00,8.43,84.6,981.14,2.85,0.0,0,Normal,0.20810031578584526
2020-10-27 00:30:00,8.48,83.6,981.14,2.91,0.0,0,Normal,0.21041352197495378
2020-10-27 00:40:00,8.56,82.9,981.15,3.03,0.0,0,Normal,0.20560365201775282
2020-10-27 00:50:00,8.5,83.5,981.02,2.85,0.0,0,Normal,0.21127532306470492
2020-10-27 01:00:00,8.39,84.5,981.04,2.86,0.0,0,Normal,0.20822677584334126
2020-10-27 01:10:00,8.26,85.4,981.13,2.83,0.0,0,Normal,0.2073714709506232
2020-10-27 01:20:00,8.26,85.6,981.17,2.77,0.0,0,Normal,0.2079492373598808
2020-10-27 01:30:00,8.18,86.3,981.31,1.88,0.0,0,Normal,0.21580348845658115
2020-10-27 01:40:00,8.23,85.6,981.33,1.84,0.0,0,Normal,0.21734037914288085
2020-10-27 01:50:00,8.46,84.2,981.36,2.24,0.0,0,Normal,0.2169154080048667
2020-10-27 02:00:00,8.41,85.0,981.36,2.48,0.0,0,Normal,0.21321051879686764
2020-10-27 02:10:00,8.43,84.8,981.34,2.74,0.0,0,Normal,0.2088411233758521
2020-10-27 02:20:00,8.43,84.4,981.17,2.8,0.0,0,Normal,0.20923996630279795
2020-10-27 02:30:00,8.52,83.7,981.06,3.16,0.0,0,Normal,0.2041927515024859
2020-10-27 02:40:00,8.31,85.4,981.01,3.18,0.0,0,Normal,0.19754144118628025
2020-10-27 02:50:00,8.26,85.3,981.06,2.95,0.0,0,Normal,0.20363571003672581
2020-10-27 03:00:00,8.36,84.5,981.11,2.83,0.0,0,Normal,0.2085312826979095
2020-10-27 03:10:00,8.27,85.4,981.11,3.19,0.0,0,Normal,0.19963082586594066
2020-10-27 03:20:00,8.21,85.5,981.16,3.9,0.0,0,Normal,0.18398001830050204
2020-10-27 03:30:00,8.25,85.3,981.23,3.9,0.0,0,Normal,0.18463798427408873
2020-10-27 03:40:00,8.27,85.1,981.24,3.03,0.0,0,Normal,0.20141361437625
2020-10-27 03:50:00,8.28,84.9,981.39,2.2,0.0,0,Normal,0.21619898482770206
2020-10-27 04:00:00,8.33,84.6,981.49,0.87,0.0,0,Normal,0.21345622072892195
2020-10-27 04:10:00,8.43,84.2,981.54,1.69,0.0,0,Normal,0.21754719837289294
2020-10-27 04:20:00,8.39,84.9,981.55,1.54,0.0,0,Normal,0.21674057199410052
2020-10-27 04:30:00,8.22,85.9,981.57,1.76,0.0,0,Normal,0.21792805444984892
2020-10-27 04:40:00,8.05,87.4,981.69,1.32,0.0,0,Normal,0.21608626763304628
2020-10-27 04:50:00,7.89,88.2,981.59,1.2,0.0,0,Normal,0.21089117485440012
2020-10-27 05:00:00,7.95,87.7,981.55,0.98,0.0,0,Normal,0.21079222520513635
2020-10-27 05:10:00,8.0,87.4,981.62,1.53,0.0,0,Normal,0.21513681636673204
2020-10-27 05:20:00,7.87,88.3,981.8,1.27,0.0,0,Normal,0.21370560648005443
2020-10-27 05:30:00,7.88,87.4,981.73,1.53,0.0,0,Normal,0.2144552212014818
2020-10-27 05:40:00,8.08,85.5,981.66,2.53,0.0,0,Normal,0.21295639337569194
2020-10-27 05:50:00,8.26,84.4,981.74,2.64,0.0,0,Normal,0.2152911484097571
2020-10-27 06:00:00,8.07,86.3,981.79,1.32,0.0,0,Normal,0.2189458537662189
2020-10-27 06:10:00,7.67,88.7,981.83,1.82,0.0,0,Normal,0.21365862109688682
2020-10-27 06:20:00,7.4,90.8,981.98,1.82,0.0,0,Normal,0.20895791508664868
2020-10-27 06:30:00,7.09,92.6,982.19,1.95,0.0,0,Normal,0.20853425063414177
2020-10-27 06:40:00,6.99,92.8,982.33,1.64,0.0,0,Normal,0.2059365182574317
2020-10-27 06:50:00,7.07,91.8,982.41,1.82,0.0,0,Normal,0.20939629168886825
2020-10-27 07:00:00,7.47,89.0,982.56,2.21,0.0,0,Normal,0.2137136624338115
2020-10-27 07:10:00,7.63,87.7,982.76,2.82,0.0,0,Normal,0.2108191631686624
2020-10-27 07:20:00,7.59,87.7,982.88,3.58,0.0,0,Normal,0.1947871646657131
2020-10-27 07:30:00,7.49,88.1,982.91,3.03,0.0,0,Normal,0.20637104051540306
2020-10-27 07:40:00,7.32,89.1,982.97,2.14,0.0,0,Normal,0.2183801276389855
2020-10-27 07:50:00,7.37,89.1,983.05,2.89,0.0,0,Normal,0.20827516020940767
2020-10-27 08:00:00,7.58,88.5,982.98,3.54,0.0,0,Normal,0.19350049731908936
2020-10-27 08:10:00,8.04,86.6,982.87,3.34,0.0,0,Normal,0.20171535638415022
2020-10-27 08:20:00,8.32,85.0,983.0,4.13,0.0,0,Normal,0.18554151051023565
2020-10-27 08:30:00,8.34,84.7,983.07,4.53,0.0,0,Normal,0.17736427331399246
2020-10-27 08:40:00,8.5,83.9,983.03,5.09,0.0,0,Normal,0.1665709041543587
2020-10-27 08:50:00,8.48,83.5,983.13,4.66,0.0,0,Normal,0.17794362855583312
2020-10-27 09:00:00,8.46,83.8,983.16,3.7,0.0,0,Normal,0.20190238381045933
2020-10-27 09:10:00,8.46,84.1,983.16,3.65,0.0,0,Normal,0.19980234317109163
2020-10-27 09:20:00,8.48,83.8,983.13,4.0,0.0,0,Normal,0.19125716896337602
2020-10-27 09:30:00,8.71,82.9,982.97,3.93,0.0,0,Normal,0.19439897353250657
2020-10-27 09:40:00,9.21,82.1,983.03,3.19,0.0,0,Normal,0.210269911623234
2020-10-27 09:50:00,9.55,80.3,983.08,4.51,0.0,0,Normal,0.18974760367330473
2020-10-27 10:00:00,9.53,80.4,983.07,4.2,0.0,0,Normal,0.19711125661846335
2020-10-27 10:10:00,9.75,79.94,983.2,4.28,0.0,0,Normal,0.19389617879443694
2020-10-27 10:20:00,10.03,78.44,983.35,4.32,0.0,0,Normal,0.1999774821014096
2020-10-27 10:30:00,10.2,76.93,983.33,5.63,0.0,0,Normal,0.17358597155748984
2020-10-27 10:40:00,10.13,76.62,983.4,6.06,0.0,0,Normal,0.16091129962690576
2020-10-27 10:50:00,10.07,77.21,983.47,5.39,0.0,0,Normal,0.1761314319544895
2020-10-27 11:00:00,10.22,76.12,983.56,5.76,0.0,0,Normal,0.1681780834550498
2020-10-27 11:10:00,10.49,74.21,983.69,6.18,0.0,0,Normal,0.16044847324618777
2020-10-27 11:20:00,10.29,74.6,983.89,6.11,0.0,0,Normal,0.16222557833869056
2020-10-27 11:30:00,10.15,75.27,984.05,5.65,0.0,0,Normal,0.17354651437905705
2020-10-27 11:40:00,9.97,75.66,984.08,5.99,0.0,0,Normal,0.16290884380517207
2020-10-27 11:50:00,9.82,76.14,984.11,5.14,0.0,0,Normal,0.18184054730386617
2020-10-27 12:00:00,9.86,76.23,984.2,5.25,0.0,0,Normal,0.17879984614724276
2020-10-27 12:10:00,9.96,75.48,984.25,5.17,0.0,0,Normal,0.1824730769765826
2020-10-27 12:20:00,9.89,75.17,984.33,5.69,0.0,0,Normal,0.16938542461939943
2020-10-27 12:30:00,10.0,74.68,984.15,5.7,0.0,0,Normal,0.16995323729056688
2020-10-27 12:40:00,10.47,72.93,984.08,5.34,0.0,0,Normal,0.18061835577915575
2020-10-27 12:50:00,10.41,73.47,984.08,5.6,0.0,0,Normal,0.17511911033347838
2020-10-27 13:00:00,10.17,74.77,984.2,5.28,0.0,0,Normal,0.1828133977099381
2020-10-27 13:10:00,10.0,75.18,984.13,6.96,0.0,0,Normal,0.1253852511156307
2020-10-27 13:20:00,10.02,75.15,984.09,7.17,0.0,0,Normal,0.12093105510592739
2020-10-27 13:30:00,9.98,75.5,984.05,6.5,0.0,0,Normal,0.1464888955562733
2020-10-27 13:40:00,10.17,74.46,984.0,6.09,0.0,0,Normal,0.16146867342828436
2020-10-27 13:50:00,10.29,73.62,984.06,6.14,0.0,0,Normal,0.16299038739033228
2020-10-27 14:00:00,10.56,71.81,983.98,5.42,0.0,0,Normal,0.17861695429804003
2020-10-27 14:10:00,10.87,69.7,983.87,4.82,0.0,0,Normal,0.19305491238310685
2020-10-27 14:20:00,10.98,67.3,983.75,5.52,0.0,0,Normal,0.17622721236737965
2020-10-27 14:30:00,11.05,66.96,983.67,5.52,0.0,0,Normal,0.1759415756992294
2020-10-27 14:40:00,11.01,67.42,983.72,4.26,0.0,0,Normal,0.20396017447653642
2020-10-27 14:50:00,11.12,66.95,983.64,4.16,0.0,0,Normal,0.2053494510202974
2020-10-27 15:00:00,11.57,64.3,983.63,5.29,0.0,0,Normal,0.18193196570961917
2020-10-27 15:10:00,11.67,64.13,983.63,4.51,0.0,0,Normal,0.19743435728562403
2020-10-27 15:20:00,11.61,63.79,983.66,4.24,0.0,0,Normal,0.2036721219497477
2020-10-27 15:30:00,11.5,64.42,983.72,3.42,0.0,0,Normal,0.2213009534747536
2020-10-27 15:40:00,11.31,64.73,983.67,3.6,0.0,0,Normal,0.21816269779664021
2020-10-27 15:50:00,11.2,65.25,983.59,3.93,0.0,0,Normal,0.21051770359180078
2020-10-27 16:00:00,11.19,65.61,983.52,3.94,0.0,0,Normal,0.21022140485854157
2020-10-27 16:10:00,11.23,65.84,983.52,3.98,0.0,0,Normal,0.209311031587267
2020-10-27 16:20:00,11.18,67.39,983.56,2.51,0.0,0,Normal,0.2311990214692033
2020-10-27 16:30:00,10.98,67.93,983.54,3.56,0.0,0,Normal,0.2182296232650912
2020-10-27 16:40:00,10.86,67.18,983.46,4.33,0.0,0,Normal,0.20261866174580928
2020-10-27 16:50:00,10.64,67.08,983.58,4.43,0.0,0,Normal,0.2005712200133941
2020-10-27 17:00:00,10.52,67.66,983.66,4.25,0.0,0,Normal,0.2054539969525664
2020-10-27 17:10:00,10.31,69.72,983.82,2.52,0.0,0,Normal,0.23400335468734723
2020-10-27 17:20:00,10.05,71.66,983.87,2.25,0.0,0,Normal,0.2378023389754212
2020-10-27 17:30:00,9.78,73.46,983.9,2.02,0.0,0,Normal,0.2373086469303738
2020-10-27 17:40:00,9.6,74.72,983.93,2.4,0.0,0,Normal,0.2336388151416896
2020-10-27 17:50:00,9.49,75.5,983.98,2.49,0.0,0,Normal,0.23183773641689692
2020-10-27 18:00:00,9.37,76.33,984.06,2.54,0.0,0,Normal,0.22957718804392335
2020-10-27 18:10:00,9.27,77.25,984.11,2.32,0.0,0,Normal,0.23197687077563633
2020-10-27 18:20:00,9.21,77.86,984.15,2.73,0.0,0,Normal,0.22823037926460216
2020-10-27 18:30:00,8.89,79.69,984.11,2.87,0.0,0,Normal,0.22508087139322702
2020-10-27 18:40:00,8.7,81.1,984.18,2.29,0.0,0,Normal,0.23006655479191102
2020-10-27 18:50:00,8.64,81.8,984.15,2.12,0.0,0,Normal,0.22991412424908908
2020-10-27 19:00:00,8.56,82.5,984.1,1.77,0.0,0,Normal,0.22966462003492344
2020-10-27 19:10:00,8.45,83.2,984.11,2.02,0.0,0,Normal,0.23219630006809588
2020-10-27 19:20:00,8.29,84.2,984.14,2.29,0.0,0,Normal,0.22618916532395072
2020-10-27 19:30:00,8.08,85.4,984.12,2.39,0.0,0,Normal,0.2243582136299051
2020-10-27 19:40:00,7.87,86.7,984.09,2.59,0.0,0,Normal,0.218696728303173
2020-10-27 19:50:00,7.67,88.1,984.06,2.89,0.0,0,Normal,0.2133327004305804
2020-10-27 20:00:00,7.65,88.5,984.02,2.9,0.0,0,Normal,0.210748911554963
2020-10-27 20:10:00,7.79,87.9,983.96,2.95,0.0,0,Normal,0.2115357000453087
2020-10-27 20:20:00,8.0,86.8,983.89,3.16,0.0,0,Normal,0.20962489167316906
2020-10-27 20:30:00,8.08,86.5,983.85,2.68,0.0,0,Normal,0.21987065720267035
2020-10-27 20:40:00,8.05,86.7,983.79,2.86,0.0,0,Normal,0.21598405034824047
2020-10-27 20:50:00,8.17,86.0,983.86,3.34,0.0,0,Normal,0.20601253406279374
2020-10-27 21:00:00,8.7,83.5,983.96,4.41,0.0,0,Normal,0.18559352838838822
2020-10-27 21:10:00,9.13,81.6,983.97,4.99,0.0,0,Normal,0.17339669717500894
2020-10-27 21:20:00,9.13,81.9,983.9,4.41,0.0,0,Normal,0.18508587984353614
2020-10-27 21:30:00,8.96,82.6,983.95,3.83,0.0,0,Normal,0.19832459933719504
2020-10-27 21:40:00,8.76,83.2,983.92,3.62,0.0,0,Normal,0.2049164561574544
2020-10-27 21:50:00,8.54,83.9,983.86,3.53,0.0,0,Normal,0.2057346674376649
2020-10-27 22:00:00,8.53,83.4,983.95,3.25,0.0,0,Normal,0.21263203486135906
2020-10-27 22:10:00,8.6,82.6,983.86,4.14,0.0,0,Normal,0.18973581373915088
2020-10-27 22:20:00,8.74,80.9,983.78,5.24,0.0,0,Normal,0.1698973871665702
2020-10-27 22:30:00,8.84,80.0,983.73,5.36,0.0,0,Normal,0.16784157855428733
2020-10-27 22:40:00,8.91,79.24,983.6,5.74,0.0,0,Normal,0.1586999295157604
2020-10-27 22:50:00,8.88,79.15,983.58,4.72,0.0,0,Normal,0.18520911480397706
2020-10-27 23:00:00,8.87,78.75,983.66,4.6,0.0,0,Normal,0.19116394342585363
2020-10-27 23:10:00,8.91,78.12,983.62,4.98,0.0,0,Normal,0.1837690736652866
2020-10-27 23:20:00,8.88,78.21,983.62,3.67,0.0,0,Normal,0.21118366553942924
2020-10-27 23:30:00,8.84,78.24,983.55,4.39,0.0,0,Normal,0.1948491808835695
2020-10-27 23:40:00,8.81,78.43,983.35,5.67,0.0,0,Normal,0.16661334303796127
2020-10-27 23:50:00,8.8,78.54,983.29,4.82,0.0,0,Normal,0.1858836951127263
2020-10-28 00:00:00,8.76,78.5,983.3,4.6,0.0,0,Normal,0.19055364958527898
2020-10-28 00:10:00,8.77,78.28,983.19,5.09,0.0,0,Normal,0.17933530336278397
2020-10-28 00:20:00,8.73,78.21,983.08,4.92,0.0,0,Normal,0.18108554157196616
2020-10-28 00:30:00,8.65,78.3,983.02,5.31,0.0,0,Normal,0.17353316230070565
2020-10-28 00:40:00,8.69,77.55,983.11,5.16,0.0,0,Normal,0.1773072295209811
2020-10-28 00:50:00,8.7,77.43,983.05,4.5,0.0,0,Normal,0.1910477282453364
2020-10-28 01:00:00,8.57,78.07,983.04,3.71,0.0,0,Normal,0.20768268735365208
2020-10-28 01:10:00,8.47,78.38,983.03,3.89,0.0,0,Normal,0.20375203103844752
2020-10-28 01:20:00,8.45,78.32,982.99,3.79,0.0,0,Normal,0.20650506192816104
2020-10-28 01:30:00,8.45,77.76,982.91,4.43,0.0,0,Normal,0.19187301152309616
2020-10-28 01:40:00,8.59,76.42,982.91,4.32,0.0,0,Normal,0.19904141337621323
2020-10-28 01:50:00,8.6,76.45,982.8,4.29,0.0,0,Normal,0.19923586829478596
2020-10-28 02:00:00,8.51,76.75,982.78,4.32,0.0,0,Normal,0.19750047837968876
2020-10-28 02:10:00,8.61,75.92,982.73,4.28,0.0,0,Normal,0.19770847114482504
2020-10-28 02:20:00,8.76,75.11,982.75,3.44,0.0,0,Normal,0.2161198340291841
2020-10-28 02:30:00,8.8,75.19,982.64,3.36,0.0,0,Normal,0.2167669084253795
2020-10-28 02:40:00,8.74,75.31,982.66,3.29,0.0,0,Normal,0.2185464311888427
2020-10-28 02:50:00,8.79,75.21,982.58,3.91,0.0,0,Normal,0.20656382143268376
2020-10-28 03:00:00,8.83,75.05,982.57,3.31,0.0,0,Normal,0.2174931992842261
2020-10-28 03:10:00,8.89,74.88,982.48,3.44,0.0,0,Normal,0.21584404260395884
2020-10-28 03:20:00,8.92,74.83,982.49,3.38,0.0,0,Normal,0.21820224950053163
2020-10-28 03:30:00,8.95,74.68,982.54,3.82,0.0,0,Normal,0.20835543854601896
2020-10-28 03:40:00,8.92,75.13,982.42,3.63,0.0,0,Normal,0.2134553336756338
2020-10-28 03:50:00,9.0,74.53,982.46,3.0,0.0,0,Normal,0.22113796043372247
2020-10-28 04:00:00,9.2,73.82,982.42,3.83,0.0,0,Normal,0.2065847014403735
2020-10-28 04:10:00,9.18,74.68,982.4,3.97,0.0,0,Normal,0.20600937979932
2020-10-28 04:20:00,9.15,75.51,982.41,3.3,0.0,0,Normal,0.21491160448242502
2020-10-28 04:30:00,9.24,75.09,982.41,3.46,0.0,0,Normal,0.21475416769915895
2020-10-28 04:40:00,9.31,74.95,982.51,1.92,0.0,0,Normal,0.23138320181445027
2020-10-28 04:50:00,9.28,75.46,982.68,1.89,0.0,0,Normal,0.23123846459567227
2020-10-28 05:00:00,9.24,76.27,982.66,2.85,0.0,0,Normal,0.22231049988188895
2020-10-28 05:10:00,9.17,77.5,982.62,3.24,0.0,0,Normal,0.2134823048134707
2020-10-28 05:20:00,9.08,78.8,982.71,3.2,0.0,0,Normal,0.21422055764341968
2020-10-28 05:30:00,9.06,79.7,982.75,3.81,0.0,0,Normal,0.20075644208869187
2020-10-28 05:40:00,9.1,80.2,982.94,3.29,0.0,0,Normal,0.21124771114784952
2020-10-28 05:50:00,8.93,84.3,983.09,3.08,0.0,0,Normal,0.21172386351150513
2020-10-28 06:00:00,8.67,87.4,983.15,2.25,0.0,0,Normal,0.22073159975550138
2020-10-28 06:10:00,8.62,88.0,983.12,2.7,0.0,0,Normal,0.21523708482552745
2020-10-28 06:20:00,8.49,89.0,983.05,3.01,0.0,0,Normal,0.20373669285540424
2020-10-28 06:30:00,8.31,90.6,983.04,2.49,0.0,0,Normal,0.21037225728882086
2020-10-28 06:40:00,8.16,91.1,983.03,2.56,0.0,0,Normal,0.2080669937937864
2020-10-28 06:50:00,8.07,91.3,983.01,1.72,0.0,0,Normal,0.21553534518925377
2020-10-28 07:00:00,8.09,90.9,983.07,1.42,0.0,0,Normal,0.2174746233939534
2020-10-28 07:10:00,7.94,91.7,983.22,2.28,0.0,0,Normal,0.21050619823184047
2020-10-28 07:20:00,7.85,92.1,983.47,1.37,0.0,0,Normal,0.21260825478806572
2020-10-28 07:30:00,7.92,91.6,983.56,0.78,0.0,0,Normal,0.20697031272140792
2020-10-28 07:40:00,8.04,90.9,983.63,0.88,0.0,0,Normal,0.21591501336648944
2020-10-28 07:50:00,8.16,90.0,983.72,1.41,0.0,0,Normal,0.22165033031999792
2020-10-28 08:00:00,8.24,90.1,983.74,1.15,0.0,0,Normal,0.21940031676870908
2020-10-28 08:10:00,8.58,88.9,983.85,0.94,0.0,0,Normal,0.22025378445615712
2020-10-28 08:20:00,8.73,88.2,983.94,1.17,0.0,0,Normal,0.223041499986173
2020-10-28 08:30:00,8.79,88.0,983.98,1.64,0.0,0,Normal,0.22460844251775253
2020-10-28 08:40:00,8.85,88.5,983.99,2.4,0.0,0,Normal,0.21912513447685228
2020-10-28 08:50:00,9.07,87.9,983.89,4.0,0.0,0,Normal,0.18669636137717194
2020-10-28 09:00:00,9.42,86.2,984.01,3.97,0.0,0,Normal,0.18974851824903738
2020-10-28 09:10:00,9.73,84.1,984.1,4.4,0.0,0,Normal,0.18497432135692332
2020-10-28 09:20:00,9.92,83.6,984.15,3.14,0.0,0,Normal,0.2155431908777347
2020-10-28 09:30:00,10.04,83.3,984.25,3.92,0.0,0,Normal,0.19928394393231752
2020-10-28 09:40:00,10.08,83.8,984.39,4.87,0.0,0,Normal,0.17861412503702534
2020-10-28 09:50:00,10.11,84.7,984.49,5.49,0.1,0,Normal,0.09374625810688719
2020-10-28 10:00:00,10.25,84.9,984.62,4.23,0.0,0,Normal,0.1926428340150494
2020-10-28 10:10:00,10.52,84.3,984.6,3.41,0.0,0,Normal,0.21171041783702993
2020-10-28 10:20:00,10.78,83.4,984.48,2.78,0.0,0,Normal,0.22619141902259088
2020-10-28 10:30:00,11.15,81.7,984.63,2.72,0.0,0,Normal,0.22532154279318373
2020-10-28 10:40:00,11.28,80.5,984.61,4.08,0.0,0,Normal,0.20184169302754812
2020-10-28 10:50:00,11.34,80.2,984.56,4.98,0.0,0,Normal,0.18396451524984742
2020-10-28 11:00:00,11.38,80.1,984.59,3.65,0.0,0,Normal,0.2125118498354414
2020-10-28 11:10:00,11.45,79.97,984.59,4.23,0.0,0,Normal,0.20030107372475714
2020-10-28 11:20:00,11.61,79.52,984.62,3.74,0.0,0,Normal,0.21106918572977684
2020-10-28 11:30:00,11.77,78.75,984.7,3.88,0.0,0,Normal,0.20898955823663856
2020-10-28 11:40:00,11.86,78.51,984.75,3.85,0.0,0,Normal,0.2090152596503661
2020-10-28 11:50:00,11.97,78.23,984.85,4.2,0.0,0,Normal,0.20415181397722243
2020-10-28 12:00:00,12.14,77.36,984.75,4.89,0.0,0,Normal,0.1880503207164006
2020-10-28 12:10:00,12.3,77.11,984.73,4.12,0.0,0,Normal,0.20598238376843825
2020-10-28 12:20:00,12.47,76.5,984.86,4.3,0.0,0,Normal,0.20478602900454856
2020-10-28 12:30:00,12.59,76.12,984.83,6.41,0.0,0,Normal,0.15044414833406322
2020-10-28 12:40:00,12.83,74.47,984.54,7.59,0.0,0,Normal,0.11538605818291536
2020-10-28 12:50:00,13.13,73.15,984.51,8.28,0.0,0,Normal,0.10371674575093504
2020-10-28 13:00:00,12.88,74.75,984.64,6.66,0.0,0,Normal,0.14035642699563838
2020-10-28 13:10:00,12.67,75.04,984.79,6.42,0.0,0,Normal,0.14939365970439278
2020-10-28 13:20:00,12.61,75.38,984.86,5.92,0.0,0,Normal,0.16805669839546544
2020-10-28 13:30:00,12.57,75.66,984.91,6.24,0.0,0,Normal,0.16014792469785738
2020-10-28 13:40:00,12.48,76.81,985.0,5.3,0.0,0,Normal,0.18125254569291444
2020-10-28 13:50:00,12.49,76.91,984.99,4.64,0.0,0,Normal,0.19715502451261452
2020-10-28 14:00:00,12.62,76.25,985.03,4.6,0.0,0,Normal,0.19772765366454942
2020-10-28 14:10:00,12.64,76.54,984.92,5.03,0.0,0,Normal,0.18839172049315417
2020-10-28 14:20:00,12.71,76.38,984.74,6.22,0.0,0,Normal,0.15717863700148127
2020-10-28 14:30:00,13.07,74.64,984.7,6.77,0.0,0,Normal,0.13848069398119472
2020-10-28 14:40:00,13.18,74.47,984.76,5.06,0.0,0,Normal,0.1818048932613932
2020-10-28 14:50:00,12.93,75.72,984.82,6.21,0.0,0,Normal,0.15876118709116466
2020-10-28 15:00:00,12.58,77.66,984.98,4.49,0.0,0,Normal,0.19825392578215273
2020-10-28 15:10:00,12.45,78.31,985.07,3.68,0.0,0,Normal,0.21441740134078008
2020-10-28 15:20:00,12.48,78.33,985.14,3.4,0.0,0,Normal,0.21874863548032836
2020-10-28 15:30:00,12.55,78.07,985.09,2.96,0.0,0,Normal,0.2229096687407287
2020-10-28 15:40:00,12.39,78.61,985.12,3.44,0.0,0,Normal,0.21731246547200594
2020-10-28 15:50:00,12.26,79.56,985.15,2.96,0.0,0,Normal,0.22350348308247953
2020-10-28 16:00:00,12.12,80.5,985.24,2.74,0.0,0,Normal,0.23048433315920436
2020-10-28 16:10:00,11.96,82.7,985.34,2.16,0.0,0,Normal,0.23438400762668704
2020-10-28 16:20:00,11.64,85.8,985.45,2.14,0.3,0,Normal,0.05357082535608615
2020-10-28 16:30:00,11.13,91.1,985.57,1.28,0.4,0,Normal,0.039074466362103544
2020-10-28 16:40:00,10.89,93.0,985.52,1.53,0.0,0,Normal,0.22471811851155937
2020-10-28 16:50:00,10.64,96.0,985.64,2.14,0.0,0,Normal,0.21415790213802416
2020-10-28 17:00:00,10.38,97.4,985.73,2.48,0.0,0,Normal,0.19881471318933003
2020-10-28 17:10:00,10.13,98.5,985.86,2.28,0.0,0,Normal,0.19897863350721667
2020-10-28 17:20:00,9.98,98.4,985.93,2.51,0.0,0,Normal,0.19370504226727947
2020-10-28 17:30:00,9.87,98.2,985.97,3.5,0.0,0,Normal,0.16565286586242245
2020-10-28 17:40:00,9.66,97.6,985.99,4.17,0.0,0,Normal,0.15096246690945886
2020-10-28 17:50:00,9.34,97.4,985.93,5.03,0.0,0,Normal,0.1343963290845579
2020-10-28 18:00:00,9.18,95.8,985.95,4.5,0.0,0,Normal,0.15364891970782296
2020-10-28 18:10:00,9.21,93.5,986.11,4.38,0.0,0,Normal,0.16322903791133975
2020-10-28 18:20:00,9.46,90.4,986.3,3.46,0.0,0,Normal,0.19400214035673385
2020-10-28 18:30:00,9.46,90.2,986.42,3.68,0.0,0,Normal,0.19187642009766548
2020-10-28 18:40:00,9.82,87.2,986.42,3.55,0.0,0,Normal,0.20322410221251153
2020-10-28 18:50:00,9.94,86.7,986.46,3.19,0.0,0,Normal,0.21279948628817463
2020-10-28 19:00:00,10.07,85.3,986.56,2.62,0.0,0,Normal,0.2326056181884359
2020-10-28 19:10:00,10.1,84.7,986.56,2.11,0.0,0,Normal,0.23895356903395937
2020-10-28 19:20:00,9.71,87.4,986.53,2.79,0.0,0,Normal,0.22106184941690743
2020-10-28 19:30:00,8.85,92.9,986.54,3.05,0.0,0,Normal,0.2011017875654481
2020-10-28 19:40:00,8.48,95.2,986.52,3.43,0.0,0,Normal,0.18327684637276803
2020-10-28 19:50:00,9.49,88.4,986.56,2.74,0.0,0,Normal,0.2211127557373067
2020-10-28 20:00:00,10.11,85.1,986.59,2.54,0.0,0,Normal,0.2323453895102191
2020-10-28 20:10:00,10.26,85.0,986.57,2.86,0.0,0,Normal,0.228435731607402
2020-10-28 20:20:00,10.2,85.6,986.5,2.46,0.0,0,Normal,0.2340428665310036
2020-10-28 20:30:00,9.88,87.8,986.55,1.94,0.0,0,Normal,0.23444404340504388
2020-10-28 20:40:00,9.56,89.2,986.51,1.72,0.0,0,Normal,0.22874211736656325
2020-10-28 20:50:00,9.4,89.3,986.63,1.97,0.0,0,Normal,0.23006515369535196
2020-10-28 21:00:00,9.47,89.2,986.63,1.8,0.0,0,Normal,0.22965725418246968
2020-10-28 21:10:00,9.45,88.8,986.64,1.32,0.0,0,Normal,0.23070344350676808
2020-10-28 21:20:00,9.17,90.9,986.57,1.65,0.0,0,Normal,0.22643342386227988
2020-10-28 21:30:00,9.25,89.5,986.43,3.08,0.0,0,Normal,0.20959678847590518
2020-10-28 21:40:00,9.86,85.6,986.32,2.89,0.0,0,Normal,0.22236247939739323
2020-10-28 21:50:00,9.88,85.4,986.1,2.53,0.0,0,Normal,0.2278226490024084
2020-10-28 22:00:00,9.69,86.4,986.03,2.43,0.0,0,Normal,0.2280950338605343
2020-10-28 22:10:00,9.54,87.4,985.96,2.2,0.0,0,Normal,0.22838589449317465
2020-10-28 22:20:00,9.34,88.2,985.85,2.3,0.0,0,Normal,0.2256687725906335
2020-10-28 22:30:00,9.54,86.2,985.76,2.41,0.0,0,Normal,0.22681201488048375
2020-10-28 22:40:00,10.1,81.6,985.67,2.46,0.0,0,Normal,0.23511509660788932
2020-10-28 22:50:00,10.31,80.5,985.66,1.51,0.0,0,Normal,0.2415919552882279
2020-10-28 23:00:00,10.36,79.77,985.68,2.15,0.0,0,Normal,0.24126497355133752
2020-10-28 23:10:00,10.43,79.47,985.63,2.09,0.0,0,Normal,0.24196600874774582
2020-10-28 23:20:00,10.2,81.3,985.62,2.43,0.0,0,Normal,0.23504616411355467
2020-10-28 23:30:00,10.12,81.7,985.58,2.9,0.0,0,Normal,0.22708629078184434
2020-10-28 23:40:00,10.04,82.0,985.58,3.35,0.0,0,Normal,0.21367912451823462
2020-10-28 23:50:00,10.01,81.7,985.52,4.31,0.0,0,Normal,0.19298106649763946
2020-10-29 00:00:00,10.31,79.99,985.38,4.23,0.0,0,Normal,0.20274199364420314
2020-10-29 00:10:00,10.28,80.5,985.23,3.83,0.0,0,Normal,0.2117682006705191
2020-10-29 00:20:00,10.28,80.6,985.26,3.63,0.0,0,Normal,0.21396242188275322
2020-10-29 00:30:00,10.32,80.2,985.18,4.23,0.0,0,Normal,0.20435223986433626
2020-10-29 00:40:00,10.32,80.6,985.13,3.24,0.0,0,Normal,0.22104009469032987
2020-10-29 00:50:00,10.16,81.7,985.06,3.25,0.0,0,Normal,0.21676737896915643
2020-10-29 01:00:00,10.07,82.3,984.92,3.61,0.0,0,Normal,0.20915718516390291
2020-10-29 01:10:00,9.98,82.7,984.8,3.97,0.0,0,Normal,0.19737328881694377
2020-10-29 01:20:00,10.03,82.6,984.79,4.36,0.0,0,Normal,0.1914702646948625
2020-10-29 01:30:00,10.1,82.6,984.72,4.32,0.0,0,Normal,0.1916869757442446
2020-10-29 01:40:00,10.11,82.8,984.61,4.05,0.0,0,Normal,0.19828421693307746
2020-10-29 01:50:00,10.07,83.3,984.53,3.93,0.0,0,Normal,0.1990993278883953
2020-10-29 02:00:00,10.06,83.3,984.41,4.13,0.0,0,Normal,0.1951458428471443
2020-10-29 02:10:00,10.15,83.1,984.27,4.04,0.0,0,Normal,0.19789312964470646
2020-10-29 02:20:00,10.28,82.8,984.23,4.16,0.0,0,Normal,0.19443379997732713
2020-10-29 02:30:00,10.35,83.2,984.13,3.8,0.0,0,Normal,0.20331945970407755
2020-10-29 02:40:00,10.38,83.4,984.05,3.13,0.0,0,Normal,0.21717662886970818
2020-10-29 02:50:00,10.52,82.5,983.99,3.21,0.0,0,Normal,0.21473720386049672
2020-10-29 03:00:00,10.6,82.6,983.84,3.07,0.0,0,Normal,0.21641629758929082
2020-10-29 03:10:00,10.72,82.0,983.79,3.13,0.0,0,Normal,0.21604203819945378
2020-10-29 03:20:00,10.89,81.2,983.71,3.6,0.0,0,Normal,0.21001816137856755
2020-10-29 03:30:00,11.1,79.82,983.61,3.71,0.0,0,Normal,0.21297161015255062
2020-10-29 03:40:00,11.26,78.99,983.5,4.04,0.0,0,Normal,0.20290866798884266
2020-10-29 03:50:00,11.42,78.2,983.45,5.05,0.0,0,Normal,0.18384989131257262
2020-10-29 04:00:00,11.51,78.25,983.47,5.18,0.0,0,Normal,0.18005510503284988
2020-10-29 04:10:00,11.54,78.73,983.48,5.5,0.0,0,Normal,0.17164723635141776
2020-10-29 04:20:00,11.5,79.53,983.47,6.17,0.0,0,Normal,0.15276794730296783
2020-10-29 04:30:00,11.39,81.2,983.56,6.69,0.0,0,Normal,0.13205948960281993
2020-10-29 04:40:00,11.07,84.0,983.61,5.01,0.1,0,Normal,0.09985420986011828
2020-10-29 04:50:00,10.9,85.6,983.74,5.23,0.0,0,Normal,0.16625419528865537
2020-10-29 05:00:00,10.78,86.8,983.93,4.26,0.0,0,Normal,0.18583600192894278
2020-10-29 05:10:00,10.67,87.5,983.91,2.47,0.0,0,Normal,0.22359659545477734
2020-10-29 05:20:00,10.67,87.0,984.12,3.56,0.0,0,Normal,0.20256037138614613
2020-10-29 05:30:00,10.66,87.1,984.34,2.07,0.0,0,Normal,0.22826378148403847
2020-10-29 05:40:00,10.56,86.4,984.31,1.78,0.0,0,Normal,0.2326650066781007
2020-10-29 05:50:00,10.66,83.9,984.32,1.81,0.0,0,Normal,0.2350025801562997
2020-10-29 06:00:00,10.56,84.0,984.35,1.54,0.0,0,Normal,0.2356064315127832
2020-10-29 06:10:00,10.48,83.9,984.38,1.67,0.0,0,Normal,0.23577196350038032
2020-10-29 06:20:00,10.41,83.9,984.46,1.19,0.0,0,Normal,0.2346546545131517
2020-10-29 06:30:00,10.41,81.8,984.48,1.77,0.0,0,Normal,0.23409298621442926
2020-10-29 06:40:00,10.44,79.96,984.62,1.6,0.0,0,Normal,0.23836452777640316
2020-10-29 06:50:00,10.41,79.48,984.81,1.03,0.0,0,Normal,0.2354181367910469
2020-10-29 07:00:00,10.35,79.47,984.96,1.02,0.0,0,Normal,0.23632828138801215
2020-10-29 07:10:00,10.23,78.99,985.2,1.36,0.0,0,Normal,0.2393536956752032
2020-10-29 07:20:00,10.16,78.99,985.28,1.54,0.0,0,Normal,0.2399661684891266
2020-10-29 07:30:00,10.12,78.98,985.43,1.55,0.0,0,Normal,0.2411157113583321
2020-10-29 07:40:00,10.18,78.47,985.64,0.63,0.0,0,Normal,0.2322863519408508
2020-10-29 07:50:00,10.2,78.56,985.79,0.98,0.0,0,Normal,0.23978014173813816
2020-10-29 08:00:00,10.25,78.48,985.87,1.21,0.0,0,Normal,0.2411206555898529
2020-10-29 08:10:00,10.32,78.22,986.03,1.51,0.0,0,Normal,0.24321664758991762
2020-10-29 08:20:00,10.25,78.95,986.13,1.54,0.0,0,Normal,0.2425274525445849
2020-10-29 08:30:00,10.14,80.9,986.24,2.38,0.2,0,Normal,0.09611376565870167
2020-10-29 08:40:00,9.76,85.2,986.33,2.56,0.1,0,Normal,0.1380919895702275
2020-10-29 08:50:00,9.24,86.0,987.03,3.35,0.4,0,Normal,0.02198233712126285
2020-10-29 09:00:00,8.03,89.9,987.16,2.62,0.2,0,Normal,0.09054358882018543
2020-10-29 09:10:00,7.61,91.4,987.23,2.7,0.3,0,Normal,0.04719707051181554
2020-10-29 09:20:00,7.62,91.8,987.21,1.76,0.0,0,Normal,0.22212795858645223
2020-10-29 09:30:00,7.8,91.9,987.39,1.06,0.0,0,Normal,0.22301727236910962
2020-10-29 09:40:00,8.1,91.0,987.52,1.4,0.0,0,Normal,0.22952789347467445
2020-10-29 09:50:00,8.38,91.1,987.63,0.78,0.0,0,Normal,0.22469075799378035
2020-10-29 10:00:00,8.73,90.7,987.71,0.42,0.0,0,Normal,0.21383428824949702
2020-10-29 10:10:00,9.03,90.1,987.88,0.56,0.1,0,Normal,0.14212889120560057
2020-10-29 10:20:00,9.7,86.8,988.03,2.01,0.0,0,Normal,0.23575056034286818
2020-10-29 10:30:00,9.55,86.0,988.22,1.58,0.0,0,Normal,0.23771398944446687
2020-10-29 10:40:00,9.45,84.1,988.43,1.95,0.0,0,Normal,0.24003558470612207
2020-10-29 10:50:00,9.34,82.7,988.5,2.23,0.0,0,Normal,0.23713524508287642
2020-10-29 11:00:00,9.78,81.2,988.57,3.19,0.0,0,Normal,0.22316258607260764
2020-10-29 11:10:00,10.22,79.03,988.71,2.82,0.0,0,Normal,0.2353230052153183
2020-10-29 11:20:00,10.69,76.3,988.87,3.18,0.0,0,Normal,0.2334566032400467
2020-10-29 11:30:00,11.04,72.96,988.86,4.02,0.0,0,Normal,0.21596763788347312
2020-10-29 11:40:00,10.95,71.94,988.97,3.69,0.0,0,Normal,0.22560022668838292
2020-10-29 11:50:00,10.94,69.41,989.17,2.99,0.0,0,Normal,0.23580916601377488
2020-10-29 12:00:00,10.72,68.61,989.28,1.91,0.0,0,Normal,0.24687646587265266
2020-10-29 12:10:00,10.38,69.99,989.73,4.02,0.0,0,Normal,0.21398280259447766
2020-10-29 12:20:00,8.59,82.6,990.1,3.3,0.3,0,Normal,0.045274032985566426
2020-10-29 12:30:00,7.77,87.4,989.94,1.49,0.0,0,Normal,0.2359296415632116
2020-10-29 12:40:00,7.96,87.5,989.96,1.43,0.0,0,Normal,0.23656901645613032
2020-10-29 12:50:00,8.45,86.4,989.98,1.25,0.0,0,Normal,0.2387142681548044
2020-10-29 13:00:00,9.27,83.2,990.01,1.48,0.0,0,Normal,0.24141516787864742
2020-10-29 13:10:00,9.74,82.0,990.02,0.88,0.0,0,Normal,0.23875971338026164
2020-10-29 13:20:00,9.9,81.2,990.06,1.35,0.0,0,Normal,0.24178543976682593
2020-10-29 13:30:00,10.2,79.48,990.06,0.93,0.0,0,Normal,0.24513726734203733
2020-10-29 13:40:00,10.36,75.39,990.08,1.64,0.0,0,Normal,0.24972472688181352
2020-10-29 13:50:00,10.68,72.55,990.08,1.38,0.0,0,Normal,0.24993560698343048
2020-10-29 14:00:00,10.71,70.66,990.17,1.37,0.0,0,Normal,0.2497518801118669
2020-10-29 14:10:00,11.02,68.73,990.21,1.26,0.0,0,Normal,0.24589558999010708
2020-10-29 14:20:00,11.92,64.33,990.17,2.06,0.0,0,Normal,0.24466682483579155
2020-10-29 14:30:00,11.77,63.3,990.28,1.98,0.0,0,Normal,0.24357713771131478
2020-10-29 14:40:00,11.7,61.37,990.48,2.23,0.0,0,Normal,0.23975807116577624
2020-10-29 14:50:00,11.5,61.68,990.54,2.25,0.0,0,Normal,0.2396268798980667
2020-10-29 15:00:00,11.22,62.69,990.57,1.83,0.0,0,Normal,0.24373551444997738
2020-10-29 15:10:00,11.5,62.63,990.63,1.64,0.0,0,Normal,0.24477596521720146
2020-10-29 15:20:00,11.73,62.01,990.75,1.8,0.0,0,Normal,0.2431054329395393
2020-10-29 15:30:00,11.58,61.58,990.89,1.46,0.0,0,Normal,0.2434195045390412
2020-10-29 15:40:00,11.29,63.32,990.99,1.02,0.0,0,Normal,0.2428127955950457
2020-10-29 15:50:00,11.18,64.25,991.06,0.58,0.0,0,Normal,0.237401404531569
2020-10-29 16:00:00,10.86,65.9,991.15,0.78,0.0,0,Normal,0.24235922346912092
2020-10-29 16:10:00,10.53,67.54,991.28,0.72,0.0,0,Normal,0.24268358559682685
2020-10-29 16:20:00,10.38,68.63,991.3,0.31,0.0,0,Normal,0.22308643524517102
2020-10-29 16:30:00,10.13,71.6,991.42,0.92,0.0,0,Normal,0.24875190931028407
2020-10-29 16:40:00,9.95,73.3,991.46,0.38,0.0,0,Normal,0.22563422763934837
2020-10-29 16:50:00,9.76,72.49,991.46,0.65,0.0,0,Normal,0.24155303251903804
2020-10-29 17:00:00,9.54,72.35,991.52,0.61,0.0,0,Normal,0.24043413073981296
2020-10-29 17:10:00,9.45,71.79,991.59,0.7,0.0,0,Normal,0.24223653543180262
2020-10-29 17:20:00,9.4,71.85,991.65,0.94,0.0,0,Normal,0.24426433670066028
2020-10-29 17:30:00,9.25,72.24,991.82,1.1,0.0,0,Normal,0.245233725896065
2020-10-29 17:40:00,9.1,73.16,991.96,0.86,0.0,0,Normal,0.24392305573495326
2020-10-29 17:50:00,8.95,73.25,992.09,1.1,0.0,0,Normal,0.24629265185533988
2020-10-29 18:00:00,8.85,72.63,992.25,1.42,0.0,0,Normal,0.24700323005401198
2020-10-29 18:10:00,8.69,73.73,992.3,1.43,0.0,0,Normal,0.24629915520815238
2020-10-29 18:20:00,8.61,73.94,992.36,1.59,0.0,0,Normal,0.24670625339854402
2020-10-29 18:30:00,8.72,72.33,992.4,1.73,0.0,0,Normal,0.24560314884699747
2020-10-29 18:40:00,8.84,71.75,992.39,1.84,0.0,0,Normal,0.24577785967812094
2020-10-29 18:50:00,8.81,72.43,992.44,1.77,0.0,0,Normal,0.24599632976691044
2020-10-29 19:00:00,8.76,73.19,992.48,1.61,0.0,0,Normal,0.24793858323378298
2020-10-29 19:10:00,8.82,73.37,992.52,1.6,0.0,0,Normal,0.24839690531484787
2020-10-29 19:20:00,8.86,73.77,992.5,1.47,0.0,0,Normal,0.24750518163381352
2020-10-29 19:30:00,8.91,74.31,992.52,1.98,0.0,0,Normal,0.24720484493743566
2020-10-29 19:40:00,9.03,73.79,992.59,1.92,0.0,0,Normal,0.2479702237213388
2020-10-29 19:50:00,9.09,74.14,992.62,2.52,0.0,0,Normal,0.24176531101774168
2020-10-29 20:00:00,8.97,75.39,992.62,1.82,0.0,0,Normal,0.2475165054822785
2020-10-29 20:10:00,8.94,75.77,992.67,1.87,0.0,0,Normal,0.24504651296998065
2020-10-29 20:20:00,8.93,76.21,992.72,1.91,0.0,0,Normal,0.24521345860547822
2020-10-29 20:30:00,8.86,77.42,992.78,1.33,0.0,0,Normal,0.24523198653864947
2020-10-29 20:40:00,8.86,78.4,992.84,2.21,0.0,0,Normal,0.2412628716906785
2020-10-29 20:50:00,8.97,79.17,992.83,2.92,0.0,0,Normal,0.22994849427447522
2020-10-29 21:00:00,9.14,79.3,992.93,1.92,0.0,0,Normal,0.23998950079030545
2020-10-29 21:10:00,9.22,79.26,993.06,1.16,0.0,0,Normal,0.23885938179669802
2020-10-29 21:20:00,9.25,79.57,993.13,0.71,0.0,0,Normal,0.2369958294102671
2020-10-29 21:30:00,9.35,79.03,993.17,1.33,0.0,0,Normal,0.2409399905498803
2020-10-29 21:40:00,9.41,79.1,993.21,1.12,0.0,0,Normal,0.24033730771687872
2020-10-29 21:50:00,9.39,79.74,993.13,1.27,0.0,0,Normal,0.24215614626844095
2020-10-29 22:00:00,9.33,80.4,993.12,0.63,0.0,0,Normal,0.23568186644917766
2020-10-29 22:10:00,9.22,81.7,993.13,0.53,0.0,0,Normal,0.23070355335480297
2020-10-29 22:20:00,9.09,83.0,993.11,2.02,0.0,0,Normal,0.23982227089517422
2020-10-29 22:30:00,8.9,85.6,993.12,2.22,0.0,0,Normal,0.23415453632249245
2020-10-29 22:40:00,8.63,88.2,993.14,1.79,0.1,0,Normal,0.15032396246564322
2020-10-29 22:50:00,8.36,90.4,993.1,1.39,0.1,0,Normal,0.150791976411003
2020-10-29 23:00:00,8.23,92.2,993.05,0.87,0.1,0,Normal,0.14285118124526192
2020-10-29 23:10:00,8.17,93.0,992.96,0.7,0.0,0,Normal,0.2235700016748176
2020-10-29 23:20:00,8.07,94.9,992.85,1.15,0.1,0,Normal,0.1366019845117895
2020-10-29 23:30:00,7.89,96.5,992.69,1.22,0.1,0,Normal,0.1335220371446909
2020-10-29 23:40:00,7.77,98.0,992.57,1.19,0.1,0,Normal,0.1269419915875697
2020-10-29 23:50:00,7.67,98.7,992.49,1.37,0.1,0,Normal,0.13017023301494196
2020-10-30 00:00:00,7.56,99.7,992.4,1.26,0.0,0,Normal,0.20721580907120463
2020-10-30 00:10:00,7.53,100.0,992.19,1.31,0.1,0,Normal,0.12576273013754768
2020-10-30 00:20:00,7.47,100.0,992.05,1.43,0.0,0,Normal,0.20130945906554054
2020-10-30 00:30:00,7.44,100.0,992.0,1.75,0.1,0,Normal,0.12193507361983014
2020-10-30 00:40:00,7.52,100.0,991.86,2.15,0.1,0,Normal,0.1158272921451502
2020-10-30 00:50:00,7.57,100.0,991.74,2.05,0.0,0,Normal,0.19662741155889074
2020-10-30 01:00:00,7.66,100.0,991.63,2.1,0.1,0,Normal,0.11741378295744631
2020-10-30 01:10:00,7.74,100.0,991.47,1.94,0.1,0,Normal,0.12161797414594178
2020-10-30 01:20:00,7.78,100.0,991.32,1.89,0.1,0,Normal,0.12115302781126946
2020-10-30 01:30:00,7.82,100.0,991.18,2.2,0.1,0,Normal,0.11250002872648635
2020-10-30 01:40:00,7.87,100.0,991.03,2.37,0.2,0,Normal,0.06290874543723357
2020-10-30 01:50:00,7.9,100.0,990.89,2.41,0.1,0,Normal,0.11070822542872205
2020-10-30 02:00:00,7.93,100.0,990.86,2.16,0.0,0,Normal,0.19564957101363356
2020-10-30 02:10:00,7.97,100.0,990.87,2.1,0.2,0,Normal,0.06700511530258646
2020-10-30 02:20:00,8.02,100.0,990.75,2.58,0.3,0,Normal,0.028032695613655845
2020-10-30 02:30:00,8.03,100.0,990.67,2.87,0.2,0,Normal,0.05528152389040897
2020-10-30 02:40:00,8.11,100.0,990.59,2.73,0.1,0,Normal,0.10715238581353947
2020-10-30 02:50:00,8.25,100.0,990.58,3.05,0.3,0,Normal,0.025224541512850807
2020-10-30 03:00:00,8.33,100.0,990.52,2.61,0.2,0,Normal,0.05932182155911436
2020-10-30 03:10:00,8.51,100.0,990.43,2.88,0.2,0,Normal,0.056108733182401505
2020-10-30 03:20:00,8.82,100.0,990.3,2.66,0.1,0,Normal,0.10490922386469625
2020-10-30 03:30:00,9.08,99.9,990.28,3.16,0.2,0,Normal,0.052521355589432384
2020-10-30 03:40:00,9.44,98.6,990.29,3.96,0.2,0,Normal,0.038883895208998376
2020-10-30 03:50:00,9.67,97.8,990.24,3.44,0.1,0,Normal,0.09799845176587596
2020-10-30 04:00:00,9.87,96.7,990.18,4.06,0.1,0,Normal,0.09082293747952364
2020-10-30 04:10:00,9.99,96.6,990.22,3.89,0.2,0,Normal,0.04960387310313563
2020-10-30 04:20:00,10.02,97.0,990.22,4.29,0.1,0,Normal,0.088201753347671
2020-10-30 04:30:00,10.13,97.0,990.18,4.68,0.2,0,Normal,0.03573283137003158
2020-10-30 04:40:00,10.12,97.9,990.13,4.66,0.0,0,Normal,0.14723046296451725
2020-10-30 04:50:00,10.17,97.9,990.22,4.05,0.0,0,Normal,0.1576963697763057
2020-10-30 05:00:00,10.25,97.4,990.36,3.8,0.1,0,Normal,0.09803956164631067
2020-10-30 05:10:00,10.38,96.6,990.42,3.33,0.1,0,Normal,0.11339028009505736
2020-10-30 05:20:00,10.49,96.3,990.46,1.59,0.0,0,Normal,0.21887402387703364
2020-10-30 05:30:00,10.55,96.3,990.46,1.06,0.0,0,Normal,0.22004900887254641
2020-10-30 05:40:00,10.69,96.0,990.53,0.61,0.0,0,Normal,0.2187035115042027
2020-10-30 05:50:00,10.78,95.9,990.57,0.8,0.0,0,Normal,0.22326899640662767
2020-10-30 06:00:00,10.92,95.8,990.53,0.67,0.1,0,Normal,0.1412723741018223
2020-10-30 06:10:00,10.86,96.7,990.61,0.81,0.1,0,Normal,0.1374003708584911
2020-10-30 06:20:00,10.99,96.6,990.71,0.86,0.1,0,Normal,0.13632284470567696
2020-10-30 06:30:00,11.16,96.5,990.67,0.67,0.0,0,Normal,0.215349556137386
2020-10-30 06:40:00,11.19,96.9,990.69,0.67,0.1,0,Normal,0.13342757493308255
2020-10-30 06:50:00,11.04,97.5,990.69,0.69,0.0,0,Normal,0.21012046263654105
2020-10-30 07:00:00,10.5,99.0,990.7,0.95,0.0,0,Normal,0.21000991076496306
2020-10-30 07:10:00,10.33,100.0,990.72,0.67,0.0,0,Normal,0.2017022777411897
2020-10-30 07:20:00,10.66,99.4,990.69,0.87,0.0,0,Normal,0.2060197685122801
2020-10-30 07:30:00,11.17,96.8,990.72,2.87,0.0,0,Normal,0.1950385939079159
2020-10-30 07:40:00,11.5,94.8,990.73,2.4,0.0,0,Normal,0.21432315841566374
2020-10-30 07:50:00,11.52,95.0,990.92,1.92,0.0,0,Normal,0.22047454691718982
2020-10-30 08:00:00,11.74,93.6,991.07,2.05,0.0,0,Normal,0.22473879629799276
2020-10-30 08:10:00,11.88,93.0,991.16,1.71,0.0,0,Normal,0.22844219217273865
2020-10-30 08:20:00,11.95,92.7,991.28,2.12,0.0,0,Normal,0.22610623824304582
2020-10-30 08:30:00,12.11,92.2,991.43,1.35,0.0,0,Normal,0.22926954031715469
2020-10-30 08:40:00,12.23,91.9,991.48,0.95,0.0,0,Normal,0.22879404516666557
2020-10-30 08:50:00,12.3,91.9,991.53,0.96,0.0,0,Normal,0.22868954058720337
2020-10-30 09:00:00,12.34,91.8,991.63,0.82,0.0,0,Normal,0.22684622180963065
2020-10-30 09:10:00,12.47,91.5,991.73,1.23,0.0,0,Normal,0.23089678815118914
2020-10-30 09:20:00,12.61,91.1,991.83,1.45,0.0,0,Normal,0.23147504612085906
2020-10-30 09:30:00,12.71,91.4,991.93,0.73,0.0,0,Normal,0.22679744449239392
2020-10-30 09:40:00,12.71,92.0,991.92,0.99,0.1,0,Normal,0.15038761470004453
2020-10-30 09:50:00,12.77,92.0,992.01,1.32,0.1,0,Normal,0.15066780952705477
2020-10-30 10:00:00,12.77,92.7,992.08,1.85,0.0,0,Normal,0.2267841460303242
2020-10-30 10:10:00,12.73,92.8,992.13,1.95,0.1,0,Normal,0.14387912854038326
2020-10-30 10:20:00,12.69,93.9,992.15,1.32,0.2,0,Normal,0.09866149669001123
2020-10-30 10:30:00,12.6,94.4,992.19,1.64,0.3,0,Normal,0.054951091819007036
2020-10-30 10:40:00,12.56,95.8,992.25,0.76,0.2,0,Normal,0.08835101718499516
2020-10-30 10:50:00,12.54,95.6,992.25,1.55,0.2,0,Normal,0.0879056795386366
2020-10-30 11:00:00,12.53,96.5,992.31,0.84,0.3,0,Normal,0.05355631113639492
2020-10-30 11:10:00,12.58,95.8,992.34,1.41,0.2,0,Normal,0.08882991506156401
2020-10-30 11:20:00,12.61,96.1,992.3,0.95,0.3,0,Normal,0.059312082013538436
2020-10-30 11:30:00,12.64,96.2,992.24,1.35,0.0,0,Normal,0.21956357737914162
2020-10-30 11:40:00,12.67,95.5,992.22,2.14,0.0,0,Normal,0.21448643966700115
2020-10-30 11:50:00,12.63,95.8,992.23,2.11,0.0,0,Normal,0.21586768872636525
2020-10-30 12:00:00,12.71,95.6,992.19,1.96,0.0,0,Normal,0.21644814696273595
2020-10-30 12:10:00,12.86,95.1,992.19,2.09,0.0,0,Normal,0.21630634215983446
2020-10-30 12:20:00,13.15,93.0,992.13,2.73,0.0,0,Normal,0.21136723209359976
2020-10-30 12:30:00,13.58,90.9,992.05,3.04,0.0,0,Normal,0.20456588464546
2020-10-30 12:40:00,13.82,90.8,992.12,1.6,0.0,0,Normal,0.23109124412674087
2020-10-30 12:50:00,13.91,90.9,992.06,1.64,0.0,0,Normal,0.2314254074170864
2020-10-30 13:00:00,13.89,89.8,992.08,1.86,0.0,0,Normal,0.23019029022602555
2020-10-30 13:10:00,13.81,90.8,992.02,1.18,0.0,0,Normal,0.2315955717294368
2020-10-30 13:20:00,13.79,89.5,992.07,1.19,0.0,0,Normal,0.2337426932574967
2020-10-30 13:30:00,13.78,88.3,992.07,2.59,0.0,0,Normal,0.22238667671986423
2020-10-30 13:40:00,13.82,87.6,992.18,2.02,0.0,0,Normal,0.2317029902094353
2020-10-30 13:50:00,13.9,87.7,992.17,1.62,0.0,0,Normal,0.2368313625033271
2020-10-30 14:00:00,13.9,87.1,992.25,1.24,0.0,0,Normal,0.23711927005510225
2020-10-30 14:10:00,13.93,86.8,992.33,1.2,0.0,0,Normal,0.23745204210694348
2020-10-30 14:20:00,13.98,85.8,992.33,1.55,0.0,0,Normal,0.23929487472776778
2020-10-30 14:30:00,13.94,85.5,992.47,2.43,0.0,0,Normal,0.22925012568957082
2020-10-30 14:40:00,13.92,85.5,992.56,2.39,0.0,0,Normal,0.22956442206776695
2020-10-30 14:50:00,13.88,85.5,992.62,2.87,0.0,0,Normal,0.22124174603971497
2020-10-30 15:00:00,13.8,86.5,992.68,2.56,0.0,0,Normal,0.2250158904013212
2020-10-30 15:10:00,13.75,87.0,992.72,3.19,0.0,0,Normal,0.20845523473044242
2020-10-30 15:20:00,13.75,87.1,992.74,2.66,0.0,0,Normal,0.22268363293033266
2020-10-30 15:30:00,13.71,87.5,992.69,2.05,0.0,0,Normal,0.23109718121076944
2020-10-30 15:40:00,13.71,87.4,992.78,1.4,0.0,0,Normal,0.23622888681527798
2020-10-30 15:50:00,13.73,86.9,992.87,2.74,0.0,0,Normal,0.22236557090763004
2020-10-30 16:00:00,13.71,87.1,992.9,2.76,0.0,0,Normal,0.22074954657822993
2020-10-30 16:10:00,13.71,87.0,992.99,2.22,0.0,0,Normal,0.22826105628470322
2020-10-30 16:20:00,13.75,86.5,993.03,2.68,0.0,0,Normal,0.22216368246123508
2020-10-30 16:30:00,13.79,86.2,993.11,2.61,0.0,0,Normal,0.2226003141948586
2020-10-30 16:40:00,13.82,85.8,993.14,2.62,0.0,0,Normal,0.22321138876065816
2020-10-30 16:50:00,13.82,86.0,993.15,1.92,0.0,0,Normal,0.23318143441549338
2020-10-30 17:00:00,13.83,85.5,993.17,2.0,0.0,0,Normal,0.23162036214613435
2020-10-30 17:10:00,13.82,85.5,993.29,1.99,0.0,0,Normal,0.2323598458970934
2020-10-30 17:20:00,13.83,85.4,993.38,2.25,0.0,0,Normal,0.22772076355470217
2020-10-30 17:30:00,13.79,85.7,993.47,1.53,0.0,0,Normal,0.23629339724025006
2020-10-30 17:40:00,13.82,85.4,993.55,2.31,0.0,0,Normal,0.22675218333230285
2020-10-30 17:50:00,13.82,85.4,993.72,1.56,0.0,0,Normal,0.23570261867937736
2020-10-30 18:00:00,13.81,85.6,993.92,1.9,0.0,0,Normal,0.2335301545807516
2020-10-30 18:10:00,13.83,85.4,994.07,1.36,0.0,0,Normal,0.2350431388241659
2020-10-30 18:20:00,13.83,85.3,994.2,2.25,0.0,0,Normal,0.22735464058292393
2020-10-30 18:30:00,13.74,86.3,994.33,2.31,0.0,0,Normal,0.22564655763997926
2020-10-30 18:40:00,13.61,87.6,994.5,1.65,0.0,0,Normal,0.23340332013213216
2020-10-30 18:50:00,13.52,88.2,994.45,1.21,0.0,0,Normal,0.2308133448173405
2020-10-30 19:00:00,13.42,89.1,994.51,1.38,0.0,0,Normal,0.23128208651181087
2020-10-30 19:10:00,13.32,89.5,994.52,1.7,0.0,0,Normal,0.22908187647418776
2020-10-30 19:20:00,13.44,88.3,994.6,1.43,0.0,0,Normal,0.2327723449927761
2020-10-30 19:30:00,13.52,87.1,994.64,1.67,0.0,0,Normal,0.23240392722532266
2020-10-30 19:40:00,13.58,86.8,994.69,0.95,0.0,0,Normal,0.23473307233532759
2020-10-30 19:50:00,13.53,86.7,994.81,1.23,0.0,0,Normal,0.23526006439488617
2020-10-30 20:00:00,13.53,86.1,994.9,0.94,0.0,0,Normal,0.23481426272051154
2020-10-30 20:10:00,13.57,85.1,995.05,2.24,0.0,0,Normal,0.22781799660689794
2020-10-30 20:20:00,13.62,84.6,995.16,1.27,0.0,0,Normal,0.23491497319011323
2020-10-30 20:30:00,13.66,83.9,995.22,1.33,0.0,0,Normal,0.2350160471582473
2020-10-30 20:40:00,13.7,83.6,995.21,0.8,0.0,0,Normal,0.23540972604520655
2020-10-30 20:50:00,13.68,83.5,995.26,0.88,0.0,0,Normal,0.2360326252384919
2020-10-30 21:00:00,13.65,83.1,995.28,0.49,0.0,0,Normal,0.2273879014289017
2020-10-30 21:10:00,13.68,82.6,995.34,1.41,0.0,0,Normal,0.23454433672236547
2020-10-30 21:20:00,13.7,82.3,995.47,1.07,0.0,0,Normal,0.234431833638228
2020-10-30 21:30:00,13.69,82.5,995.62,1.54,0.0,0,Normal,0.23358019529433371
2020-10-30 21:40:00,13.66,82.6,995.62,2.12,0.0,0,Normal,0.2296980182095355
2020-10-30 21:50:00,13.67,82.4,995.68,2.21,0.0,0,Normal,0.22842781176171018
2020-10-30 22:00:00,13.64,82.2,995.66,2.28,0.0,0,Normal,0.2271106863196553
2020-10-30 22:10:00,13.62,82.0,995.75,2.43,0.0,0,Normal,0.22345216216405872
2020-10-30 22:20:00,13.63,81.9,995.77,2.14,0.0,0,Normal,0.2286740899507385
2020-10-30 22:30:00,13.62,81.9,995.87,1.99,0.0,0,Normal,0.2288211821298451
2020-10-30 22:40:00,13.63,81.6,996.0,2.36,0.0,0,Normal,0.2245015968367821
2020-10-30 22:50:00,13.62,81.8,996.08,2.1,0.0,0,Normal,0.2281621815719252
2020-10-30 23:00:00,13.56,82.2,996.14,1.42,0.0,0,Normal,0.23336303962551558
2020-10-30 23:10:00,13.58,82.0,996.17,1.19,0.0,0,Normal,0.23188937911716312
2020-10-30 23:20:00,13.59,81.8,996.25,1.01,0.0,0,Normal,0.23158674863993922
2020-10-30 23:30:00,13.58,81.8,996.31,1.17,0.0,0,Normal,0.23012657215633753
2020-10-30 23:40:00,13.54,82.1,996.35,0.96,0.0,0,Normal,0.23219386341552417
2020-10-30 23:50:00,13.51,82.1,996.34,1.5,0.0,0,Normal,0.23233854525383585
2020-10-31 00:00:00,13.47,82.4,996.35,1.05,0.0,0,Normal,0.23239458315316813
2020-10-31 00:10:00,13.46,82.6,996.3,1.26,0.0,0,Normal,0.23228716252112053
2020-10-31 00:20:00,13.39,83.1,996.25,1.22,0.0,0,Normal,0.23337621016314553
2020-10-31 00:30:00,13.28,83.9,996.3,1.15,0.0,0,Normal,0.2313227875530443
2020-10-31 00:40:00,13.3,83.8,996.4,1.61,0.0,0,Normal,0.23313249379290996
2020-10-31 00:50:00,13.34,83.8,996.5,1.52,0.0,0,Normal,0.23223461300514409
2020-10-31 01:00:00,13.31,84.2,996.52,1.66,0.0,0,Normal,0.2308030628469172
2020-10-31 01:10:00,13.28,84.5,996.5,1.36,0.0,0,Normal,0.2292761439151766
2020-10-31 01:20:00,13.32,84.5,996.55,1.22,0.0,0,Normal,0.2285925990646553
2020-10-31 01:30:00,13.34,84.7,996.58,1.37,0.0,0,Normal,0.22895159763542428
2020-10-31 01:40:00,13.35,85.0,996.57,1.31,0.0,0,Normal,0.22891845784975162
2020-10-31 01:50:00,13.4,84.9,996.59,1.52,0.0,0,Normal,0.22987380114847916
2020-10-31 02:00:00,13.4,85.0,996.56,0.89,0.0,0,Normal,0.22875472961021553
2020-10-31 02:10:00,13.45,84.7,996.5,0.87,0.0,0,Normal,0.2286236022618814
2020-10-31 02:20:00,13.47,84.6,996.55,1.46,0.0,0,Normal,0.2304716351428236
2020-10-31 02:30:00,13.48,84.5,996.56,1.07,0.0,0,Normal,0.2297367784308021
2020-10-31 02:40:00,13.51,84.5,996.62,0.69,0.0,0,Normal,0.22352463307097026
2020-10-31 02:50:00,13.52,84.5,996.65,1.31,0.0,0,Normal,0.22785576741853086
2020-10-31 03:00:00,13.5,84.6,996.71,1.17,0.0,0,Normal,0.22839992944714205
2020-10-31 03:10:00,13.52,84.6,996.67,1.08,0.0,0,Normal,0.23078124478644368
2020-10-31 03:20:00,13.52,84.6,996.65,1.43,0.0,0,Normal,0.22995148060956105
2020-10-31 03:30:00,13.48,84.9,996.63,1.62,0.0,0,Normal,0.22907283268480566
2020-10-31 03:40:00,13.48,85.0,996.56,1.83,0.0,0,Normal,0.22781255481554108
2020-10-31 03:50:00,13.43,85.5,996.56,2.31,0.0,0,Normal,0.22121823161855408
2020-10-31 04:00:00,13.38,86.0,996.61,2.02,0.0,0,Normal,0.2243354451728672
2020-10-31 04:10:00,13.32,86.7,996.64,1.64,0.0,0,Normal,0.22692975903157164
2020-10-31 04:20:00,13.22,87.7,996.7,1.87,0.0,0,Normal,0.22395954612793811
2020-10-31 04:30:00,13.18,88.0,996.72,1.82,0.0,0,Normal,0.22366426541642181
2020-10-31 04:40:00,13.14,88.4,996.76,1.08,0.0,0,Normal,0.2248353250144468
2020-10-31 04:50:00,13.12,88.8,996.77,1.0,0.0,0,Normal,0.22264249698444155
2020-10-31 05:00:00,13.08,89.1,996.8,1.12,0.0,0,Normal,0.22283732504405634
2020-10-31 05:10:00,13.11,88.8,996.83,0.52,0.0,0,Normal,0.21331714757774378
2020-10-31 05:20:00,13.07,89.0,996.89,0.92,0.0,0,Normal,0.22056366700631108
2020-10-31 05:30:00,13.0,89.4,996.95,0.86,0.0,0,Normal,0.21989503824324935
2020-10-31 05:40:00,12.9,90.4,996.95,1.62,0.0,0,Normal,0.2178387967569651
2020-10-31 05:50:00,12.76,91.7,997.03,1.53,0.0,0,Normal,0.21368442617340522
2020-10-31 06:00:00,12.67,92.2,997.01,1.56,0.0,0,Normal,0.2153734865406272
2020-10-31 06:10:00,12.61,92.8,996.94,0.88,0.0,0,Normal,0.21640358476377186
2020-10-31 06:20:00,12.58,93.0,996.96,0.77,0.0,0,Normal,0.212997424759659
2020-10-31 06:30:00,12.56,93.2,997.05,0.52,0.0,0,Normal,0.20584495224054938
2020-10-31 06:40:00,12.49,93.5,997.04,1.04,0.0,0,Normal,0.2139971500211308
2020-10-31 06:50:00,12.44,93.7,997.08,0.76,0.0,0,Normal,0.211221219533461
2020-10-31 07:00:00,12.48,93.2,997.09,1.11,0.0,0,Normal,0.2139737549573567
2020-10-31 07:10:00,12.57,92.4,997.17,1.01,0.0,0,Normal,0.21243557643719863
2020-10-31 07:20:00,12.68,91.7,997.24,0.78,0.0,0,Normal,0.20798660987274975
2020-10-31 07:30:00,12.7,91.6,997.25,1.01,0.0,0,Normal,0.21259160731759325
2020-10-31 07:40:00,12.63,92.5,997.25,1.0,0.0,0,Normal,0.21348654896014013
2020-10-31 07:50:00,12.55,93.1,997.28,2.13,0.0,0,Normal,0.20325778696864816
2020-10-31 08:00:00,12.5,93.4,997.31,2.86,0.0,0,Normal,0.1879341093373707
2020-10-31 08:10:00,12.48,93.9,997.37,2.92,0.0,0,Normal,0.18634281370566613
2020-10-31 08:20:00,12.46,94.2,997.47,2.65,0.0,0,Normal,0.18881242222076122
2020-10-31 08:30:00,12.53,94.1,997.5,1.83,0.0,0,Normal,0.2058541669049957
2020-10-31 08:40:00,12.66,93.4,997.57,1.89,0.0,0,Normal,0.2051360722771769
2020-10-31 08:50:00,12.74,92.6,997.55,2.97,0.0,0,Normal,0.18393816363001858
2020-10-31 09:00:00,12.84,92.1,997.58,2.36,0.0,0,Normal,0.19700209125222407
2020-10-31 09:10:00,13.06,91.0,997.59,1.2,0.0,0,Normal,0.2122663182572841
2020-10-31 09:20:00,13.27,89.7,997.6,1.91,0.0,0,Normal,0.21084947985303926
2020-10-31 09:30:00,13.32,89.1,997.57,1.7,0.0,0,Normal,0.21647625857197228
2020-10-31 09:40:00,13.5,88.6,997.52,1.23,0.0,0,Normal,0.21812729919829632
2020-10-31 09:50:00,13.78,87.2,997.46,1.2,0.0,0,Normal,0.21914525624738657
2020-10-31 10:00:00,13.95,86.2,997.39,1.53,0.0,0,Normal,0.2231457479850994
2020-10-31 10:10:00,14.11,85.0,997.31,1.94,0.0,0,Normal,0.22039578508721136
2020-10-31 10:20:00,14.13,84.3,997.24,2.89,0.0,0,Normal,0.20658268847678568
2020-10-31 10:30:00,14.19,83.9,997.16,2.7,0.0,0,Normal,0.21460694710285655
2020-10-31 10:40:00,14.27,82.8,997.07,3.0,0.0,0,Normal,0.20832361883201578
2020-10-31 10:50:00,14.32,81.4,997.03,3.86,0.0,0,Normal,0.1792989980788955
2020-10-31 11:00:00,14.38,81.7,996.92,2.41,0.0,0,Normal,0.22133846358613474
2020-10-31 11:10:00,14.53,81.3,996.83,2.13,0.0,0,Normal,0.22730375466816288
2020-10-31 11:20:00,14.65,82.2,996.79,1.42,0.0,0,Normal,0.2318324303942364
2020-10-31 11:30:00,14.57,84.6,996.72,1.66,0.0,0,Normal,0.23031655681570407
2020-10-31 11:40:00,14.48,84.9,996.6,1.88,0.0,0,Normal,0.2265348009833636
2020-10-31 11:50:00,14.64,84.0,996.51,1.75,0.0,0,Normal,0.22994808079544277
2020-10-31 12:00:00,14.83,82.3,996.43,1.02,0.0,0,Normal,0.2330706469827981
2020-10-31 12:10:00,14.85,83.0,996.36,1.19,0.0,0,Normal,0.23377697057290348
2020-10-31 12:20:00,14.93,81.7,996.25,0.7,0.0,0,Normal,0.22726863370473493
2020-10-31 12:30:00,15.01,80.7,996.13,0.87,0.0,0,Normal,0.2337334116002075
2020-10-31 12:40:00,15.0,79.58,996.02,0.73,0.0,0,Normal,0.23107429420844827
2020-10-31 12:50:00,15.01,79.79,995.86,1.17,0.0,0,Normal,0.23533830527877092
2020-10-31 13:00:00,15.08,78.83,995.72,2.22,0.0,0,Normal,0.23179386031976768
2020-10-31 13:10:00,15.08,78.18,995.64,3.19,0.0,0,Normal,0.21190356706156338
2020-10-31 13:20:00,14.97,77.8,995.52,3.2,0.0,0,Normal,0.21231377105965354
2020-10-31 13:30:00,14.84,78.38,995.4,3.86,0.0,0,Normal,0.19328325394826784
2020-10-31 13:40:00,14.6,79.18,995.28,3.75,0.0,0,Normal,0.19694101129399288
2020-10-31 13:50:00,14.53,78.43,995.16,3.49,0.0,0,Normal,0.20447882936657674
2020-10-31 14:00:00,14.56,77.97,995.01,3.34,0.0,0,Normal,0.20731005421072074
2020-10-31 14:10:00,14.62,77.07,994.89,3.69,0.0,0,Normal,0.20535996696305386
2020-10-31 14:20:00,14.73,76.54,994.78,3.47,0.0,0,Normal,0.20991328359695827
2020-10-31 14:30:00,14.81,75.65,994.67,3.21,0.0,0,Normal,0.21546430131134386
2020-10-31 14:40:00,14.67,75.7,994.64,4.62,0.0,0,Normal,0.1860907005466591
2020-10-31 14:50:00,14.26,77.52,994.58,4.23,0.0,0,Normal,0.19572302661580987
2020-10-31 15:00:00,13.98,78.23,994.49,3.94,0.0,0,Normal,0.19687573399852454
2020-10-31 15:10:00,13.86,79.06,994.44,3.5,0.0,0,Normal,0.20328479050570292
2020-10-31 15:20:00,13.66,79.81,994.4,4.0,0.0,0,Normal,0.19049308526663838
2020-10-31 15:30:00,13.54,80.5,994.22,4.89,0.0,0,Normal,0.1724750198015284
2020-10-31 15:40:00,13.52,81.1,994.17,3.83,0.0,0,Normal,0.19490315293231109
2020-10-31 15:50:00,13.53,81.2,994.01,3.97,0.0,0,Normal,0.19125710583408334
2020-10-31 16:00:00,13.55,81.6,993.86,3.89,0.0,0,Normal,0.19216969027288006
2020-10-31 16:10:00,13.53,81.9,993.77,3.44,0.0,0,Normal,0.20341000871997972
2020-10-31 16:20:00,13.46,82.8,993.69,4.04,0.0,0,Normal,0.1881286875851222
2020-10-31 16:30:00,13.35,82.9,993.74,5.1,0.0,0,Normal,0.1651372732699869
2020-10-31 16:40:00,13.2,83.0,993.63,5.06,0.0,0,Normal,0.16511573203825558
2020-10-31 16:50:00,13.1,83.8,993.67,4.6,0.0,0,Normal,0.17845215600491188
2020-10-31 17:00:00,13.05,83.9,993.71,4.24,0.0,0,Normal,0.18713600332319835
2020-10-31 17:10:00,12.98,84.0,993.54,4.76,0.0,0,Normal,0.17304596468221722
2020-10-31 17:20:00,12.93,84.3,993.7,4.18,0.0,0,Normal,0.18450617957474774
2020-10-31 17:30:00,12.91,84.6,993.91,2.88,0.0,0,Normal,0.21975606330120856
2020-10-31 17:40:00,12.88,84.5,993.71,3.31,0.0,0,Normal,0.20434741588995753
2020-10-31 17:50:00,12.81,84.3,993.78,3.67,0.0,0,Normal,0.19915248863739826
2020-10-31 18:00:00,12.72,83.9,993.68,3.63,0.0,0,Normal,0.20145004066896094
2020-10-31 18:10:00,12.6,83.4,993.59,3.73,0.0,0,Normal,0.20103535417517265
2020-10-31 18:20:00,12.45,83.4,993.52,3.65,0.0,0,Normal,0.20273331817659884
2020-10-31 18:30:00,12.3,84.0,993.45,3.26,0.0,0,Normal,0.2106172524908136
2020-10-31 18:40:00,12.13,84.7,993.37,2.68,0.0,0,Normal,0.22646172925420244
2020-10-31 18:50:00,11.93,86.2,993.27,3.06,0.0,0,Normal,0.21422723474797478
2020-10-31 19:00:00,11.76,87.0,993.08,2.76,0.0,0,Normal,0.2227352897784876
2020-10-31 19:10:00,11.6,87.5,992.86,2.08,0.0,0,Normal,0.23269408422189375
2020-10-31 19:20:00,11.38,88.5,992.51,2.69,0.0,0,Normal,0.22476839266627446
2020-10-31 19:30:00,11.15,89.5,992.39,3.11,0.0,0,Normal,0.21279441338788735
2020-10-31 19:40:00,11.06,89.8,992.3,3.19,0.0,0,Normal,0.20951387159053564
2020-10-31 19:50:00,11.05,89.9,992.29,3.19,0.0,0,Normal,0.20940644543859271
2020-10-31 20:00:00,11.1,89.6,992.36,2.6,0.0,0,Normal,0.22426385495427426
2020-10-31 20:10:00,11.04,89.9,992.3,2.77,0.0,0,Normal,0.21948337352753472
2020-10-31 20:20:00,10.92,90.4,992.2,2.81,0.0,0,Normal,0.2158188225039549
2020-10-31 20:30:00,10.99,89.9,992.21,2.92,0.0,0,Normal,0.21455042233181648
2020-10-31 20:40:00,11.01,89.8,992.2,2.62,0.0,0,Normal,0.22257486214898314
2020-10-31 20:50:00,10.95,89.9,992.06,3.04,0.0,0,Normal,0.21022301483208183
2020-10-31 21:00:00,11.16,88.6,992.01,2.75,0.0,0,Normal,0.22475754872543025
2020-10-31 21:10:00,11.43,87.5,991.92,2.41,0.0,0,Normal,0.23072421760944306
2020-10-31 21:20:00,11.1,89.4,991.79,2.27,0.0,0,Normal,0.23033911982660116
2020-10-31 21:30:00,10.87,90.6,991.87,2.34,0.0,0,Normal,0.22509039446188844
2020-10-31 21:40:00,10.95,89.9,991.88,2.05,0.0,0,Normal,0.23091960975658193
2020-10-31 21:50:00,10.63,91.3,991.78,2.4,0.0,0,Normal,0.22267715761358775
2020-10-31 22:00:00,10.49,91.9,991.67,2.93,0.0,0,Normal,0.2099861572133348
2020-10-31 22:10:00,10.48,91.7,991.67,2.88,0.0,0,Normal,0.21080004265174052
2020-10-31 22:20:00,10.42,91.8,991.72,2.48,0.0,0,Normal,0.22101357636045632
2020-10-31 22:30:00,10.46,91.5,991.74,2.14,0.0,0,Normal,0.22771342797260435
2020-10-31 22:40:00,10.4,91.6,991.67,1.87,0.0,0,Normal,0.22902608472851205
2020-10-31 22:50:00,10.22,92.4,991.64,2.25,0.0,0,Normal,0.22325643859783212
2020-10-31 23:00:00,10.13,92.8,991.57,1.62,0.0,0,Normal,0.22971031118708624
2020-10-31 23:10:00,9.98,93.3,991.48,2.22,0.0,0,Normal,0.22189709634569438
2020-10-31 23:20:00,9.9,93.6,991.47,2.19,0.0,0,Normal,0.2208990589394081
2020-10-31 23:30:00,9.96,93.4,991.49,2.82,0.0,0,Normal,0.20686638008161806
2020-10-31 23:40:00,10.0,93.1,991.48,2.92,0.0,0,Normal,0.20694151450320547
2020-10-31 23:50:00,9.94,93.5,991.47,1.99,0.0,0,Normal,0.2234494369557034
2020-11-01 00:00:00,10.01,93.2,991.65,1.99,0.0,0,Normal,0.2251267769276798
2020-11-01 00:10:00,10.1,92.9,991.63,1.42,0.0,0,Normal,0.23035830654224698
2020-11-01 00:20:00,10.02,93.1,991.65,2.25,0.0,0,Normal,0.22160404191529076
2020-11-01 00:30:00,9.78,94.4,991.71,1.66,0.0,0,Normal,0.2205430637146203
2020-11-01 00:40:00,9.98,93.8,991.88,2.17,0.0,0,Normal,0.22236292867218604
2020-11-01 00:50:00,10.33,92.1,991.85,2.8,0.0,0,Normal,0.2132334317547382
2020-11-01 01:00:00,10.33,92.0,991.7,1.59,0.0,0,Normal,0.23049391563542487
2020-11-01 01:10:00,10.31,92.3,991.67,2.39,0.0,0,Normal,0.22194255704122917
2020-11-01 01:20:00,10.4,92.0,991.64,1.62,0.0,0,Normal,0.23029963014753363
2020-11-01 01:30:00,10.31,92.4,991.56,1.38,0.0,0,Normal,0.23003512659126063
2020-11-01 01:40:00,10.36,92.4,991.58,1.12,0.0,0,Normal,0.23022219251682513
2020-11-01 01:50:00,10.52,91.8,991.53,1.6,0.0,0,Normal,0.23029963014753363
2020-11-01 02:00:00,10.46,92.3,991.66,1.79,0.0,0,Normal,0.22866625426227133
2020-11-01 02:10:00,10.55,92.1,991.57,1.7,0.0,0,Normal,0.2297261946831588
2020-11-01 02:20:00,10.64,91.7,991.45,1.52,0.0,0,Normal,0.23119761795093036
2020-11-01 02:30:00,10.75,91.3,991.28,1.33,0.0,0,Normal,0.23198291443316005
2020-11-01 02:40:00,10.84,91.6,991.27,1.71,0.0,0,Normal,0.23074294682978508
2020-11-01 02:50:00,11.09,90.6,991.32,1.51,0.0,0,Normal,0.2330232194275439
2020-11-01 03:00:00,11.06,91.6,991.23,1.27,0.0,0,Normal,0.23161355278583506
2020-11-01 03:10:00,10.86,93.2,991.17,1.46,0.0,0,Normal,0.23075191811310986
2020-11-01 03:20:00,10.89,93.8,991.03,1.8,0.0,0,Normal,0.2279833489754764
2020-11-01 03:30:00,10.77,95.9,990.79,1.71,0.0,0,Normal,0.22225468745723487
2020-11-01 03:40:00,10.78,96.6,990.82,1.98,0.0,0,Normal,0.21488735292008843
2020-11-01 03:50:00,10.97,96.2,990.87,1.84,0.0,0,Normal,0.2205864666118887
2020-11-01 04:00:00,11.05,96.3,990.97,1.11,0.0,0,Normal,0.21926592338615486
2020-11-01 04:10:00,11.07,95.7,991.07,1.05,0.0,0,Normal,0.2231406010440517
2020-11-01 04:20:00,11.09,95.9,991.06,0.87,0.0,0,Normal,0.2243671468773446
2020-11-01 04:30:00,10.94,97.4,990.95,1.18,0.0,0,Normal,0.21382186467125835
2020-11-01 04:40:00,10.82,97.8,990.79,2.44,0.0,0,Normal,0.20377182157647833
2020-11-01 04:50:00,10.73,98.6,990.75,2.78,0.0,0,Normal,0.19240904504584783
2020-11-01 05:00:00,10.67,99.1,990.66,2.94,0.0,0,Normal,0.18335411620492265
2020-11-01 05:10:00,10.62,99.6,990.75,2.62,0.0,0,Normal,0.19113664692711846
2020-11-01 05:20:00,10.61,99.7,990.81,1.62,0.0,0,Normal,0.2066163065672701
2020-11-01 05:30:00,10.6,99.8,990.93,0.99,0.0,0,Normal,0.20705690463444537
2020-11-01 05:40:00,10.58,99.8,990.6,2.14,0.0,0,Normal,0.19968389916130724
2020-11-01 05:50:00,10.66,99.1,990.6,2.33,0.0,0,Normal,0.19807553039795933
2020-11-01 06:00:00,10.72,98.8,990.61,1.56,0.0,0,Normal,0.20870705081735424
2020-11-01 06:10:00,10.68,99.1,990.36,1.78,0.0,0,Normal,0.20778282295249428
2020-11-01 06:20:00,10.57,99.8,990.4,2.27,0.0,0,Normal,0.19545709894609103
2020-11-01 06:30:00,10.52,100.0,990.29,2.19,0.0,0,Normal,0.1967997433746056
2020-11-01 06:40:00,10.46,100.0,990.29,0.78,0.0,0,Normal,0.20224326501984263
2020-11-01 06:50:00,10.49,100.0,990.28,0.66,0.0,0,Normal,0.2012586504770854
2020-11-01 07:00:00,10.56,100.0,990.3,1.08,0.0,0,Normal,0.20326154913115246
2020-11-01 07:10:00,10.59,99.8,990.28,0.99,0.0,0,Normal,0.20552481492545016
2020-11-01 07:20:00,10.62,99.5,990.38,1.51,0.0,0,Normal,0.20641931763563792
2020-11-01 07:30:00,10.63,99.5,990.34,1.42,0.0,0,Normal,0.20699150936770155
2020-11-01 07:40:00,10.57,99.9,990.32,1.48,0.0,0,Normal,0.2043251614783126
2020-11-01 07:50:00,10.64,99.5,990.46,1.31,0.0,0,Normal,0.2074705000101819
2020-11-01 08:00:00,10.77,98.9,990.53,1.54,0.0,0,Normal,0.20861664233338378
2020-11-01 08:10:00,10.91,98.4,990.67,1.0,0.0,0,Normal,0.20993767510541472
2020-11-01 08:20:00,11.09,97.2,990.63,1.71,0.0,0,Normal,0.21292414732126425
2020-11-01 08:30:00,11.25,96.2,990.64,1.19,0.0,0,Normal,0.2209493278652669
2020-11-01 08:40:00,11.4,95.6,990.68,0.92,0.0,0,Normal,0.2228041981859119
2020-11-01 08:50:00,11.42,95.7,990.69,1.35,0.0,0,Normal,0.22122437425062658
2020-11-01 09:00:00,11.36,96.4,990.64,1.02,0.0,0,Normal,0.21843007797136516
2020-11-01 09:10:00,11.44,95.9,990.71,1.22,0.0,0,Normal,0.22251541664494018
2020-11-01 09:20:00,11.48,96.1,990.72,1.17,0.0,0,Normal,0.22250578463139892
2020-11-01 09:30:00,11.55,95.7,990.62,1.79,0.0,0,Normal,0.2193240016786795
2020-11-01 09:40:00,11.62,95.5,990.61,2.34,0.0,0,Normal,0.21450473415493398
2020-11-01 09:50:00,11.67,95.6,990.53,2.68,0.0,0,Normal,0.20922808112010854
2020-11-01 10:00:00,11.72,95.5,990.47,1.81,0.0,0,Normal,0.22044824021444515
2020-11-01 10:10:00,11.72,95.8,990.48,2.12,0.0,0,Normal,0.21864205440182
2020-11-01 10:20:00,11.69,96.7,990.4,2.65,0.0,0,Normal,0.20535586438739428
2020-11-01 10:30:00,11.64,97.4,990.31,2.64,0.0,0,Normal,0.19891789052333542
2020-11-01 10:40:00,11.67,97.4,990.27,2.66,0.0,0,Normal,0.1978105216969006
2020-11-01 10:50:00,11.74,97.0,990.11,3.25,0.0,0,Normal,0.1859312916935017
2020-11-01 11:00:00,11.78,96.9,989.74,3.87,0.0,0,Normal,0.16734715243421755
2020-11-01 11:10:00,11.92,96.6,990.07,1.98,0.0,0,Normal,0.21440910955215142
2020-11-01 11:20:00,12.26,94.8,990.04,2.01,0.0,0,Normal,0.2189593368317272
2020-11-01 11:30:00,12.45,93.6,989.9,2.24,0.0,0,Normal,0.22052971552662837
2020-11-01 11:40:00,12.7,92.8,989.83,2.25,0.0,0,Normal,0.2217702394948622
2020-11-01 11:50:00,12.92,91.7,989.69,2.69,0.0,0,Normal,0.21442856002060068
2020-11-01 12:00:00,13.03,90.8,989.61,3.88,0.0,0,Normal,0.18729233529553435
2020-11-01 12:10:00,13.1,90.3,989.54,3.95,0.0,0,Normal,0.18492166559605328
2020-11-01 12:20:00,13.21,90.4,989.46,3.12,0.0,0,Normal,0.20969554513950972
2020-11-01 12:30:00,13.28,90.1,989.37,2.81,0.0,0,Normal,0.21776447234003266
2020-11-01 12:40:00,13.29,89.8,989.24,3.44,0.0,0,Normal,0.2021446706452001
2020-11-01 12:50:00,13.31,88.9,989.15,3.74,0.0,0,Normal,0.1973277626977078
2020-11-01 13:00:00,13.42,88.2,989.09,3.36,0.0,0,Normal,0.20901001950336595
2020-11-01 13:10:00,13.58,87.1,989.04,3.18,0.0,0,Normal,0.21516056944038991
2020-11-01 13:20:00,13.83,86.4,988.96,2.64,0.0,0,Normal,0.22967429723347182
2020-11-01 13:30:00,14.0,85.4,988.92,3.68,0.0,0,Normal,0.2062257422258878
2020-11-01 13:40:00,14.09,85.2,988.84,3.71,0.0,0,Normal,0.20589392088772435
2020-11-01 13:50:00,14.18,85.5,988.76,2.52,0.0,0,Normal,0.23146335475098806
2020-11-01 14:00:00,14.29,84.8,988.73,4.44,0.0,0,Normal,0.18749453243757364
2020-11-01 14:10:00,14.34,84.6,988.43,4.55,0.0,0,Normal,0.1855083201089086
2020-11-01 14:20:00,14.4,83.8,988.37,4.78,0.0,0,Normal,0.1797571991655605
2020-11-01 14:30:00,14.36,83.6,988.35,5.7,0.0,0,Normal,0.15671357771813854
2020-11-01 14:40:00,14.33,83.8,988.31,5.49,0.0,0,Normal,0.16450569374829405
2020-11-01 14:50:00,14.34,83.9,988.26,5.11,0.0,0,Normal,0.1712858262710052
2020-11-01 15:00:00,14.43,83.6,988.2,5.72,0.0,0,Normal,0.15666813307365768
2020-11-01 15:10:00,14.55,83.4,988.1,4.7,0.0,0,Normal,0.18320524586396586
2020-11-01 15:20:00,14.48,84.1,988.06,3.5,0.0,0,Normal,0.21046935467919342
2020-11-01 15:30:00,14.26,85.1,987.96,3.17,0.0,0,Normal,0.21435516804861166
2020-11-01 15:40:00,14.14,86.1,987.78,2.78,0.0,0,Normal,0.22374223787339087
2020-11-01 15:50:00,14.09,86.5,987.65,2.62,0.0,0,Normal,0.22779910285920818
2020-11-01 16:00:00,14.06,86.6,987.52,2.6,0.0,0,Normal,0.22665654516628508
2020-11-01 16:10:00,14.06,86.3,987.48,2.91,0.0,0,Normal,0.22067254438911332
2020-11-01 16:20:00,14.08,86.2,987.47,2.61,0.0,0,Normal,0.22757226734397057
2020-11-01 16:30:00,14.05,86.4,987.37,2.92,0.0,0,Normal,0.2195332345273801
2020-11-01 16:40:00,14.11,86.1,987.25,2.87,0.0,0,Normal,0.22151172214599268
2020-11-01 16:50:00,14.24,85.6,987.27,2.4,0.0,0,Normal,0.22980921517372838
2020-11-01 17:00:00,14.33,85.6,987.24,2.37,0.0,0,Normal,0.2293335583842131
2020-11-01 17:10:00,14.34,85.9,987.2,2.68,0.0,0,Normal,0.2254829501406807
2020-11-01 17:20:00,14.35,86.5,987.1,2.28,0.0,0,Normal,0.23110409322222186
2020-11-01 17:30:00,14.47,86.6,986.98,2.9,0.0,0,Normal,0.2201521119918542
2020-11-01 17:40:00,14.57,86.6,987.09,2.92,0.0,0,Normal,0.2192979092297314
2020-11-01 17:50:00,14.46,87.7,987.01,3.05,0.0,0,Normal,0.2117646793082995
2020-11-01 18:00:00,14.35,88.5,987.09,2.54,0.0,0,Normal,0.22243122271900906
2020-11-01 18:10:00,14.32,89.0,987.18,2.33,0.0,0,Normal,0.22504881089886797
2020-11-01 18:20:00,14.29,89.7,987.19,1.96,0.0,0,Normal,0.22785043116656167
2020-11-01 18:30:00,14.31,89.7,987.17,2.35,0.0,0,Normal,0.22237384059483695
2020-11-01 18:40:00,14.48,89.1,987.32,2.71,0.0,0,Normal,0.22057677783209917
2020-11-01 18:50:00,14.71,88.3,987.29,3.32,0.0,0,Normal,0.20320381731984583
2020-11-01 19:00:00,14.91,87.7,987.19,3.93,0.0,0,Normal,0.18697769546710497
2020-11-01 19:10:00,14.99,87.9,987.21,3.25,0.0,0,Normal,0.20653008714460636
2020-11-01 19:20:00,14.99,88.3,987.03,3.31,0.0,0,Normal,0.20252576803695155
2020-11-01 19:30:00,15.04,88.1,986.97,4.28,0.0,0,Normal,0.1817752893064845
2020-11-01 19:40:00,15.09,87.9,987.0,4.21,0.0,0,Normal,0.1844721051489291
2020-11-01 19:50:00,15.08,87.9,987.01,3.27,0.0,0,Normal,0.2062065348738651
2020-11-01 20:00:00,15.15,87.3,986.97,3.33,0.0,0,Normal,0.20463612895927374
2020-11-01 20:10:00,15.25,86.5,986.88,3.27,0.0,0,Normal,0.20909809197604912
2020-11-01 20:20:00,15.27,86.2,986.69,2.98,0.0,0,Normal,0.21459153339599113
2020-11-01 20:30:00,14.92,88.1,986.56,3.13,0.0,0,Normal,0.20990017285694218
2020-11-01 20:40:00,14.81,88.7,986.72,3.6,0.0,0,Normal,0.1952819556749602
2020-11-01 20:50:00,15.02,87.6,986.68,3.37,0.0,0,Normal,0.20432703911419248
2020-11-01 21:00:00,15.2,86.8,986.63,3.96,0.0,0,Normal,0.18779796816753186
2020-11-01 21:10:00,15.38,86.1,986.68,3.18,0.0,0,Normal,0.2117490904385615
2020-11-01 21:20:00,15.28,86.6,986.62,2.6,0.0,0,Normal,0.22372465198807318
2020-11-01 21:30:00,14.98,88.3,986.68,2.0,0.0,0,Normal,0.22753548352356173
2020-11-01 21:40:00,15.09,87.8,986.77,2.46,0.0,0,Normal,0.22476267183797327
2020-11-01 21:50:00,15.32,86.8,986.81,2.86,0.0,0,Normal,0.2198819423674936
2020-11-01 22:00:00,15.43,86.6,986.95,2.69,0.0,0,Normal,0.22471602022231935
2020-11-01 22:10:00,15.45,86.6,987.05,2.2,0.0,0,Normal,0.23069861709932632
2020-11-01 22:20:00,15.48,86.6,987.03,1.96,0.0,0,Normal,0.2334786829078767
2020-11-01 22:30:00,15.48,86.9,987.04,2.19,0.0,0,Normal,0.22904645932760426
2020-11-01 22:40:00,15.53,86.9,986.97,3.32,0.0,0,Normal,0.20376050680274194
2020-11-01 22:50:00,15.61,86.8,986.87,3.26,0.0,0,Normal,0.2075258502484108
2020-11-01 23:00:00,15.68,86.7,986.81,3.85,0.0,0,Normal,0.19107226364616642
2020-11-01 23:10:00,15.69,86.8,986.85,3.67,0.0,0,Normal,0.1978302229991396
2020-11-01 23:20:00,15.68,87.0,986.89,3.56,0.0,0,Normal,0.19969183462968576
2020-11-01 23:30:00,15.65,87.1,986.9,2.77,0.0,0,Normal,0.2217523302991778
2020-11-01 23:40:00,15.58,87.4,986.98,2.38,0.0,0,Normal,0.22572188871744447
2020-11-01 23:50:00,15.57,87.6,986.84,3.45,0.0,0,Normal,0.2029229078749239
2020-11-02 00:00:00,15.53,87.9,986.79,2.74,0.0,0,Normal,0.22122503639456825
2020-11-02 00:10:00,15.49,87.9,986.62,1.66,0.0,0,Normal,0.23274129550206857
2020-11-02 00:20:00,15.53,87.6,986.37,2.59,0.0,0,Normal,0.22157383118586554
2020-11-02 00:30:00,15.44,87.9,986.29,1.26,0.0,0,Normal,0.2316141866260582
2020-11-02 00:40:00,15.48,87.5,986.35,2.23,0.0,0,Normal,0.22661957705025076
2020-11-02 00:50:00,15.49,87.4,986.36,3.03,0.0,0,Normal,0.20918156562677376
2020-11-02 01:00:00,15.51,87.2,986.16,3.75,0.0,0,Normal,0.19329181336471024
2020-11-02 01:10:00,15.64,86.7,986.09,3.86,0.0,0,Normal,0.18830247988834276
2020-11-02 01:20:00,15.76,86.1,986.17,3.45,0.0,0,Normal,0.20178926571525146
2020-11-02 01:30:00,15.84,85.9,986.24,3.75,0.0,0,Normal,0.19418083540133763
2020-11-02 01:40:00,15.93,85.7,986.5,3.67,0.0,0,Normal,0.19645524389510316
2020-11-02 01:50:00,16.03,85.4,986.49,4.21,0.0,0,Normal,0.18423648202877407
2020-11-02 02:00:00,16.1,85.2,986.48,3.61,0.0,0,Normal,0.19711911825995232
2020-11-02 02:10:00,16.18,84.9,986.39,3.38,0.0,0,Normal,0.2048107084203108
2020-11-02 02:20:00,16.21,84.8,986.14,3.25,0.0,0,Normal,0.20563954895575326
2020-11-02 02:30:00,16.25,84.6,985.87,3.68,0.0,0,Normal,0.19720319940717174
2020-11-02 02:40:00,16.22,84.8,985.84,3.35,0.0,0,Normal,0.20345018520130959
2020-11-02 02:50:00,16.22,84.8,985.9,2.9,0.0,0,Normal,0.21746386906434112
2020-11-02 03:00:00,16.26,84.7,985.83,3.0,0.0,0,Normal,0.2099913098272469
2020-11-02 03:10:00,16.22,85.2,985.82,3.14,0.0,0,Normal,0.20549832262072443
2020-11-02 03:20:00,16.27,85.3,985.79,3.99,0.0,0,Normal,0.18222387493925013
2020-11-02 03:30:00,16.39,85.1,985.58,5.99,0.0,0,Normal,0.1371736090330018
2020-11-02 03:40:00,16.51,85.0,985.42,5.16,0.0,0,Normal,0.1586085920094576
2020-11-02 03:50:00,16.46,85.5,985.23,5.32,0.0,0,Normal,0.15200397900768953
2020-11-02 04:00:00,16.45,85.6,985.19,4.69,0.0,0,Normal,0.16826832984141588
2020-11-02 04:10:00,16.54,85.1,985.15,5.26,0.0,0,Normal,0.15349076711463444
2020-11-02 04:20:00,16.6,85.0,985.23,4.66,0.0,0,Normal,0.17053975913818586
2020-11-02 04:30:00,16.65,84.8,985.33,5.79,0.0,0,Normal,0.14206154672229354
2020-11-02 04:40:00,16.71,84.7,985.37,5.18,0.0,0,Normal,0.15848128495148328
2020-11-02 04:50:00,16.74,84.8,985.55,5.39,0.0,0,Normal,0.15296575159403342
2020-11-02 05:00:00,16.7,85.5,985.63,4.65,0.0,0,Normal,0.17083919673827636
2020-11-02 05:10:00,16.5,87.5,985.49,3.6,0.0,0,Normal,0.19245056280859674
2020-11-02 05:20:00,16.46,88.0,985.46,4.97,0.0,0,Normal,0.15594470928432147
2020-11-02 05:30:00,16.55,87.5,985.13,6.59,0.0,0,Normal,0.11580257078494194
2020-11-02 05:40:00,16.62,87.0,985.07,6.5,0.0,0,Normal,0.11896319101153752
2020-11-02 05:50:00,16.74,86.1,985.15,7.03,0.0,0,Normal,0.1069074825059304
2020-11-02 06:00:00,16.8,85.8,985.16,6.43,0.0,0,Normal,0.12436079034946373
2020-11-02 06:10:00,16.86,85.5,985.48,4.63,0.0,0,Normal,0.17215384483009433
2020-11-02 06:20:00,16.92,85.0,985.49,6.23,0.0,0,Normal,0.12961177564723614
2020-11-02 06:30:00,17.01,84.5,985.55,5.81,0.0,0,Normal,0.14043704000236873
2020-11-02 06:40:00,17.08,84.1,985.53,6.05,0.0,0,Normal,0.13320614686586724
2020-11-02 06:50:00,17.15,83.8,985.57,5.31,0.0,0,Normal,0.15381170197181832
2020-11-02 07:00:00,17.11,84.2,985.59,4.33,0.0,0,Normal,0.17999487945525605
2020-11-02 07:10:00,17.15,84.0,985.63,4.95,0.0,0,Normal,0.16227575794143345
2020-11-02 07:20:00,17.19,83.8,985.79,4.96,0.0,0,Normal,0.16374462675049023
2020-11-02 07:30:00,17.25,83.5,985.89,4.38,0.0,0,Normal,0.18139688892638411
2020-11-02 07:40:00,17.23,83.6,985.92,3.69,0.0,0,Normal,0.1988601748119524
2020-11-02 07:50:00,17.26,83.4,985.93,4.0,0.0,0,Normal,0.18627248379444572
2020-11-02 08:00:00,17.34,83.0,986.04,4.62,0.0,0,Normal,0.1730487103515505
2020-11-02 08:10:00,17.35,83.1,986.08,4.81,0.0,0,Normal,0.16545685500428997
2020-11-02 08:20:00,17.4,82.9,986.07,4.03,0.0,0,Normal,0.18415429102142722
2020-11-02 08:30:00,17.46,82.5,985.98,4.95,0.0,0,Normal,0.1631419987655809
2020-11-02 08:40:00,17.56,82.0,985.83,6.85,0.0,0,Normal,0.11263394478976807
2020-11-02 08:50:00,17.67,81.6,985.8,7.64,0.0,0,Normal,0.0930025999096995
2020-11-02 09:00:00,17.73,81.3,985.97,7.44,0.0,0,Normal,0.10034512961777386
2020-11-02 09:10:00,17.8,81.2,986.18,7.14,0.0,0,Normal,0.10378410298121821
2020-11-02 09:20:00,17.86,81.1,986.26,7.34,0.0,0,Normal,0.10078675212841226
2020-11-02 09:30:00,17.97,80.8,986.33,7.23,0.0,0,Normal,0.10392027167168905
2020-11-02 09:40:00,18.04,80.6,986.34,7.84,0.0,0,Normal,0.09121943880563987
2020-11-02 09:50:00,18.03,80.6,986.41,7.8,0.0,0,Normal,0.09121943880563987
2020-11-02 10:00:00,18.04,80.6,986.48,6.72,0.0,0,Normal,0.11669144496306605
2020-11-02 10:10:00,18.04,80.7,986.39,6.41,0.0,0,Normal,0.12454328366880385
2020-11-02 10:20:00,18.08,80.3,986.42,5.85,0.0,0,Normal,0.14078662112189677
2020-11-02 10:30:00,18.23,79.07,986.44,6.29,0.0,0,Normal,0.12840294964367283
2020-11-02 10:40:00,18.39,77.79,986.48,6.41,0.0,0,Normal,0.13007710342931011
2020-11-02 10:50:00,18.5,77.04,986.61,5.65,0.0,0,Normal,0.1536226377978308
2020-11-02 11:00:00,18.55,76.44,986.72,5.18,0.0,0,Normal,0.16569398543340397
2020-11-02 11:10:00,18.6,75.77,986.74,5.46,0.0,0,Normal,0.15577937992647117
2020-11-02 11:20:00,18.72,75.09,986.68,5.44,0.0,0,Normal,0.15579051384833287
2020-11-02 11:30:00,18.91,74.19,986.55,5.35,0.0,0,Normal,0.15583174940535366
2020-11-02 11:40:00,19.06,73.53,986.49,5.75,0.0,0,Normal,0.1444958271109203
2020-11-02 11:50:00,19.05,73.21,986.46,6.6,0.0,0,Normal,0.12408850874266536
2020-11-02 12:00:00,18.95,73.63,986.5,5.99,0.0,0,Normal,0.14171371395071747
2020-11-02 12:10:00,18.89,73.81,986.48,6.09,0.0,0,Normal,0.13876675049676823
2020-11-02 12:20:00,18.9,73.78,986.5,5.65,0.0,0,Normal,0.14927356469634334
2020-11-02 12:30:00,19.04,72.99,986.44,5.73,0.0,0,Normal,0.1480698005365091
2020-11-02 12:40:00,19.17,72.24,986.3,5.82,0.0,0,Normal,0.1445192592846941
2020-11-02 12:50:00,19.22,71.88,986.26,5.33,0.0,0,Normal,0.1562059820260649
2020-11-02 13:00:00,19.25,71.24,986.13,6.17,0.0,0,Normal,0.13751720017468866
2020-11-02 13:10:00,19.33,70.55,986.03,5.84,0.0,0,Normal,0.14670193063182047
2020-11-02 13:20:00,19.4,70.21,985.94,6.76,0.0,0,Normal,0.12628679478167432
2020-11-02 13:30:00,19.39,70.38,985.87,6.37,0.0,0,Normal,0.1338696512605691
2020-11-02 13:40:00,19.38,70.46,985.8,6.45,0.0,0,Normal,0.1331106148765977
2020-11-02 13:50:00,19.4,70.25,985.76,6.97,0.0,0,Normal,0.1178725637458038
2020-11-02 14:00:00,19.51,69.92,985.75,6.11,0.0,0,Normal,0.1413259749319576
2020-11-02 14:10:00,19.8,68.79,985.78,6.48,0.0,0,Normal,0.12962281891284994
2020-11-02 14:20:00,20.04,67.87,985.73,7.25,0.0,0,Normal,0.11033090408974833
2020-11-02 14:30:00,19.96,68.23,985.74,5.95,0.0,0,Normal,0.14265756538270463
2020-11-02 14:40:00,19.91,68.29,985.74,5.96,0.0,0,Normal,0.14265756538270463
2020-11-02 14:50:00,19.86,68.56,985.72,5.91,0.0,0,Normal,0.1458369013699513
2020-11-02 15:00:00,19.81,68.76,985.75,5.56,0.0,0,Normal,0.15327428828065093
2020-11-02 15:10:00,19.76,68.84,985.75,5.0,0.0,0,Normal,0.16537393442227355
2020-11-02 15:20:00,19.71,68.87,985.81,4.56,0.0,0,Normal,0.18000182911318402
2020-11-02 15:30:00,19.69,68.72,985.84,4.47,0.0,0,Normal,0.1829194992393428
2020-11-02 15:40:00,19.98,67.37,985.87,5.13,0.0,0,Normal,0.16377779606751874
2020-11-02 15:50:00,20.03,67.21,985.87,5.25,0.0,0,Normal,0.16053672389899698
2020-11-02 16:00:00,19.87,67.66,985.79,5.94,0.0,0,Normal,0.14463022039532936
2020-11-02 16:10:00,19.71,68.59,985.84,3.91,0.0,0,Normal,0.19609733574327842
2020-11-02 16:20:00,19.53,69.65,985.97,3.74,0.0,0,Normal,0.2019904142219291
2020-11-02 16:30:00,19.29,71.03,986.08,2.66,0.0,0,Normal,0.22523146165507818
2020-11-02 16:40:00,19.08,72.12,986.2,1.41,0.0,0,Normal,0.23440792420947054
2020-11-02 16:50:00,18.95,72.61,986.31,2.82,0.0,0,Normal,0.22534549334742815
2020-11-02 17:00:00,18.93,72.76,986.31,3.59,0.0,0,Normal,0.2076563794667009
2020-11-02 17:10:00,18.81,73.35,986.25,3.07,0.0,0,Normal,0.2157631302389162
2020-11-02 17:20:00,18.73,73.83,986.17,2.85,0.0,0,Normal,0.22410674822663046
2020-11-02 17:30:00,18.68,74.33,986.15,3.7,0.0,0,Normal,0.204709108321034
2020-11-02 17:40:00,18.57,75.04,986.19,3.21,0.0,0,Normal,0.21453030226197145
2020-11-02 17:50:00,18.63,74.88,986.27,2.78,0.0,0,Normal,0.2285508133271596
2020-11-02 18:00:00,18.59,75.32,986.26,2.95,0.0,0,Normal,0.22181075454398558
2020-11-02 18:10:00,18.49,75.82,986.23,2.35,0.0,0,Normal,0.22928888409641784
2020-11-02 18:20:00,18.53,75.77,986.23,3.32,0.0,0,Normal,0.2079819792953273
2020-11-02 18:30:00,18.61,75.49,986.19,5.78,0.0,0,Normal,0.14846525045287867
2020-11-02 18:40:00,18.78,74.6,986.2,5.94,0.0,0,Normal,0.14313735188889382
2020-11-02 18:50:00,18.81,74.34,986.21,6.05,0.0,0,Normal,0.1390205835019797
2020-11-02 19:00:00,18.82,74.09,986.48,6.2,0.0,0,Normal,0.1367151431577472
2020-11-02 19:10:00,18.8,74.0,986.69,6.21,0.0,0,Normal,0.13657927413729526
2020-11-02 19:20:00,18.76,73.96,986.62,6.22,0.0,0,Normal,0.1366575667142621
2020-11-02 19:30:00,18.71,73.73,986.6,5.98,0.0,0,Normal,0.14446516950417698
2020-11-02 19:40:00,18.72,73.07,986.62,6.34,0.0,0,Normal,0.1339683557649342
2020-11-02 19:50:00,18.84,72.1,986.68,6.17,0.0,0,Normal,0.13887619648915384
2020-11-02 20:00:00,18.89,71.28,986.86,6.05,0.0,0,Normal,0.141541661132158
2020-11-02 20:10:00,18.79,71.39,987.08,4.71,0.0,0,Normal,0.1786437849918232
2020-11-02 20:20:00,18.52,72.36,987.21,4.45,0.0,0,Normal,0.18791078293684316
2020-11-02 20:30:00,18.39,72.78,987.32,4.41,0.0,0,Normal,0.189046675202382
2020-11-02 20:40:00,18.19,73.8,987.48,3.73,0.0,0,Normal,0.2064754182547367
2020-11-02 20:50:00,18.09,74.37,987.59,4.16,0.0,0,Normal,0.1954205519029138
2020-11-02 21:00:00,18.17,74.27,987.69,4.55,0.0,0,Normal,0.18727668822567134
2020-11-02 21:10:00,18.18,74.46,987.75,3.97,0.0,0,Normal,0.19688696936227928
2020-11-02 21:20:00,18.08,75.06,987.77,3.15,0.0,0,Normal,0.2176340654870192
2020-11-02 21:30:00,18.02,75.59,987.84,3.25,0.0,0,Normal,0.21267881407685396
2020-11-02 21:40:00,17.99,75.98,987.9,3.27,0.0,0,Normal,0.21156753665669503
2020-11-02 21:50:00,17.97,76.21,987.96,3.72,0.0,0,Normal,0.20537709116942532
2020-11-02 22:00:00,17.9,76.49,988.01,4.14,0.0,0,Normal,0.19395137023333037
2020-11-02 22:10:00,17.88,76.56,987.98,4.22,0.0,0,Normal,0.19392123405642092
2020-11-02 22:20:00,18.03,75.88,988.04,4.85,0.0,0,Normal,0.1752834144382896
2020-11-02 22:30:00,18.07,75.6,988.0,4.31,0.0,0,Normal,0.18998121466311146
2020-11-02 22:40:00,18.07,75.41,987.99,4.27,0.0,0,Normal,0.19357350405677126
2020-11-02 22:50:00,18.17,74.81,988.03,3.77,0.0,0,Normal,0.20763933409915808
2020-11-02 23:00:00,18.21,74.52,988.11,3.47,0.0,0,Normal,0.21153383121923258
2020-11-02 23:10:00,18.11,74.92,988.22,3.08,0.0,0,Normal,0.21927003447786136
2020-11-02 23:20:00,18.29,73.89,988.3,3.76,0.0,0,Normal,0.207524682954901
2020-11-02 23:30:00,18.42,73.34,988.41,3.27,0.0,0,Normal,0.21535249875035023
2020-11-02 23:40:00,18.34,73.73,988.52,2.16,0.0,0,Normal,0.2355223170996682
2020-11-02 23:50:00,18.29,73.91,988.59,2.53,0.0,0,Normal,0.2304145347421387
2020-11-03 00:00:00,18.27,74.19,988.68,2.53,0.0,0,Normal,0.2303061388328842
2020-11-03 00:10:00,18.24,74.45,988.73,3.59,0.0,0,Normal,0.21049429951912635
2020-11-03 00:20:00,18.14,75.1,988.84,3.38,0.0,0,Normal,0.21637778486948195
2020-11-03 00:30:00,18.22,74.9,988.87,4.63,0.0,0,Normal,0.18647527616658094
2020-11-03 00:40:00,17.42,77.73,989.84,4.36,0.0,0,Normal,0.19350766299262245
2020-11-03 00:50:00,14.7,88.8,990.29,2.52,0.0,0,Normal,0.2263932038978853
2020-11-03 01:00:00,13.59,93.1,990.49,2.93,0.0,0,Normal,0.2069299195156301
2020-11-03 01:10:00,12.87,94.7,990.92,3.37,0.0,0,Normal,0.1921573195260775
2020-11-03 01:20:00,12.63,89.9,991.06,3.72,0.0,0,Normal,0.1950917993244693
2020-11-03 01:30:00,12.58,86.4,991.24,3.17,0.0,0,Normal,0.21690422849255858
2020-11-03 01:40:00,12.57,85.3,991.53,3.42,0.0,0,Normal,0.212160611009585
2020-11-03 01:50:00,12.56,85.2,991.76,3.15,0.0,0,Normal,0.21735083896624363
2020-11-03 02:00:00,12.45,85.5,991.69,2.64,0.0,0,Normal,0.22939410117648856
2020-11-03 02:10:00,12.42,84.9,991.83,2.09,0.0,0,Normal,0.23660938244489826
2020-11-03 02:20:00,12.41,84.9,992.01,1.47,0.0,0,Normal,0.2426863865595832
2020-11-03 02:30:00,12.41,85.1,992.17,1.52,0.0,0,Normal,0.2406113652334569
2020-11-03 02:40:00,12.38,85.6,992.32,1.44,0.0,0,Normal,0.241290658679419
2020-11-03 02:50:00,12.47,85.0,992.36,1.13,0.0,0,Normal,0.24073232084356355
2020-11-03 03:00:00,12.59,83.6,992.33,1.52,0.0,0,Normal,0.24333167417807872
2020-11-03 03:10:00,12.65,80.6,992.44,1.23,0.0,0,Normal,0.24236161774045467
2020-11-03 03:20:00,12.68,78.02,992.46,0.96,0.0,0,Normal,0.24345570761452556
2020-11-03 03:30:00,12.65,76.32,992.57,1.12,0.0,0,Normal,0.24525322002247674
2020-11-03 03:40:00,12.59,75.83,992.87,0.73,0.0,0,Normal,0.23993840638642805
2020-11-03 03:50:00,12.66,74.6,993.11,1.16,0.0,0,Normal,0.24497545933422316
2020-11-03 04:00:00,12.71,72.76,993.17,1.11,0.0,0,Normal,0.24580923967754326
2020-11-03 04:10:00,12.72,71.79,993.18,1.19,0.0,0,Normal,0.2446733849596341
2020-11-03 04:20:00,12.7,71.21,993.29,1.06,0.0,0,Normal,0.24591553022849588
2020-11-03 04:30:00,12.64,72.36,993.41,1.1,0.0,0,Normal,0.24527967909604814
2020-11-03 04:40:00,12.58,74.13,993.58,0.9,0.0,0,Normal,0.2431609263036814
2020-11-03 04:50:00,12.52,75.17,993.65,0.48,0.0,0,Normal,0.23516828992127797
2020-11-03 05:00:00,12.48,76.09,993.77,0.97,0.0,0,Normal,0.24318608240141837
2020-11-03 05:10:00,12.45,76.05,993.98,1.33,0.0,0,Normal,0.2431749553626223
2020-11-03 05:20:00,12.39,74.38,994.23,1.15,0.0,0,Normal,0.24344752500839567
2020-11-03 05:30:00,12.28,73.8,994.41,1.04,0.0,0,Normal,0.2406917154290572
2020-11-03 05:40:00,12.17,72.92,994.63,1.7,0.0,0,Normal,0.24436281320707853
2020-11-03 05:50:00,12.08,73.86,994.72,0.87,0.0,0,Normal,0.23950351407435588
2020-11-03 06:00:00,12.06,73.92,994.82,0.92,0.0,0,Normal,0.24047089445009534
2020-11-03 06:10:00,11.99,74.72,994.89,0.65,0.0,0,Normal,0.2352417375612929
2020-11-03 06:20:00,11.96,75.13,994.99,0.77,0.0,0,Normal,0.23718786146162502
2020-11-03 06:30:00,11.97,74.85,995.11,0.74,0.0,0,Normal,0.23649188231715512
2020-11-03 06:40:00,11.91,73.86,995.06,0.97,0.0,0,Normal,0.24099910799979007
2020-11-03 06:50:00,11.78,75.01,995.33,0.77,0.0,0,Normal,0.23650306217841383
2020-11-03 07:00:00,11.74,75.26,995.45,1.09,0.0,0,Normal,0.240008799451424
2020-11-03 07:10:00,11.73,75.56,995.65,1.0,0.0,0,Normal,0.23919218213267607
2020-11-03 07:20:00,11.69,75.2,995.77,1.14,0.0,0,Normal,0.23981554578330827
2020-11-03 07:30:00,11.66,74.88,995.84,0.99,0.0,0,Normal,0.23897406744448668
2020-11-03 07:40:00,11.62,73.36,996.15,0.82,0.0,0,Normal,0.23685843787613392
2020-11-03 07:50:00,11.53,73.02,996.13,0.82,0.0,0,Normal,0.2362237055692425
2020-11-03 08:00:00,11.49,73.12,996.2,0.75,0.0,0,Normal,0.23484566954038127
2020-11-03 08:10:00,11.46,72.1,996.3,1.95,0.0,0,Normal,0.2395333974943163
2020-11-03 08:20:00,11.39,73.25,996.39,2.1,0.0,0,Normal,0.23804989566449597
2020-11-03 08:30:00,11.36,73.83,996.4,2.71,0.0,0,Normal,0.2286718256306161
2020-11-03 08:40:00,11.37,73.39,996.33,2.54,0.0,0,Normal,0.2303005778986848
2020-11-03 08:50:00,11.38,73.97,996.46,1.85,0.0,0,Normal,0.2382474061048403
2020-11-03 09:00:00,11.43,72.82,996.59,2.32,0.0,0,Normal,0.23350005262204365
2020-11-03 09:10:00,11.51,72.89,996.57,1.6,0.0,0,Normal,0.24017942504691286
2020-11-03 09:20:00,11.6,72.32,996.88,2.5,0.0,0,Normal,0.2286066519248952
2020-11-03 09:30:00,11.62,73.16,996.96,1.55,0.0,0,Normal,0.23856546060978662
2020-11-03 09:40:00,11.77,71.6,996.56,1.2,0.0,0,Normal,0.23861139259712455
2020-11-03 09:50:00,11.75,71.39,996.72,1.87,0.0,0,Normal,0.23917442486200957
2020-11-03 10:00:00,11.84,71.2,996.74,1.3,0.0,0,Normal,0.2388225455601699
2020-11-03 10:10:00,12.05,70.1,996.83,1.45,0.0,0,Normal,0.2396736922928691
2020-11-03 10:20:00,12.09,69.23,996.84,1.97,0.0,0,Normal,0.23884888666492654
2020-11-03 10:30:00,12.14,67.76,996.84,1.91,0.0,0,Normal,0.23653785743916433
2020-11-03 10:40:00,12.24,66.97,997.0,1.91,0.0,0,Normal,0.23314971749635288
2020-11-03 10:50:00,12.47,64.68,997.01,2.18,0.0,0,Normal,0.23161480548157765
2020-11-03 11:00:00,12.69,62.66,997.01,2.06,0.0,0,Normal,0.2326180725457777
2020-11-03 11:10:00,12.59,62.24,996.9,2.44,0.0,0,Normal,0.2299621601568106
2020-11-03 11:20:00,12.57,61.92,996.91,2.66,0.0,0,Normal,0.22594779709073526
2020-11-03 11:30:00,12.76,60.96,996.83,2.48,0.0,0,Normal,0.2277580558146276
2020-11-03 11:40:00,12.76,60.91,996.68,1.69,0.0,0,Normal,0.23391389118253275
2020-11-03 11:50:00,12.89,59.67,996.64,1.98,0.0,0,Normal,0.22901869189952906
2020-11-03 12:00:00,13.14,59.59,996.74,2.82,0.0,0,Normal,0.22145426162913262
2020-11-03 12:10:00,13.13,57.62,996.62,2.91,0.0,0,Normal,0.21824078493452354
2020-11-03 12:20:00,13.09,57.8,996.6,2.21,0.0,0,Normal,0.22474190819468853
2020-11-03 12:30:00,13.1,57.56,996.59,2.85,0.0,0,Normal,0.21858036789240115
2020-11-03 12:40:00,13.1,57.3,996.54,2.02,0.0,0,Normal,0.2269743245706361
2020-11-03 12:50:00,13.23,56.76,996.48,2.01,0.0,0,Normal,0.22614448438115053
2020-11-03 13:00:00,13.25,56.77,996.4,1.96,0.0,0,Normal,0.22595598507369974
2020-11-03 13:10:00,13.41,54.17,996.25,2.43,0.0,0,Normal,0.2210769262654843
2020-11-03 13:20:00,13.33,54.58,996.35,1.66,0.0,0,Normal,0.22599736418966443
2020-11-03 13:30:00,13.37,55.35,996.35,2.18,0.0,0,Normal,0.22415573749023276
2020-11-03 13:40:00,13.38,56.6,996.24,1.45,0.0,0,Normal,0.22937626522742288
2020-11-03 13:50:00,13.44,57.32,996.15,2.15,0.0,0,Normal,0.22867258805700996
2020-11-03 14:00:00,13.46,57.76,996.11,1.77,0.0,0,Normal,0.22913930472092264
2020-11-03 14:10:00,13.38,58.39,996.19,1.17,0.0,0,Normal,0.22872827833168508
2020-11-03 14:20:00,13.44,57.91,996.06,1.24,0.0,0,Normal,0.22960228534272475
2020-11-03 14:30:00,13.47,57.23,996.0,1.15,0.0,0,Normal,0.22843527837870276
2020-11-03 14:40:00,13.48,58.77,995.85,0.57,0.0,0,Normal,0.22001798794822375
2020-11-03 14:50:00,13.5,58.66,995.75,0.53,0.0,0,Normal,0.21904527543281282
2020-11-03 15:00:00,13.52,58.84,995.6,0.45,0.0,0,Normal,0.214577278757277
2020-11-03 15:10:00,13.57,56.09,995.61,0.73,0.0,0,Normal,0.22169893561115062
2020-11-03 15:20:00,13.51,56.6,995.71,0.77,0.0,0,Normal,0.22244830838422758
2020-11-03 15:30:00,13.55,57.13,995.66,0.63,0.0,0,Normal,0.21852609078364843
2020-11-03 15:40:00,13.57,57.31,995.74,0.56,0.0,0,Normal,0.2195762201967718
2020-11-03 15:50:00,13.44,59.34,995.83,1.65,0.0,0,Normal,0.23356672755670294
2020-11-03 16:00:00,13.21,61.0,995.7,1.41,0.0,0,Normal,0.23651160227853696
2020-11-03 16:10:00,13.09,62.19,995.78,1.34,0.0,0,Normal,0.23455732506485366
2020-11-03 16:20:00,12.89,63.38,995.91,2.62,0.0,0,Normal,0.2275372896758956
2020-11-03 16:30:00,12.72,64.52,995.86,2.33,0.0,0,Normal,0.23348859281543388
2020-11-03 16:40:00,12.57,65.47,995.83,2.4,0.0,0,Normal,0.2352962150922674
2020-11-03 16:50:00,12.41,65.87,995.77,2.29,0.0,0,Normal,0.23504667742592245
2020-11-03 17:00:00,12.29,65.7,995.9,2.14,0.0,0,Normal,0.23632607928390043
2020-11-03 17:10:00,12.23,65.89,996.02,1.77,0.0,0,Normal,0.23877452059637844
2020-11-03 17:20:00,12.07,67.27,996.17,2.4,0.0,0,Normal,0.23549776876418688
2020-11-03 17:30:00,11.95,67.72,996.21,2.44,0.0,0,Normal,0.23432234855948036
2020-11-03 17:40:00,11.91,67.84,996.21,1.91,0.0,0,Normal,0.2391352088688833
2020-11-03 17:50:00,11.84,68.32,996.34,1.81,0.0,0,Normal,0.23901192766599305
2020-11-03 18:00:00,11.77,68.86,996.45,1.81,0.0,0,Normal,0.2402231966703421
2020-11-03 18:10:00,11.63,69.97,996.51,2.03,0.0,0,Normal,0.2376921198752856
2020-11-03 18:20:00,11.63,69.94,996.57,1.84,0.0,0,Normal,0.23953065631413673
2020-11-03 18:30:00,11.61,70.33,996.42,1.19,0.0,0,Normal,0.23857741138653243
2020-11-03 18:40:00,11.59,70.23,996.5,2.3,0.0,0,Normal,0.23467749794594878
2020-11-03 18:50:00,11.51,70.39,996.41,2.35,0.0,0,Normal,0.2339391359067134
2020-11-03 19:00:00,11.58,70.34,996.48,2.78,0.0,0,Normal,0.23005028988576598
2020-11-03 19:10:00,11.5,71.83,996.55,3.14,0.0,0,Normal,0.21767446617198066
2020-11-03 19:20:00,11.43,72.67,996.63,2.88,0.0,0,Normal,0.2235779563655616
2020-11-03 19:30:00,11.54,72.13,996.64,3.47,0.0,0,Normal,0.20848712380424977
2020-11-03 19:40:00,11.51,72.78,996.64,3.31,0.0,0,Normal,0.2115265619308967
2020-11-03 19:50:00,11.49,73.01,996.69,2.94,0.0,0,Normal,0.22140478557186172
2020-11-03 20:00:00,11.43,73.81,996.73,3.19,0.0,0,Normal,0.21637065519013932
2020-11-03 20:10:00,11.37,74.42,996.84,3.51,0.0,0,Normal,0.20575900631037847
2020-11-03 20:20:00,11.39,74.74,996.82,2.5,0.0,0,Normal,0.22843778640346574
2020-11-03 20:30:00,11.32,75.55,997.03,1.33,0.0,0,Normal,0.23618892359797683
2020-11-03 20:40:00,11.27,75.76,997.2,1.32,0.0,0,Normal,0.23425635914620163
2020-11-03 20:50:00,11.3,75.91,997.39,2.26,0.0,0,Normal,0.22687999811956927
2020-11-03 21:00:00,11.27,75.91,997.4,2.37,0.0,0,Normal,0.22428761235325723
2020-11-03 21:10:00,11.23,75.98,997.49,1.44,0.0,0,Normal,0.23371819689050788
2020-11-03 21:20:00,11.16,76.1,997.53,1.32,0.0,0,Normal,0.2325105685688949
2020-11-03 21:30:00,11.1,76.47,997.48,0.41,0.0,0,Normal,0.2154867054534762
2020-11-03 21:40:00,11.07,75.98,997.52,0.57,0.0,0,Normal,0.22447595798786052
2020-11-03 21:50:00,11.06,75.15,997.53,0.69,0.0,0,Normal,0.22786240578251138
2020-11-03 22:00:00,11.02,74.77,997.75,1.03,0.0,0,Normal,0.23031114574661077
2020-11-03 22:10:00,10.88,75.75,997.93,0.5,0.0,0,Normal,0.2188018272016367
2020-11-03 22:20:00,10.8,74.95,998.04,0.77,0.0,0,Normal,0.22882479327436112
2020-11-03 22:30:00,10.73,74.59,998.09,0.38,0.0,0,Normal,0.21198688289262624
2020-11-03 22:40:00,10.74,74.63,997.99,0.68,0.0,0,Normal,0.22786970114482874
2020-11-03 22:50:00,10.6,73.84,998.07,1.0,0.0,0,Normal,0.2331328767450625
2020-11-03 23:00:00,10.6,73.82,998.19,1.25,0.0,0,Normal,0.23320157643861328
2020-11-03 23:10:00,10.51,73.7,998.18,1.41,0.0,0,Normal,0.23460529439025107
2020-11-03 23:20:00,10.37,74.56,998.18,1.36,0.0,0,Normal,0.23240107943953398
2020-11-03 23:30:00,10.25,75.11,998.05,0.82,0.0,0,Normal,0.23197322814381527
2020-11-03 23:40:00,10.13,75.57,998.11,1.03,0.0,0,Normal,0.2303492580465148
2020-11-03 23:50:00,10.1,75.44,998.17,0.74,0.0,0,Normal,0.22637671075209898
2020-11-04 00:00:00,10.13,75.17,998.32,0.85,0.0,0,Normal,0.22904234144324465
2020-11-04 00:10:00,10.12,75.33,998.41,1.25,0.0,0,Normal,0.2322853909652276
2020-11-04 00:20:00,10.19,74.83,998.44,1.11,0.0,0,Normal,0.23000676285562177
2020-11-04 00:30:00,10.37,73.48,998.79,2.23,0.0,0,Normal,0.22292020939522322
2020-11-04 00:40:00,10.36,75.21,998.95,1.91,0.0,0,Normal,0.22683091568885444
2020-11-04 00:50:00,10.0,78.55,999.18,2.25,0.0,0,Normal,0.21993544876278442
2020-11-04 01:00:00,9.72,80.4,998.99,1.84,0.0,0,Normal,0.22273268115263478
2020-11-04 01:10:00,9.63,80.1,999.03,1.28,0.0,0,Normal,0.22412969565754515
2020-11-04 01:20:00,9.58,79.09,999.27,1.48,0.0,0,Normal,0.22331642139929092
2020-11-04 01:30:00,9.54,76.87,999.25,1.32,0.0,0,Normal,0.22552489089597677
2020-11-04 01:40:00,9.41,76.06,999.38,1.5,0.0,0,Normal,0.22486464830407832
2020-11-04 01:50:00,9.3,74.91,999.32,1.44,0.0,0,Normal,0.2267791255601132
2020-11-04 02:00:00,9.24,73.97,999.37,1.69,0.0,0,Normal,0.2251820931837457
2020-11-04 02:10:00,9.17,73.8,999.61,1.57,0.0,0,Normal,0.2272785669587094
2020-11-04 02:20:00,9.08,74.05,999.87,0.72,0.0,0,Normal,0.2204838991793453
2020-11-04 02:30:00,8.98,74.28,999.92,1.21,0.0,0,Normal,0.22391413344495326
2020-11-04 02:40:00,8.85,74.82,999.9,1.22,0.0,0,Normal,0.22377173926855398
2020-11-04 02:50:00,8.73,75.44,999.75,0.94,0.0,0,Normal,0.2219261287358052
2020-11-04 03:00:00,8.69,75.0,999.86,1.37,0.0,0,Normal,0.2264800930143847
2020-11-04 03:10:00,8.65,75.07,1000.08,1.66,0.0,0,Normal,0.2223975221891793
2020-11-04 03:20:00,8.51,76.39,1000.08,1.6,0.0,0,Normal,0.221749074222938
2020-11-04 03:30:00,8.39,76.94,1000.09,1.64,0.0,0,Normal,0.22075953393654535
2020-11-04 03:40:00,8.32,77.21,1000.18,0.98,0.0,0,Normal,0.21833658117093324
2020-11-04 03:50:00,8.27,77.34,1000.23,0.97,0.0,0,Normal,0.2186371357759614
2020-11-04 04:00:00,8.15,78.07,1000.42,1.7,0.0,0,Normal,0.2176812001032517
2020-11-04 04:10:00,8.08,77.61,1000.41,1.7,0.0,0,Normal,0.21805259016173434
2020-11-04 04:20:00,8.09,77.42,1000.39,1.64,0.0,0,Normal,0.21812295491890327
2020-11-04 04:30:00,7.99,78.34,1000.48,0.82,0.0,0,Normal,0.21405526910604744
2020-11-04 04:40:00,7.94,78.54,1000.55,0.33,0.0,0,Normal,0.1936171206403446
2020-11-04 04:50:00,7.96,78.28,1000.65,1.12,0.0,0,Normal,0.21644177048494417
2020-11-04 05:00:00,7.85,79.16,1000.68,0.97,0.0,0,Normal,0.21360737749734743
2020-11-04 05:10:00,7.72,79.94,1000.76,0.95,0.0,0,Normal,0.21349134536712688
2020-11-04 05:20:00,7.64,80.6,1000.84,1.33,0.0,0,Normal,0.21279043354732813
2020-11-04 05:30:00,7.48,81.8,1000.96,1.25,0.0,0,Normal,0.21321272678551118
2020-11-04 05:40:00,7.43,81.9,1001.09,0.93,0.0,0,Normal,0.209750784361655
2020-11-04 05:50:00,7.47,81.3,1001.21,1.42,0.0,0,Normal,0.2092316393768185
2020-11-04 06:00:00,7.4,81.5,1001.25,1.01,0.0,0,Normal,0.2085424629300433
2020-11-04 06:10:00,7.38,80.9,1001.26,0.81,0.0,0,Normal,0.2057814992593845
2020-11-04 06:20:00,7.46,79.48,1001.43,1.18,0.0,0,Normal,0.2097552903204657
2020-11-04 06:30:00,7.45,79.53,1001.49,1.2,0.0,0,Normal,0.2101542113909109
2020-11-04 06:40:00,7.35,80.6,1001.66,0.54,0.0,0,Normal,0.19842313166268338
2020-11-04 06:50:00,7.44,79.47,1001.84,0.78,0.0,0,Normal,0.20552214574672278
2020-11-04 07:00:00,7.49,78.83,1001.91,1.24,0.0,0,Normal,0.20759551890005817
2020-11-04 07:10:00,7.5,78.68,1002.12,1.45,0.0,0,Normal,0.20587748636891023
2020-11-04 07:20:00,7.39,79.11,1002.25,1.98,0.0,0,Normal,0.2048792316575967
2020-11-04 07:30:00,7.25,80.0,1002.32,1.82,0.0,0,Normal,0.2031104403299846
2020-11-04 07:40:00,7.19,80.6,1002.5,0.96,0.0,0,Normal,0.20083670786305435
2020-11-04 07:50:00,7.22,80.4,1002.72,0.89,0.0,0,Normal,0.2020208765203852
2020-11-04 08:00:00,7.1,80.5,1002.86,1.32,0.0,0,Normal,0.2013880870128279
2020-11-04 08:10:00,7.06,80.4,1002.97,1.52,0.0,0,Normal,0.20061950139472146
2020-11-04 08:20:00,7.07,80.2,1003.03,0.95,0.0,0,Normal,0.2007694268520906
2020-11-04 08:30:00,7.13,79.65,1003.0,1.32,0.0,0,Normal,0.20303229593422406
2020-11-04 08:40:00,7.21,79.36,1003.04,0.79,0.0,0,Normal,0.19850926030991162
2020-11-04 08:50:00,7.56,78.09,1003.15,0.58,0.0,0,Normal,0.19420878394505398
2020-11-04 09:00:00,7.78,77.6,1003.35,1.9,0.0,0,Normal,0.20212569895264637
2020-11-04 09:10:00,8.04,76.33,1003.46,0.94,0.0,0,Normal,0.1995257158985524
2020-11-04 09:20:00,8.09,74.62,1003.59,1.95,0.0,0,Normal,0.20018163369493214
2020-11-04 09:30:00,8.38,73.22,1003.62,1.51,0.0,0,Normal,0.20224188239372914
2020-11-04 09:40:00,8.69,71.35,1003.81,1.36,0.0,0,Normal,0.19729965593647464
2020-11-04 09:50:00,8.92,69.9,1003.9,2.35,0.0,0,Normal,0.1913514022296966
2020-11-04 10:00:00,8.86,69.94,1003.94,2.77,0.0,0,Normal,0.1829136547278703
2020-11-04 10:10:00,9.2,68.73,1004.01,2.33,0.0,0,Normal,0.19172575988211232
2020-11-04 10:20:00,9.13,68.41,1004.16,2.0,0.0,0,Normal,0.18769617579755965
2020-11-04 10:30:00,9.03,68.43,1004.23,1.64,0.0,0,Normal,0.18772122889791526
2020-11-04 10:40:00,9.3,66.8,1004.22,2.23,0.0,0,Normal,0.1858192514606798
2020-11-04 10:50:00,9.6,65.36,1004.33,1.45,0.0,0,Normal,0.18831352333771134
2020-11-04 11:00:00,9.44,66.07,1004.4,1.89,0.0,0,Normal,0.1863157380625221
2020-11-04 11:10:00,9.06,67.01,1004.34,2.22,0.0,0,Normal,0.1847794658860844
2020-11-04 11:20:00,9.18,66.12,1004.42,2.18,0.0,0,Normal,0.18505847509432588
2020-11-04 11:30:00,8.99,67.24,1004.45,1.93,0.0,0,Normal,0.18583154020683856
2020-11-04 11:40:00,8.87,68.34,1004.44,1.9,0.0,0,Normal,0.1866434118368639
2020-11-04 11:50:00,9.23,67.5,1004.44,1.41,0.0,0,Normal,0.18711380711159126
2020-11-04 12:00:00,9.31,66.85,1004.47,1.4,0.0,0,Normal,0.18765659759979092
2020-11-04 12:10:00,9.04,68.8,1004.49,1.32,0.0,0,Normal,0.19205843719078552
2020-11-04 12:20:00,8.99,69.59,1004.54,1.51,0.0,0,Normal,0.19125772566228721
2020-11-04 12:30:00,8.99,69.94,1004.59,1.58,0.0,0,Normal,0.18834127867943595
2020-11-04 12:40:00,9.2,69.37,1004.66,1.05,0.0,0,Normal,0.18403256053689243
2020-11-04 12:50:00,8.98,69.13,1004.71,1.08,0.0,0,Normal,0.18719551734462253
2020-11-04 13:00:00,8.74,70.85,1004.64,1.42,0.0,0,Normal,0.18892714895124868
2020-11-04 13:10:00,8.83,70.52,1004.58,0.88,0.0,0,Normal,0.18200293517990362
2020-11-04 13:20:00,9.0,69.96,1004.61,0.73,0.0,0,Normal,0.18080925550724586
2020-11-04 13:30:00,9.2,69.57,1004.64,0.98,0.0,0,Normal,0.18355889423006955
2020-11-04 13:40:00,9.16,69.62,1004.65,1.58,0.0,0,Normal,0.18803650493036794
2020-11-04 13:50:00,9.32,69.3,1004.65,1.05,0.0,0,Normal,0.18400172843767992
2020-11-04 14:00:00,9.52,68.75,1004.65,1.37,0.0,0,Normal,0.18827651595759576
2020-11-04 14:10:00,9.63,66.99,1004.66,1.42,0.0,0,Normal,0.18375333808731187
2020-11-04 14:20:00,10.12,65.3,1004.75,1.44,0.0,0,Normal,0.18546123219538413
2020-11-04 14:30:00,10.22,64.49,1004.83,1.37,0.0,0,Normal,0.1834029834019733
2020-11-04 14:40:00,10.36,64.26,1004.94,1.35,0.0,0,Normal,0.18114746766867323
2020-11-04 14:50:00,10.22,63.13,1005.08,1.62,0.0,0,Normal,0.18282054720386887
2020-11-04 15:00:00,10.29,62.54,1005.09,0.93,0.0,0,Normal,0.17654618974985298
2020-11-04 15:10:00,10.03,64.4,1005.14,1.07,0.0,0,Normal,0.17638088504372645
2020-11-04 15:20:00,10.08,64.99,1005.18,1.12,0.0,0,Normal,0.17842231156626825
2020-11-04 15:30:00,9.26,68.41,1005.2,1.66,0.0,0,Normal,0.1805894475645321
2020-11-04 15:40:00,9.03,69.12,1005.16,1.04,0.0,0,Normal,0.18065445862287122
2020-11-04 15:50:00,9.04,69.05,1005.19,0.98,0.0,0,Normal,0.18112886775373366
2020-11-04 16:00:00,8.93,69.54,1005.19,0.92,0.0,0,Normal,0.17873104633297432
2020-11-04 16:10:00,8.72,69.89,1005.33,0.78,0.0,0,Normal,0.1728412156670971
2020-11-04 16:20:00,8.56,70.32,1005.51,0.59,0.0,0,Normal,0.1698272693412468
2020-11-04 16:30:00,8.35,71.06,1005.55,0.66,0.0,0,Normal,0.17339660114940558
2020-11-04 16:40:00,8.16,72.36,1005.58,0.74,0.0,0,Normal,0.17521953966431852
2020-11-04 16:50:00,8.07,73.23,1005.71,0.98,0.0,0,Normal,0.17886067890435908
2020-11-04 17:00:00,8.14,73.16,1005.79,0.86,0.0,0,Normal,0.176518354707561
2020-11-04 17:10:00,8.1,73.09,1005.83,1.26,0.0,0,Normal,0.18056104902141012
2020-11-04 17:20:00,7.95,73.43,1005.91,1.22,0.0,0,Normal,0.17998640098367547
2020-11-04 17:30:00,7.78,74.15,1006.01,1.52,0.0,0,Normal,0.18177439855940725
2020-11-04 17:40:00,7.87,74.23,1006.2,0.91,0.0,0,Normal,0.17483795210741582
2020-11-04 17:50:00,6.93,79.47,1006.36,0.39,0.0,0,Normal,0.16145399272833133
2020-11-04 18:00:00,6.07,82.9,1006.44,2.0,0.0,0,Normal,0.1734611832988464
2020-11-04 18:10:00,6.4,81.2,1006.59,2.35,0.0,0,Normal,0.16997882156971295
2020-11-04 18:20:00,6.43,81.7,1006.67,1.69,0.0,0,Normal,0.17395543301832678
2020-11-04 18:30:00,6.29,82.3,1006.85,1.64,0.0,0,Normal,0.16934683091497854
2020-11-04 18:40:00,6.09,83.2,1007.04,0.59,0.0,0,Normal,0.16308896758188246
2020-11-04 18:50:00,5.64,85.7,1007.16,0.47,0.0,0,Normal,0.15564871308014594
2020-11-04 19:00:00,5.48,86.1,1007.35,0.61,0.0,0,Normal,0.15930792391952725
2020-11-04 19:10:00,5.35,86.3,1007.54,1.45,0.0,0,Normal,0.1627332668712218
2020-11-04 19:20:00,5.25,87.1,1007.74,1.39,0.0,0,Normal,0.15788842966781758
2020-11-04 19:30:00,5.19,87.1,1007.85,1.84,0.0,0,Normal,0.15439869359723785
2020-11-04 19:40:00,5.17,87.7,1007.9,1.29,0.0,0,Normal,0.15647220112936877
2020-11-04 19:50:00,4.93,88.3,1007.97,0.96,0.0,0,Normal,0.15400914436649238
2020-11-04 20:00:00,4.71,89.5,1008.01,1.24,0.0,0,Normal,0.15226171799575516
2020-11-04 20:10:00,4.73,89.2,1008.14,1.13,0.0,0,Normal,0.15292769783441307
2020-11-04 20:20:00,4.46,90.3,1008.26,1.22,0.0,0,Normal,0.14909637359333627
2020-11-04 20:30:00,4.3,91.1,1008.34,1.74,0.0,0,Normal,0.14296639232997205
2020-11-04 20:40:00,4.18,91.8,1008.42,1.44,0.0,0,Normal,0.1428919703806763
2020-11-04 20:50:00,4.06,92.3,1008.54,1.25,0.0,0,Normal,0.14228943422397844
2020-11-04 21:00:00,3.78,93.9,1008.63,0.73,0.0,0,Normal,0.13472440020350834
2020-11-04 21:10:00,3.63,94.4,1008.85,0.57,0.0,0,Normal,0.12915225033165462
2020-11-04 21:20:00,3.36,94.5,1008.94,0.54,0.0,0,Normal,0.12581705096545504
2020-11-04 21:30:00,3.2,95.9,1009.05,1.08,0.0,0,Normal,0.1281178423252753
2020-11-04 21:40:00,3.16,96.5,1009.09,1.02,0.0,0,Normal,0.12217465277524353
2020-11-04 21:50:00,3.15,97.9,1009.14,0.62,0.0,0,Normal,0.11361414324191965
2020-11-04 22:00:00,3.18,97.6,1009.22,0.45,0.0,0,Normal,0.10465865674780528
2020-11-04 22:10:00,3.0,96.7,1009.23,0.84,0.0,0,Normal,0.12050588513632365
2020-11-04 22:20:00,2.49,98.3,1009.28,1.4,0.0,0,Normal,0.11447236978469544
2020-11-04 22:30:00,2.42,99.3,1009.38,1.07,0.0,0,Normal,0.10844629280576179
2020-11-04 22:40:00,2.28,99.6,1009.39,0.96,0.0,0,Normal,0.10903610590866619
2020-11-04 22:50:00,2.16,99.8,1009.35,0.91,0.0,0,Normal,0.10810706193844588
2020-11-04 23:00:00,2.09,99.9,1009.36,0.56,0.0,0,Normal,0.09948713579045354
2020-11-04 23:10:00,2.03,99.7,1009.39,0.5,0.0,0,Normal,0.09821046262178923
2020-11-04 23:20:00,1.99,98.6,1009.54,0.57,0.0,0,Normal,0.10012554335347579
2020-11-04 23:30:00,1.62,99.9,1009.59,0.89,0.0,0,Normal,0.09944843141657467
2020-11-04 23:40:00,1.52,100.0,1009.68,0.57,0.0,0,Normal,0.09346760153656508
2020-11-04 23:50:00,1.68,100.0,1009.73,0.52,0.0,0,Normal,0.09125741819587607
2020-11-05 00:00:00,1.64,100.0,1009.75,0.69,0.0,0,Normal,0.09527807111318354
2020-11-05 00:10:00,1.47,100.0,1009.79,0.45,0.0,0,Normal,0.08649893111235529
2020-11-05 00:20:00,1.32,100.0,1009.81,0.38,0.0,0,Normal,0.07928743077997569
2020-11-05 00:30:00,1.22,100.0,1009.78,0.47,0.0,0,Normal,0.08776346376449673
2020-11-05 00:40:00,1.36,100.0,1009.83,0.3,0.0,0,Normal,0.07718627924540844
2020-11-05 00:50:00,1.51,100.0,1009.8,0.75,0.0,0,Normal,0.09473586498903053
2020-11-05 01:00:00,1.54,100.0,1009.8,1.06,0.0,0,Normal,0.09825274665562134
2020-11-05 01:10:00,1.38,100.0,1009.84,0.97,0.0,0,Normal,0.09817699414477665
2020-11-05 01:20:00,1.27,100.0,1009.82,0.63,0.0,0,Normal,0.09228166429545814
2020-11-05 01:30:00,1.01,100.0,1009.87,0.55,0.0,0,Normal,0.08929111738742113
2020-11-05 01:40:00,0.72,100.0,1009.95,0.99,0.0,0,Normal,0.09453585440680878
2020-11-05 01:50:00,0.55,100.0,1009.98,0.94,0.0,0,Normal,0.09329349714945734
2020-11-05 02:00:00,0.49,100.0,1010.01,0.44,0.0,0,Normal,0.08005849915090679
2020-11-05 02:10:00,0.44,100.0,1010.03,0.48,0.0,0,Normal,0.08342373214659038
2020-11-05 02:20:00,0.26,100.0,1010.1,0.37,0.0,0,Normal,0.07064044549536375
2020-11-05 02:30:00,0.16,100.0,1010.16,0.55,0.0,0,Normal,0.08132776508921569
2020-11-05 02:40:00,0.14,100.0,1010.18,0.77,0.0,0,Normal,0.08520351619503175
2020-11-05 02:50:00,0.26,100.0,1010.29,0.42,0.0,0,Normal,0.07096568271981618
2020-11-05 03:00:00,0.45,100.0,1010.38,0.31,0.0,0,Normal,0.06661768825079539
2020-11-05 03:10:00,0.38,100.0,1010.5,0.49,0.0,0,Normal,0.0773152109034746
2020-11-05 03:20:00,0.08,100.0,1010.47,0.84,0.0,0,Normal,0.08411311685169964
2020-11-05 03:30:00,-0.23,100.0,1010.34,1.4,0.0,0,Normal,0.084491052883362
2020-11-05 03:40:00,-0.33,100.0,1010.36,1.01,0.0,0,Normal,0.08277269643088092
2020-11-05 03:50:00,-0.21,100.0,1010.37,0.48,0.0,0,Normal,0.07616620949698383
2020-11-05 04:00:00,-0.17,100.0,1010.5,0.77,0.0,0,Normal,0.08048073696681257
2020-11-05 04:10:00,-0.31,100.0,1010.56,1.04,0.0,0,Normal,0.08094044042441828
2020-11-05 04:20:00,-0.37,100.0,1010.65,0.92,0.0,0,Normal,0.08095095154503007
2020-11-05 04:30:00,-0.49,100.0,1010.7,1.14,0.0,0,Normal,0.07899232354680263
2020-11-05 04:40:00,-0.6,100.0,1010.75,1.15,0.0,0,Normal,0.07899232354680263
2020-11-05 04:50:00,-0.67,100.0,1010.76,1.45,0.0,0,Normal,0.07779311344353435
2020-11-05 05:00:00,-0.77,100.0,1010.9,1.23,0.0,0,Normal,0.07801194021938751
2020-11-05 05:10:00,-0.7,100.0,1011.03,1.06,0.0,0,Normal,0.0762568475447325
2020-11-05 05:20:00,-0.83,100.0,1011.1,1.2,0.0,0,Normal,0.07566532601244491
2020-11-05 05:30:00,-0.89,100.0,1011.12,1.33,0.0,0,Normal,0.07633568472985452
2020-11-05 05:40:00,-0.93,100.0,1011.1,1.24,0.0,0,Normal,0.07672405885552624
2020-11-05 05:50:00,-0.89,100.0,1011.1,1.14,0.0,0,Normal,0.07541707910060658
2020-11-05 06:00:00,-1.02,100.0,1011.1,1.19,0.0,0,Normal,0.07547997443229548
2020-11-05 06:10:00,-1.05,100.0,1011.22,1.01,0.0,0,Normal,0.07515034809081611
2020-11-05 06:20:00,-1.02,100.0,1011.26,1.27,0.0,0,Normal,0.07652074687802468
2020-11-05 06:30:00,-1.06,100.0,1011.34,1.12,0.0,0,Normal,0.0746364554304626
2020-11-05 06:40:00,-1.15,100.0,1011.42,0.9,0.0,0,Normal,0.07459325222345803
2020-11-05 06:50:00,-1.2,100.0,1011.46,1.26,0.0,0,Normal,0.07652074687802468
2020-11-05 07:00:00,-1.25,100.0,1011.54,1.27,0.0,0,Normal,0.07670574643152472
2020-11-05 07:10:00,-1.22,100.0,1011.64,1.51,0.0,0,Normal,0.0745519896096104
2020-11-05 07:20:00,-1.16,100.0,1011.67,1.74,0.0,0,Normal,0.07145124949603276
2020-11-05 07:30:00,-1.09,100.0,1011.74,1.87,0.0,0,Normal,0.06883444480755996
2020-11-05 07:40:00,-0.98,100.0,1011.8,1.68,0.0,0,Normal,0.07164898691275623
2020-11-05 07:50:00,-0.89,100.0,1011.8,1.47,0.0,0,Normal,0.07516945925240204
2020-11-05 08:00:00,-0.92,100.0,1011.89,1.98,0.0,0,Normal,0.0652222521641197
2020-11-05 08:10:00,-0.9,100.0,1011.97,1.55,0.0,0,Normal,0.07125838782445026
2020-11-05 08:20:00,-0.83,100.0,1011.94,0.99,0.0,0,Normal,0.07253664345048738
2020-11-05 08:30:00,-0.78,100.0,1011.93,1.37,0.0,0,Normal,0.0751580100994016
2020-11-05 08:40:00,-0.86,100.0,1011.96,1.2,0.0,0,Normal,0.07297090270198692
2020-11-05 08:50:00,-0.79,100.0,1011.94,1.71,0.0,0,Normal,0.07140156516911866
2020-11-05 09:00:00,-0.73,100.0,1011.94,1.46,0.0,0,Normal,0.07455234810539602
2020-11-05 09:10:00,-0.57,100.0,1011.98,2.0,0.0,0,Normal,0.0649014981594298
2020-11-05 09:20:00,-0.46,100.0,1012.05,2.01,0.0,0,Normal,0.06450664455924904
2020-11-05 09:30:00,-0.37,100.0,1012.17,1.94,0.0,0,Normal,0.06820972503308864
2020-11-05 09:40:00,-0.26,100.0,1012.26,1.58,0.0,0,Normal,0.07381422667130977
2020-11-05 09:50:00,-0.1,100.0,1012.25,0.86,0.0,0,Normal,0.07812401544162406
2020-11-05 10:00:00,0.41,100.0,1012.21,1.06,0.0,0,Normal,0.07804619383701628
2020-11-05 10:10:00,0.54,100.0,1012.33,1.03,0.0,0,Normal,0.07939646333463601
2020-11-05 10:20:00,1.13,100.0,1012.41,0.98,0.0,0,Normal,0.08286886428298834
2020-11-05 10:30:00,1.46,100.0,1012.29,1.24,0.0,0,Normal,0.08480337405043958
2020-11-05 10:40:00,2.03,100.0,1012.22,1.1,0.0,0,Normal,0.086706755116424
2020-11-05 10:50:00,2.64,100.0,1012.21,0.77,0.0,0,Normal,0.09221693776568007
2020-11-05 11:00:00,3.38,100.0,1012.2,1.04,0.0,0,Normal,0.09778635665561186
2020-11-05 11:10:00,3.77,100.0,1012.17,0.85,0.0,0,Normal,0.09916305063983966
2020-11-05 11:20:00,4.49,96.3,1011.97,0.79,0.0,0,Normal,0.10413800233140369
2020-11-05 11:30:00,5.02,91.3,1011.85,0.88,0.0,0,Normal,0.11715956971930064
2020-11-05 11:40:00,5.66,87.2,1011.76,1.11,0.0,0,Normal,0.1280501412818219
2020-11-05 11:50:00,5.86,85.5,1011.66,0.94,0.0,0,Normal,0.13093221589782167
2020-11-05 12:00:00,6.26,84.2,1011.54,0.57,0.0,0,Normal,0.12815919546183202
2020-11-05 12:10:00,6.95,81.4,1011.47,0.91,0.0,0,Normal,0.13468753526295174
2020-11-05 12:20:00,7.59,78.69,1011.31,0.81,0.0,0,Normal,0.13288206710066702
2020-11-05 12:30:00,7.96,76.96,1011.19,1.13,0.0,0,Normal,0.13630175604316086
2020-11-05 12:40:00,8.28,76.06,1011.1,1.15,0.0,0,Normal,0.13340736895777355
2020-11-05 12:50:00,8.81,73.64,1010.96,1.45,0.0,0,Normal,0.13563496814629034
2020-11-05 13:00:00,9.14,72.09,1010.84,1.65,0.0,0,Normal,0.13716482468511798
2020-11-05 13:10:00,9.18,71.56,1010.79,1.43,0.0,0,Normal,0.13808510596795903
2020-11-05 13:20:00,9.47,69.9,1010.77,1.65,0.0,0,Normal,0.13642886205449833
2020-11-05 13:30:00,9.35,69.97,1010.75,1.1,0.0,0,Normal,0.1350563576424902
2020-11-05 13:40:00,9.57,69.39,1010.76,0.73,0.0,0,Normal,0.13644284457306544
2020-11-05 13:50:00,9.68,66.98,1010.69,0.96,0.0,0,Normal,0.13072514242884364
2020-11-05 14:00:00,9.95,65.53,1010.64,1.42,0.0,0,Normal,0.13165995828006288
2020-11-05 14:10:00,10.53,63.36,1010.62,0.78,0.0,0,Normal,0.12878982974478803
2020-11-05 14:20:00,10.82,60.67,1010.65,1.03,0.0,0,Normal,0.12814947271894878
2020-11-05 14:30:00,10.54,66.23,1010.67,1.25,0.0,0,Normal,0.13137133069415763
2020-11-05 14:40:00,9.97,67.86,1010.57,2.08,0.0,0,Normal,0.13116465458943233
2020-11-05 14:50:00,10.1,66.68,1010.51,0.72,0.0,0,Normal,0.1323335706269646
2020-11-05 15:00:00,9.99,69.89,1010.43,1.6,0.0,0,Normal,0.14119139854136015
2020-11-05 15:10:00,9.52,72.05,1010.37,1.7,0.0,0,Normal,0.14259919272658877
2020-11-05 15:20:00,9.72,71.11,1010.3,0.71,0.0,0,Normal,0.14058030601854427
2020-11-05 15:30:00,9.92,69.53,1010.23,0.73,0.0,0,Normal,0.14042207188131983
2020-11-05 15:40:00,9.72,68.78,1010.17,0.71,0.0,0,Normal,0.1403147702487781
2020-11-05 15:50:00,9.46,68.9,1010.06,0.75,0.0,0,Normal,0.14642941313358765
2020-11-05 16:00:00,9.02,71.06,1010.02,0.53,0.0,0,Normal,0.14689147279201098
2020-11-05 16:10:00,8.72,72.33,1010.02,0.63,0.0,0,Normal,0.14678495887738957
2020-11-05 16:20:00,8.42,72.41,1009.96,0.64,0.0,0,Normal,0.1447392687884163
2020-11-05 16:30:00,8.16,73.12,1009.97,0.65,0.0,0,Normal,0.1444703110463842
2020-11-05 16:40:00,7.94,74.25,1010.05,0.9,0.0,0,Normal,0.14966602078717
2020-11-05 16:50:00,7.75,75.39,1010.09,0.83,0.0,0,Normal,0.14768873596230386
2020-11-05 17:00:00,7.63,75.89,1010.13,0.91,0.0,0,Normal,0.14715671532297675
2020-11-05 17:10:00,7.59,76.58,1010.17,1.05,0.0,0,Normal,0.14372957335290049
2020-11-05 17:20:00,7.53,77.85,1010.21,1.04,0.0,0,Normal,0.1456348151402388
2020-11-05 17:30:00,6.93,80.6,1010.22,2.36,0.0,0,Normal,0.13946768365706264
2020-11-05 17:40:00,6.34,83.7,1010.25,2.71,0.0,0,Normal,0.1276680673902586
2020-11-05 17:50:00,6.42,82.9,1010.3,1.87,0.0,0,Normal,0.14014612517945246
2020-11-05 18:00:00,6.34,82.5,1010.29,1.72,0.0,0,Normal,0.13643368569547382
2020-11-05 18:10:00,6.3,82.2,1010.29,2.23,0.0,0,Normal,0.1356479536177277
2020-11-05 18:20:00,6.06,84.0,1010.28,2.76,0.0,0,Normal,0.12486866821714615
2020-11-05 18:30:00,5.61,86.2,1010.22,2.07,0.0,0,Normal,0.1349788359239502
2020-11-05 18:40:00,5.34,86.7,1010.21,2.24,0.0,0,Normal,0.13339079024813588
2020-11-05 18:50:00,4.92,89.5,1010.23,2.34,0.0,0,Normal,0.12503905267854426
2020-11-05 19:00:00,4.67,91.0,1010.34,1.86,0.0,0,Normal,0.12567663982326172
2020-11-05 19:10:00,4.47,92.4,1010.35,1.4,0.0,0,Normal,0.12261292173428429
2020-11-05 19:20:00,4.46,92.9,1010.42,1.24,0.0,0,Normal,0.12309908737809305
2020-11-05 19:30:00,4.42,92.3,1010.42,0.93,0.0,0,Normal,0.12202679187585763
2020-11-05 19:40:00,4.34,92.8,1010.35,2.02,0.0,0,Normal,0.11891496226553866
2020-11-05 19:50:00,4.4,91.6,1010.38,1.53,0.0,0,Normal,0.12031257785756178
2020-11-05 20:00:00,4.17,92.1,1010.44,1.79,0.0,0,Normal,0.12104469548762009
2020-11-05 20:10:00,3.64,94.8,1010.47,1.86,0.0,0,Normal,0.11525780898695659
2020-11-05 20:20:00,3.43,96.8,1010.48,1.05,0.0,0,Normal,0.10686535211189918
2020-11-05 20:30:00,3.36,96.1,1010.37,1.53,0.0,0,Normal,0.11353285070683838
2020-11-05 20:40:00,3.35,95.8,1010.4,1.39,0.0,0,Normal,0.11692105402797437
2020-11-05 20:50:00,3.37,96.1,1010.44,1.01,0.0,0,Normal,0.11759858711384885
2020-11-05 21:00:00,3.02,97.9,1010.43,1.41,0.0,0,Normal,0.10743862202348065
2020-11-05 21:10:00,2.84,98.9,1010.51,0.67,0.0,0,Normal,0.09888372014666524
2020-11-05 21:20:00,2.7,99.4,1010.54,0.43,0.0,0,Normal,0.08703186955672448
2020-11-05 21:30:00,2.44,99.3,1010.54,1.15,0.0,0,Normal,0.09786641208093438
2020-11-05 21:40:00,2.2,99.9,1010.57,1.04,0.0,0,Normal,0.09657024374914891
2020-11-05 21:50:00,2.0,100.0,1010.63,0.94,0.0,0,Normal,0.09176369025421816
2020-11-05 22:00:00,1.92,100.0,1010.68,0.89,0.0,0,Normal,0.09338948995285745
2020-11-05 22:10:00,1.79,100.0,1010.71,0.76,0.0,0,Normal,0.08645691074177608
2020-11-05 22:20:00,1.72,100.0,1010.66,1.02,0.0,0,Normal,0.08838168733663265
2020-11-05 22:30:00,1.78,100.0,1010.62,0.89,0.0,0,Normal,0.08845644400085961
2020-11-05 22:40:00,1.81,100.0,1010.51,0.42,0.0,0,Normal,0.07555512669226194
2020-11-05 22:50:00,1.67,100.0,1010.44,0.58,0.0,0,Normal,0.08789344917673914
2020-11-05 23:00:00,1.44,100.0,1010.51,0.93,0.0,0,Normal,0.0883444029901832
2020-11-05 23:10:00,1.54,100.0,1010.56,0.82,0.0,0,Normal,0.08835519377393908
2020-11-05 23:20:00,1.41,100.0,1010.56,0.81,0.0,0,Normal,0.0879292312408626
2020-11-05 23:30:00,1.11,100.0,1010.54,1.24,0.0,0,Normal,0.09003328854974546
2020-11-05 23:40:00,0.92,100.0,1010.46,0.71,0.0,0,Normal,0.08553538677737738
2020-11-05 23:50:00,0.94,100.0,1010.4,0.46,0.0,0,Normal,0.08079672997409681
2020-11-06 00:00:00,0.83,100.0,1010.34,0.68,0.0,0,Normal,0.0840850662160092
2020-11-06 00:10:00,0.99,100.0,1010.23,0.52,0.0,0,Normal,0.08439356434911238
2020-11-06 00:20:00,0.99,100.0,1010.16,0.6,0.0,0,Normal,0.08720880374371276
2020-11-06 00:30:00,1.04,100.0,1010.0,0.61,0.0,0,Normal,0.09068930800002761
2020-11-06 00:40:00,1.06,100.0,1009.94,0.42,0.0,0,Normal,0.07899499510530605
2020-11-06 00:50:00,0.51,100.0,1009.86,1.28,0.0,0,Normal,0.09587487213809742
2020-11-06 01:00:00,0.32,100.0,1009.83,0.81,0.0,0,Normal,0.09258216197213809
2020-11-06 01:10:00,0.23,100.0,1009.85,0.65,0.0,0,Normal,0.08669760438592677
2020-11-06 01:20:00,0.09,100.0,1009.86,1.14,0.0,0,Normal,0.09283883334868637
2020-11-06 01:30:00,-0.09,100.0,1009.81,0.95,0.0,0,Normal,0.09259086683241313
2020-11-06 01:40:00,-0.19,100.0,1009.88,1.08,0.0,0,Normal,0.09064320049063912
2020-11-06 01:50:00,-0.34,100.0,1009.89,1.2,0.0,0,Normal,0.09117034149666081
2020-11-06 02:00:00,-0.11,100.0,1009.84,1.25,0.0,0,Normal,0.09391912376732958
2020-11-06 02:10:00,0.13,100.0,1009.85,0.81,0.0,0,Normal,0.0919589059538437
2020-11-06 02:20:00,0.05,100.0,1009.91,0.56,0.0,0,Normal,0.08543055466660787
2020-11-06 02:30:00,-0.25,100.0,1009.86,0.63,0.0,0,Normal,0.0848896359459761
2020-11-06 02:40:00,-0.54,100.0,1009.82,0.71,0.0,0,Normal,0.08590738875000226
2020-11-06 02:50:00,-0.42,100.0,1009.75,0.46,0.0,0,Normal,0.07802070912473658
2020-11-06 03:00:00,-0.08,100.0,1009.71,0.27,0.0,0,Normal,0.0697678132969144
2020-11-06 03:10:00,-0.44,100.0,1009.59,1.1,0.0,0,Normal,0.08886036578067202
2020-11-06 03:20:00,-0.96,100.0,1009.48,1.06,0.0,0,Normal,0.08813966110367
2020-11-06 03:30:00,-0.89,100.0,1009.38,0.62,0.0,0,Normal,0.0834082454751024
2020-11-06 03:40:00,-0.81,100.0,1009.31,0.82,0.0,0,Normal,0.09017961003085317
2020-11-06 03:50:00,-0.94,100.0,1009.27,1.23,0.0,0,Normal,0.09132220281886405
2020-11-06 04:00:00,-0.97,100.0,1009.23,1.36,0.0,0,Normal,0.09097603449299341
2020-11-06 04:10:00,-1.03,100.0,1009.22,1.31,0.0,0,Normal,0.09170162705698004
2020-11-06 04:20:00,-1.1,100.0,1009.18,1.18,0.0,0,Normal,0.09205077119682581
2020-11-06 04:30:00,-1.01,100.0,1009.2,0.72,0.0,0,Normal,0.0860910750570496
2020-11-06 04:40:00,-0.99,100.0,1009.23,0.73,0.0,0,Normal,0.0860910750570496
2020-11-06 04:50:00,-1.0,100.0,1009.26,1.15,0.0,0,Normal,0.090050119176035
2020-11-06 05:00:00,-0.89,100.0,1009.28,1.28,0.0,0,Normal,0.09188149189115935
2020-11-06 05:10:00,-0.83,100.0,1009.36,1.33,0.0,0,Normal,0.09112431923268194
2020-11-06 05:20:00,-0.95,100.0,1009.35,1.17,0.0,0,Normal,0.09032059583134244
2020-11-06 05:30:00,-1.19,100.0,1009.21,1.52,0.0,0,Normal,0.08784639190155386
2020-11-06 05:40:00,-1.18,100.0,1009.13,0.92,0.0,0,Normal,0.0921010563952579
2020-11-06 05:50:00,-1.11,100.0,1009.09,0.98,0.0,0,Normal,0.09138594585968274
2020-11-06 06:00:00,-1.04,100.0,1009.07,0.57,0.0,0,Normal,0.08566218167008177
2020-11-06 06:10:00,-1.01,100.0,1009.04,1.17,0.0,0,Normal,0.09225927089283337
2020-11-06 06:20:00,-1.09,100.0,1009.04,1.41,0.0,0,Normal,0.09362838804221219
2020-11-06 06:30:00,-1.12,100.0,1008.95,0.77,0.0,0,Normal,0.09058252487753982
2020-11-06 06:40:00,-1.14,100.0,1008.97,0.7,0.0,0,Normal,0.08929838362621245
2020-11-06 06:50:00,-1.14,100.0,1009.08,0.69,0.0,0,Normal,0.08806530510208022
2020-11-06 07:00:00,-1.1,100.0,1009.14,0.88,0.0,0,Normal,0.09182495390536982
2020-11-06 07:10:00,-1.02,100.0,1009.18,1.17,0.0,0,Normal,0.09225927089283337
2020-11-06 07:20:00,-1.05,100.0,1009.13,1.46,0.0,0,Normal,0.09099935754403288
2020-11-06 07:30:00,-1.1,100.0,1009.14,1.1,0.0,0,Normal,0.0908329265668959
2020-11-06 07:40:00,-1.12,100.0,1009.17,1.14,0.0,0,Normal,0.09198977775457295
2020-11-06 07:50:00,-1.08,100.0,1009.23,1.45,0.0,0,Normal,0.0892368440719653
2020-11-06 08:00:00,-1.06,100.0,1009.34,0.86,0.0,0,Normal,0.0906339811565865
2020-11-06 08:10:00,-0.95,100.0,1009.29,0.67,0.0,0,Normal,0.08392960178604758
2020-11-06 08:20:00,-0.77,100.0,1009.25,0.67,0.0,0,Normal,0.08520051036492626
2020-11-06 08:30:00,-0.67,100.0,1009.33,1.03,0.0,0,Normal,0.09140772411803444
2020-11-06 08:40:00,-0.61,100.0,1009.39,0.93,0.0,0,Normal,0.09147688991943592
2020-11-06 08:50:00,-0.51,100.0,1009.39,0.98,0.0,0,Normal,0.09106234764609333
2020-11-06 09:00:00,-0.2,100.0,1009.38,0.93,0.0,0,Normal,0.0937908299838286
2020-11-06 09:10:00,0.29,100.0,1009.4,0.85,0.0,0,Normal,0.09674405831185529
2020-11-06 09:20:00,0.85,100.0,1009.49,0.97,0.0,0,Normal,0.09674611524989085
2020-11-06 09:30:00,1.26,99.1,1009.49,0.92,0.0,0,Normal,0.10141246285685268
2020-11-06 09:40:00,1.78,93.7,1009.5,1.11,0.0,0,Normal,0.1210901250865486
2020-11-06 09:50:00,2.06,92.4,1009.43,1.11,0.0,0,Normal,0.12893266911979856
2020-11-06 10:00:00,2.43,91.1,1009.32,1.38,0.0,0,Normal,0.13673012962620318
2020-11-06 10:10:00,2.68,90.4,1009.28,1.31,0.0,0,Normal,0.14164847984463447
2020-11-06 10:20:00,3.12,88.9,1009.26,1.0,0.0,0,Normal,0.14364718139065602
2020-11-06 10:30:00,3.2,89.0,1009.24,1.26,0.0,0,Normal,0.1432557542240812
2020-11-06 10:40:00,3.53,88.0,1009.23,1.44,0.0,0,Normal,0.14568731180527428
2020-11-06 10:50:00,3.85,87.4,1009.17,1.11,0.0,0,Normal,0.14835459014705704
2020-11-06 11:00:00,4.37,86.2,1009.06,1.23,0.0,0,Normal,0.1519238652931632
2020-11-06 11:10:00,4.65,85.4,1008.98,1.35,0.0,0,Normal,0.15517748056151415
2020-11-06 11:20:00,5.12,83.9,1008.91,1.02,0.0,0,Normal,0.15387314340193836
2020-11-06 11:30:00,5.43,83.5,1008.83,1.33,0.0,0,Normal,0.15952844729248117
2020-11-06 11:40:00,5.93,81.8,1008.81,1.08,0.0,0,Normal,0.15800883606968408
2020-11-06 11:50:00,6.36,80.7,1008.66,1.58,0.0,0,Normal,0.15686375806132502
2020-11-06 12:00:00,6.7,79.86,1008.46,1.42,0.0,0,Normal,0.16568825979715612
2020-11-06 12:10:00,7.24,78.25,1008.31,1.49,0.0,0,Normal,0.16691141249948593
2020-11-06 12:20:00,7.82,76.72,1008.21,1.56,0.0,0,Normal,0.1675636505336639
2020-11-06 12:30:00,8.31,75.4,1008.17,1.55,0.0,0,Normal,0.16819540593328347
2020-11-06 12:40:00,8.67,74.44,1008.03,1.62,0.0,0,Normal,0.1679802948622544
2020-11-06 12:50:00,9.07,73.32,1007.86,1.09,0.0,0,Normal,0.16920495406528624
2020-11-06 13:00:00,9.34,72.72,1007.72,1.26,0.0,0,Normal,0.16671902727099686
2020-11-06 13:10:00,9.68,70.77,1007.57,1.44,0.0,0,Normal,0.16905396154519614
2020-11-06 13:20:00,10.1,68.84,1007.46,1.08,0.0,0,Normal,0.17054681801392396
2020-11-06 13:30:00,10.33,67.36,1007.42,1.69,0.0,0,Normal,0.16645901777104238
2020-11-06 13:40:00,10.21,66.72,1007.3,1.78,0.0,0,Normal,0.169279075798417
2020-11-06 13:50:00,10.32,65.81,1007.21,2.06,0.0,0,Normal,0.16797009635087995
2020-11-06 14:00:00,10.58,64.4,1007.13,2.29,0.0,0,Normal,0.16507978608777546
2020-11-06 14:10:00,11.12,62.54,1007.05,1.89,0.0,0,Normal,0.16917646400239766
2020-11-06 14:20:00,11.4,60.55,1006.95,1.99,0.0,0,Normal,0.16623553244039024
2020-11-06 14:30:00,11.64,59.4,1006.88,1.47,0.0,0,Normal,0.16245321721238276
2020-11-06 14:40:00,11.86,58.79,1006.87,1.23,0.0,0,Normal,0.15889935776087227
2020-11-06 14:50:00,11.89,58.88,1006.82,1.12,0.0,0,Normal,0.15974152387149987
2020-11-06 15:00:00,12.13,58.68,1006.77,1.31,0.0,0,Normal,0.16065544473460003
2020-11-06 15:10:00,11.96,59.28,1006.74,1.19,0.0,0,Normal,0.1610163091513397
2020-11-06 15:20:00,11.95,59.74,1006.71,0.93,0.0,0,Normal,0.16117066422681164
2020-11-06 15:30:00,11.36,62.32,1006.57,1.36,0.0,0,Normal,0.17299562916248395
2020-11-06 15:40:00,10.94,63.77,1006.47,1.31,0.0,0,Normal,0.17283203972147088
2020-11-06 15:50:00,10.58,65.31,1006.34,1.3,0.0,0,Normal,0.1737538195483706
2020-11-06 16:00:00,10.24,66.3,1006.23,1.48,0.0,0,Normal,0.17548601673192293
2020-11-06 16:10:00,10.18,66.56,1006.16,0.65,0.0,0,Normal,0.16554707255075418
2020-11-06 16:20:00,10.1,67.02,1006.08,0.36,0.0,0,Normal,0.15311473827334554
2020-11-06 16:30:00,9.76,68.54,1006.04,1.07,0.0,0,Normal,0.17335786924391072
2020-11-06 16:40:00,9.71,68.88,1006.02,1.15,0.0,0,Normal,0.17677464943478804
2020-11-06 16:50:00,9.22,71.13,1006.04,0.67,0.0,0,Normal,0.17167211177782038
2020-11-06 17:00:00,9.05,72.39,1006.04,1.2,0.0,0,Normal,0.17871979249457315
2020-11-06 17:10:00,8.97,72.72,1006.01,0.93,0.0,0,Normal,0.17662596631995447
2020-11-06 17:20:00,8.39,75.45,1006.01,0.27,0.0,0,Normal,0.15606535982994924
2020-11-06 17:30:00,8.04,77.14,1006.03,0.86,0.0,0,Normal,0.17646011258408956
2020-11-06 17:40:00,7.59,79.43,1006.11,0.66,0.0,0,Normal,0.17203441583137724
2020-11-06 17:50:00,7.35,80.7,1006.15,0.44,0.0,0,Normal,0.16338757368438556
2020-11-06 18:00:00,7.0,82.8,1006.17,0.7,0.0,0,Normal,0.17153028751977134
2020-11-06 18:10:00,6.63,84.5,1006.15,0.51,0.0,0,Normal,0.16493499198953127
2020-11-06 18:20:00,6.19,86.2,1006.13,1.03,0.0,0,Normal,0.17078155490055102
2020-11-06 18:30:00,5.79,87.8,1006.15,0.39,0.0,0,Normal,0.15067137354487214
2020-11-06 18:40:00,5.67,88.8,1006.16,0.52,0.0,0,Normal,0.15695277950897962
2020-11-06 18:50:00,5.66,88.7,1006.12,0.6,0.0,0,Normal,0.15967055808989772
2020-11-06 19:00:00,5.43,90.2,1006.11,1.93,0.0,0,Normal,0.16370536419738146
2020-11-06 19:10:00,5.25,91.0,1006.11,1.61,0.0,0,Normal,0.15871357941622904
2020-11-06 19:20:00,5.02,92.4,1006.05,0.79,0.0,0,Normal,0.1546856145031879
2020-11-06 19:30:00,4.81,93.5,1005.94,0.81,0.0,0,Normal,0.1559032748726319
2020-11-06 19:40:00,4.61,94.3,1005.8,1.66,0.0,0,Normal,0.1527293642309484
2020-11-06 19:50:00,4.54,94.8,1005.75,1.15,0.0,0,Normal,0.15397049328892476
2020-11-06 20:00:00,4.36,95.4,1005.69,0.94,0.0,0,Normal,0.15035567325367044
2020-11-06 20:10:00,4.1,96.2,1005.64,1.16,0.0,0,Normal,0.15269906494204122
2020-11-06 20:20:00,3.7,97.9,1005.6,1.3,0.0,0,Normal,0.14538096198288758
2020-11-06 20:30:00,3.38,98.8,1005.6,1.24,0.0,0,Normal,0.1417037303627698
2020-11-06 20:40:00,3.29,99.5,1005.61,0.98,0.0,0,Normal,0.1358796877005109
2020-11-06 20:50:00,3.03,100.0,1005.54,1.09,0.0,0,Normal,0.13479327968254884
2020-11-06 21:00:00,2.92,100.0,1005.55,0.86,0.0,0,Normal,0.13514403290967109
2020-11-06 21:10:00,2.8,100.0,1005.51,0.74,0.0,0,Normal,0.13086143614168055
2020-11-06 21:20:00,2.55,100.0,1005.51,1.06,0.0,0,Normal,0.1333533070331825
2020-11-06 21:30:00,2.21,100.0,1005.52,0.67,0.0,0,Normal,0.1248607049377593
2020-11-06 21:40:00,2.11,100.0,1005.42,0.61,0.0,0,Normal,0.12340333639745638
2020-11-06 21:50:00,1.77,100.0,1005.36,0.54,0.0,0,Normal,0.11605023379020551
2020-11-06 22:00:00,1.5,100.0,1005.32,0.81,0.0,0,Normal,0.12204735891230756
2020-11-06 22:10:00,1.35,100.0,1005.28,0.95,0.0,0,Normal,0.12356045879737343
2020-11-06 22:20:00,1.33,100.0,1005.21,0.52,0.0,0,Normal,0.11575186210465649
2020-11-06 22:30:00,1.39,100.0,1005.08,0.34,0.0,0,Normal,0.10151629502491077
2020-11-06 22:40:00,1.43,100.0,1005.01,0.34,0.0,0,Normal,0.10241902819931548
2020-11-06 22:50:00,1.36,100.0,1004.95,0.78,0.0,0,Normal,0.12338836179768697
2020-11-06 23:00:00,0.78,100.0,1004.88,0.98,0.0,0,Normal,0.12135307925016214
2020-11-06 23:10:00,0.48,100.0,1004.78,0.71,0.0,0,Normal,0.11770917747646603
2020-11-06 23:20:00,0.54,100.0,1004.79,0.44,0.0,0,Normal,0.10677147285442323
2020-11-06 23:30:00,0.53,100.0,1004.75,0.93,0.0,0,Normal,0.12054090954313113
2020-11-06 23:40:00,0.46,100.0,1004.8,0.62,0.0,0,Normal,0.11510245175052403
2020-11-06 23:50:00,0.32,100.0,1004.66,0.81,0.0,0,Normal,0.12031119834699544
2020-11-07 00:00:00,0.18,100.0,1004.59,0.93,0.0,0,Normal,0.12042560124758617
2020-11-07 00:10:00,0.14,100.0,1004.51,0.58,0.0,0,Normal,0.11676927216707111
2020-11-07 00:20:00,0.12,100.0,1004.39,0.43,0.0,0,Normal,0.10599613574814803
2020-11-07 00:30:00,-0.09,100.0,1004.37,0.64,0.0,0,Normal,0.11847235338709883
2020-11-07 00:40:00,-0.16,100.0,1004.29,0.73,0.0,0,Normal,0.1210864462761142
2020-11-07 00:50:00,0.07,100.0,1004.24,0.56,0.0,0,Normal,0.11753693903496187
2020-11-07 01:00:00,-0.07,100.0,1004.18,1.27,0.0,0,Normal,0.12715882592014688
2020-11-07 01:10:00,-0.21,100.0,1004.08,0.76,0.0,0,Normal,0.1215410049381127
2020-11-07 01:20:00,-0.32,100.0,1003.97,1.2,0.0,0,Normal,0.12512532490214368
2020-11-07 01:30:00,-0.08,100.0,1003.92,0.65,0.0,0,Normal,0.12055943986575313
2020-11-07 01:40:00,-0.21,100.0,1003.92,0.86,0.0,0,Normal,0.12597771188555695
2020-11-07 01:50:00,-0.42,100.0,1003.85,0.68,0.0,0,Normal,0.11984620834000415
2020-11-07 02:00:00,-0.41,100.0,1003.79,0.69,0.0,0,Normal,0.12175504603557408
2020-11-07 02:10:00,-0.35,100.0,1003.74,0.65,0.0,0,Normal,0.12040053844835474
2020-11-07 02:20:00,-0.46,100.0,1003.7,0.68,0.0,0,Normal,0.12112738615671848
2020-11-07 02:30:00,-0.53,100.0,1003.66,1.04,0.0,0,Normal,0.12564784774442972
2020-11-07 02:40:00,-0.72,100.0,1003.53,1.21,0.0,0,Normal,0.12354130145689496
2020-11-07 02:50:00,-0.75,100.0,1003.45,1.41,0.0,0,Normal,0.12595724352899645
2020-11-07 03:00:00,-0.57,100.0,1003.37,1.62,0.0,0,Normal,0.12114129923935879
2020-11-07 03:10:00,-0.64,100.0,1003.3,1.28,0.0,0,Normal,0.12653678086871567
2020-11-07 03:20:00,-0.79,100.0,1003.21,0.61,0.0,0,Normal,0.12029216197767478
2020-11-07 03:30:00,-0.95,100.0,1003.17,0.72,0.0,0,Normal,0.12171877772018502
2020-11-07 03:40:00,-1.07,100.0,1003.21,0.55,0.0,0,Normal,0.11693443574881468
2020-11-07 03:50:00,-1.15,100.0,1003.23,0.85,0.0,0,Normal,0.12520267051545092
2020-11-07 04:00:00,-1.16,100.0,1003.19,1.2,0.0,0,Normal,0.1227753628575996
2020-11-07 04:10:00,-1.19,100.0,1003.15,0.73,0.0,0,Normal,0.12205814422734762
2020-11-07 04:20:00,-1.3,100.0,1003.08,0.65,0.0,0,Normal,0.12032926020432178
2020-11-07 04:30:00,-1.36,100.0,1003.07,1.01,0.0,0,Normal,0.12471975059394774
2020-11-07 04:40:00,-1.39,100.0,1003.05,0.76,0.0,0,Normal,0.12335958570860095
2020-11-07 04:50:00,-1.35,100.0,1003.05,0.81,0.0,0,Normal,0.12396594197693933
2020-11-07 05:00:00,-1.41,100.0,1003.02,0.92,0.0,0,Normal,0.12500676012550327
2020-11-07 05:10:00,-1.42,100.0,1002.99,0.55,0.0,0,Normal,0.1173346875570278
2020-11-07 05:20:00,-1.44,100.0,1002.92,0.61,0.0,0,Normal,0.11963775883044592
2020-11-07 05:30:00,-1.53,100.0,1002.81,0.38,0.0,0,Normal,0.10355652167291707
2020-11-07 05:40:00,-1.6,100.0,1002.66,0.52,0.0,0,Normal,0.1167482927336444
2020-11-07 05:50:00,-1.57,100.0,1002.57,0.56,0.0,0,Normal,0.11988731570020172
2020-11-07 06:00:00,-1.53,100.0,1002.47,0.29,0.0,0,Normal,0.10221531564731823
2020-11-07 06:10:00,-1.51,100.0,1002.43,0.82,0.0,0,Normal,0.12602751529340633
2020-11-07 06:20:00,-1.69,100.0,1002.4,0.82,0.0,0,Normal,0.1258592037793954
2020-11-07 06:30:00,-1.87,100.0,1002.43,0.65,0.0,0,Normal,0.11928217162548982
2020-11-07 06:40:00,-2.01,100.0,1002.41,0.95,0.0,0,Normal,0.1237157370994379
2020-11-07 06:50:00,-2.13,100.0,1002.4,1.44,0.0,0,Normal,0.1206316340545569
2020-11-07 07:00:00,-2.16,100.0,1002.35,1.16,0.0,0,Normal,0.12176637678148117
2020-11-07 07:10:00,-2.18,100.0,1002.3,1.13,0.0,0,Normal,0.12219110274344358
2020-11-07 07:20:00,-2.23,100.0,1002.38,1.04,0.0,0,Normal,0.12244593899285827
2020-11-07 07:30:00,-2.29,100.0,1002.45,1.07,0.0,0,Normal,0.1218900118881352
2020-11-07 07:40:00,-2.15,100.0,1002.49,1.05,0.0,0,Normal,0.12261540499570245
2020-11-07 07:50:00,-1.89,100.0,1002.53,1.36,0.0,0,Normal,0.1250135837473368
2020-11-07 08:00:00,-1.81,100.0,1002.57,1.42,0.0,0,Normal,0.12402111110250397
2020-11-07 08:10:00,-1.93,100.0,1002.59,0.98,0.0,0,Normal,0.12320674027501233
2020-11-07 08:20:00,-1.69,100.0,1002.54,0.46,0.0,0,Normal,0.11570463673957077
2020-11-07 08:30:00,-1.19,100.0,1002.51,1.01,0.0,0,Normal,0.12825350996304175
2020-11-07 08:40:00,-0.8,100.0,1002.49,1.3,0.0,0,Normal,0.13027649674087127
2020-11-07 08:50:00,-0.72,100.0,1002.44,1.32,0.0,0,Normal,0.13044331416763244
2020-11-07 09:00:00,-0.67,100.0,1002.45,1.73,0.0,0,Normal,0.12273927739799961
2020-11-07 09:10:00,-0.57,100.0,1002.42,0.87,0.0,0,Normal,0.13015591023678819
2020-11-07 09:20:00,-0.25,100.0,1002.36,0.89,0.0,0,Normal,0.13025727228217693
2020-11-07 09:30:00,0.05,100.0,1002.28,1.02,0.0,0,Normal,0.13233175792056234
2020-11-07 09:40:00,0.52,100.0,1002.18,1.01,0.0,0,Normal,0.13680760906242495
2020-11-07 09:50:00,1.01,100.0,1002.09,1.01,0.0,0,Normal,0.13901490992232596
2020-11-07 10:00:00,1.59,100.0,1001.98,0.97,0.0,0,Normal,0.1404819811259443
2020-11-07 10:10:00,2.36,98.8,1001.88,0.67,0.0,0,Normal,0.1492526930600342
2020-11-07 10:20:00,3.22,87.8,1001.81,0.87,0.0,0,Normal,0.19180927387835522
2020-11-07 10:30:00,3.48,83.5,1001.7,1.08,0.0,0,Normal,0.2045022695961905
2020-11-07 10:40:00,3.97,81.0,1001.53,0.88,0.0,0,Normal,0.20309101618204933
2020-11-07 10:50:00,4.49,78.47,1001.41,0.63,0.0,0,Normal,0.20113395094476333
2020-11-07 11:00:00,5.28,74.52,1001.27,1.38,0.0,0,Normal,0.21228015710435238
2020-11-07 11:10:00,5.56,74.5,1001.14,1.71,0.0,0,Normal,0.21356327328565688
2020-11-07 11:20:00,5.78,73.62,1000.99,1.81,0.0,0,Normal,0.21428136555089566
2020-11-07 11:30:00,6.08,72.79,1000.76,1.91,0.0,0,Normal,0.21568250351545215
2020-11-07 11:40:00,6.62,72.78,1000.57,1.76,0.0,0,Normal,0.2185584096555353
2020-11-07 11:50:00,6.98,72.42,1000.47,2.15,0.0,0,Normal,0.21786472805421947
2020-11-07 12:00:00,7.54,70.64,1000.33,1.72,0.0,0,Normal,0.21985748366948382
2020-11-07 12:10:00,8.62,65.06,1000.15,1.6,0.0,0,Normal,0.2183951831601607
2020-11-07 12:20:00,9.77,58.65,1000.1,1.32,0.0,0,Normal,0.21195279300885195
2020-11-07 12:30:00,10.54,56.47,1000.04,1.05,0.0,0,Normal,0.2131078802348894
2020-11-07 12:40:00,11.25,54.36,999.98,0.8,0.0,0,Normal,0.2017103675308345
2020-11-07 12:50:00,11.72,52.65,999.92,1.02,0.0,0,Normal,0.20601727417350518
2020-11-07 13:00:00,12.19,50.72,999.78,0.59,0.0,0,Normal,0.19283303100149107
2020-11-07 13:10:00,12.94,48.73,999.62,1.04,0.0,0,Normal,0.1963307544058337
2020-11-07 13:20:00,12.79,50.28,999.49,1.3,0.0,0,Normal,0.2006185620857921
2020-11-07 13:30:00,12.72,50.49,999.44,1.12,0.0,0,Normal,0.20177525211146025
2020-11-07 13:40:00,12.86,50.15,999.39,1.15,0.0,0,Normal,0.19986813644658546
2020-11-07 13:50:00,13.27,48.93,999.34,1.18,0.0,0,Normal,0.19891653305486584
2020-11-07 14:00:00,13.79,48.3,999.25,0.74,0.0,0,Normal,0.18995307493668456
2020-11-07 14:10:00,14.45,46.62,999.18,0.81,0.0,0,Normal,0.1891423012809582
2020-11-07 14:20:00,14.5,46.85,999.09,1.01,0.0,0,Normal,0.19339407055539948
2020-11-07 14:30:00,14.26,47.41,999.03,1.22,0.0,0,Normal,0.19733659110256307
2020-11-07 14:40:00,14.23,46.98,999.05,0.75,0.0,0,Normal,0.18837048986268934
2020-11-07 14:50:00,14.69,46.11,999.0,0.62,0.0,0,Normal,0.18455005067130154
2020-11-07 15:00:00,15.11,45.12,999.0,0.51,0.0,0,Normal,0.18391497434570225
2020-11-07 15:10:00,15.57,44.15,998.95,0.26,0.0,0,Normal,0.1629937969682268
2020-11-07 15:20:00,15.96,43.48,998.93,0.32,0.0,0,Normal,0.16640597239314087
2020-11-07 15:30:00,15.75,44.6,998.9,0.38,0.0,0,Normal,0.17308795267174815
2020-11-07 15:40:00,15.64,45.05,998.86,0.23,0.0,0,Normal,0.1648109171782149
2020-11-07 15:50:00,15.32,46.11,998.8,0.41,0.0,0,Normal,0.17540833339832718
2020-11-07 16:00:00,14.06,49.83,998.7,0.76,0.0,0,Normal,0.19953524868077777
2020-11-07 16:10:00,13.18,51.43,998.67,0.56,0.0,0,Normal,0.19617705680951913
2020-11-07 16:20:00,12.35,56.34,998.67,0.94,0.0,0,Normal,0.2122039096714486
2020-11-07 16:30:00,11.55,59.76,998.64,0.27,0.0,0,Normal,0.1868418214820834
2020-11-07 16:40:00,11.34,61.86,998.62,0.32,0.0,0,Normal,0.19567829110875828
2020-11-07 16:50:00,10.86,65.38,998.54,0.71,0.0,0,Normal,0.2210239344592937
2020-11-07 17:00:00,10.34,68.4,998.47,0.42,0.0,0,Normal,0.20903867572149504
2020-11-07 17:10:00,9.65,74.82,998.51,0.55,0.0,0,Normal,0.21933481784540565
2020-11-07 17:20:00,9.33,75.22,998.54,0.28,0.0,0,Normal,0.20193163175811657
2020-11-07 17:30:00,9.07,73.67,998.59,1.3,0.0,0,Normal,0.23109884501222389
2020-11-07 17:40:00,9.18,71.14,998.6,1.91,0.0,0,Normal,0.22836898852699794
2020-11-07 17:50:00,8.89,71.75,998.64,1.16,0.0,0,Normal,0.22637467735973416
2020-11-07 18:00:00,8.42,73.93,998.7,1.44,0.0,0,Normal,0.22759664204258157
2020-11-07 18:10:00,7.98,76.81,998.76,0.94,0.0,0,Normal,0.22475806997570025
2020-11-07 18:20:00,7.73,78.01,998.78,1.0,0.0,0,Normal,0.2245196384182203
2020-11-07 18:30:00,7.48,79.16,998.83,0.92,0.0,0,Normal,0.22229394892341375
2020-11-07 18:40:00,7.08,80.5,998.88,1.08,0.0,0,Normal,0.22378367234860352
2020-11-07 18:50:00,6.78,81.4,998.86,0.51,0.0,0,Normal,0.21228101486132434
2020-11-07 19:00:00,6.98,80.5,998.84,0.82,0.0,0,Normal,0.2217640386060411
2020-11-07 19:10:00,6.91,80.0,998.77,0.98,0.0,0,Normal,0.22316980583872625
2020-11-07 19:20:00,6.76,81.3,998.76,0.87,0.0,0,Normal,0.22128467875901758
2020-11-07 19:30:00,6.67,82.1,998.66,0.86,0.0,0,Normal,0.2217884249834074
2020-11-07 19:40:00,5.75,84.5,998.68,1.02,0.0,0,Normal,0.2182487998214892
2020-11-07 19:50:00,5.82,86.3,998.67,1.53,0.0,0,Normal,0.21530017373098592
2020-11-07 20:00:00,6.32,84.6,998.73,1.06,0.0,0,Normal,0.21997230621925878
2020-11-07 20:10:00,6.28,83.9,998.77,0.41,0.0,0,Normal,0.20146457594549294
2020-11-07 20:20:00,5.24,86.9,998.75,0.56,0.0,0,Normal,0.20611557925642832
2020-11-07 20:30:00,4.43,88.5,998.69,1.22,0.0,0,Normal,0.2066037292927161
2020-11-07 20:40:00,5.02,84.2,998.63,1.5,0.0,0,Normal,0.21882570493211173
2020-11-07 20:50:00,5.04,84.9,998.67,0.92,0.0,0,Normal,0.21529342538552715
2020-11-07 21:00:00,4.09,87.6,998.64,0.61,0.0,0,Normal,0.20495114665694697
2020-11-07 21:10:00,3.33,92.1,998.76,0.41,0.0,0,Normal,0.17807051055604722
2020-11-07 21:20:00,3.13,93.3,998.78,0.7,0.0,0,Normal,0.19326243475050325
2020-11-07 21:30:00,2.46,96.6,998.75,1.02,0.0,0,Normal,0.17193359552789744
2020-11-07 21:40:00,2.26,98.1,998.76,0.8,0.0,0,Normal,0.1660431419228504
2020-11-07 21:50:00,2.27,98.6,998.8,1.01,0.0,0,Normal,0.1636383681047
2020-11-07 22:00:00,2.17,98.7,998.8,0.54,0.0,0,Normal,0.1567610171112208
2020-11-07 22:10:00,2.45,96.7,998.69,1.25,0.0,0,Normal,0.17576124633402995
2020-11-07 22:20:00,2.05,97.3,998.68,0.5,0.0,0,Normal,0.15790107646212703
2020-11-07 22:30:00,1.58,97.3,998.67,0.94,0.0,0,Normal,0.15813068164609667
2020-11-07 22:40:00,1.58,98.4,998.56,1.06,0.0,0,Normal,0.15732822234482052
2020-11-07 22:50:00,1.59,98.8,998.52,1.06,0.0,0,Normal,0.1557890377014478
2020-11-07 23:00:00,1.33,99.5,998.59,0.86,0.0,0,Normal,0.15554094214127734
2020-11-07 23:10:00,1.32,99.9,998.58,0.94,0.0,0,Normal,0.1521236824701403
2020-11-07 23:20:00,1.6,98.7,998.53,0.85,0.0,0,Normal,0.15745950122117974
2020-11-07 23:30:00,1.74,96.6,998.43,1.09,0.0,0,Normal,0.1674870320840242
2020-11-07 23:40:00,1.13,96.0,998.45,1.11,0.0,0,Normal,0.17059475523765
2020-11-07 23:50:00,0.82,99.5,998.51,0.71,0.0,0,Normal,0.1509679117668825
2020-11-08 00:00:00,0.73,100.0,998.47,0.63,0.0,0,Normal,0.14446565649607634
2020-11-08 00:10:00,0.85,99.9,998.4,0.43,0.0,0,Normal,0.1343814500196311
2020-11-08 00:20:00,0.72,99.4,998.35,0.57,0.0,0,Normal,0.14596025396563383
2020-11-08 00:30:00,0.53,99.5,998.34,0.94,0.0,0,Normal,0.14851977215674184
2020-11-08 00:40:00,0.67,97.1,998.32,0.66,0.0,0,Normal,0.15307951418729404
2020-11-08 00:50:00,0.45,97.6,998.24,0.82,0.0,0,Normal,0.1534770458157904
2020-11-08 01:00:00,0.74,97.3,998.2,0.73,0.0,0,Normal,0.15591231131598227
2020-11-08 01:10:00,1.07,96.8,998.15,0.45,0.0,0,Normal,0.15119234647171315
2020-11-08 01:20:00,0.62,96.7,998.13,0.79,0.0,0,Normal,0.1586430027799262
2020-11-08 01:30:00,0.36,98.4,998.1,0.76,0.0,0,Normal,0.15143312698724987
2020-11-08 01:40:00,0.19,100.0,998.07,0.64,0.0,0,Normal,0.14062825521678157
2020-11-08 01:50:00,-0.03,100.0,998.11,0.58,0.0,0,Normal,0.13920243582493114
2020-11-08 02:00:00,0.14,99.9,998.12,0.23,0.0,0,Normal,0.1172955406743088
2020-11-08 02:10:00,0.14,99.8,998.11,0.82,0.0,0,Normal,0.14573138620253023
2020-11-08 02:20:00,0.16,99.4,998.03,1.37,0.0,0,Normal,0.14994016454835968
2020-11-08 02:30:00,0.41,98.7,998.03,1.23,0.0,0,Normal,0.15489018963315782
2020-11-08 02:40:00,0.28,97.3,998.08,0.82,0.0,0,Normal,0.15372001600823948
2020-11-08 02:50:00,-0.15,99.3,998.1,0.68,0.0,0,Normal,0.1448625011219986
2020-11-08 03:00:00,-0.29,100.0,998.09,0.44,0.0,0,Normal,0.13092390155655143
2020-11-08 03:10:00,-0.39,100.0,998.1,0.54,0.0,0,Normal,0.1359053671311491
2020-11-08 03:20:00,-0.07,99.9,998.18,0.46,0.0,0,Normal,0.1349789693437244
2020-11-08 03:30:00,-0.02,99.3,998.16,0.49,0.0,0,Normal,0.1382576727921958
2020-11-08 03:40:00,-0.13,99.8,998.22,0.65,0.0,0,Normal,0.14147402371115086
2020-11-08 03:50:00,-0.44,100.0,998.17,0.71,0.0,0,Normal,0.14048102729992296
2020-11-08 04:00:00,-0.73,100.0,998.2,0.95,0.0,0,Normal,0.14227501580772073
2020-11-08 04:10:00,-0.62,100.0,998.23,0.98,0.0,0,Normal,0.14154444714672887
2020-11-08 04:20:00,-0.59,100.0,998.23,0.78,0.0,0,Normal,0.1410672493634033
2020-11-08 04:30:00,-0.39,100.0,998.27,1.05,0.0,0,Normal,0.14369630810711748
2020-11-08 04:40:00,-0.18,99.5,998.36,0.69,0.0,0,Normal,0.14395759563035243
2020-11-08 04:50:00,-0.6,99.6,998.32,1.53,0.0,0,Normal,0.14213593966639249
2020-11-08 05:00:00,-0.86,100.0,998.32,0.49,0.0,0,Normal,0.1317147610456384
2020-11-08 05:10:00,-0.77,100.0,998.28,0.65,0.0,0,Normal,0.13788584272500548
2020-11-08 05:20:00,-0.92,100.0,998.21,0.67,0.0,0,Normal,0.13747510532465562
2020-11-08 05:30:00,-0.87,100.0,998.25,0.52,0.0,0,Normal,0.13258607204476697
2020-11-08 05:40:00,-0.41,100.0,998.21,0.53,0.0,0,Normal,0.13524124622827172
2020-11-08 05:50:00,-0.24,99.7,998.17,0.29,0.0,0,Normal,0.12103197566531598
2020-11-08 06:00:00,-0.26,99.3,998.2,0.6,0.0,0,Normal,0.14061478951051098
2020-11-08 06:10:00,-0.37,99.5,998.2,0.99,0.0,0,Normal,0.1438101622517407
2020-11-08 06:20:00,-0.47,100.0,998.21,1.33,0.0,0,Normal,0.1444211782508139
2020-11-08 06:30:00,-0.3,100.0,998.14,1.52,0.0,0,Normal,0.14122134160587846
2020-11-08 06:40:00,-0.16,99.7,998.09,1.02,0.0,0,Normal,0.14537664769636788
2020-11-08 06:50:00,-0.52,98.8,998.1,1.53,0.0,0,Normal,0.14464370664560017
2020-11-08 07:00:00,-0.68,100.0,998.2,1.39,0.0,0,Normal,0.14395598073500715
2020-11-08 07:10:00,-0.48,100.0,998.23,1.26,0.0,0,Normal,0.14435539608376435
2020-11-08 07:20:00,-0.51,100.0,998.2,0.82,0.0,0,Normal,0.14296804911948968
2020-11-08 07:30:00,-0.58,100.0,998.25,0.81,0.0,0,Normal,0.14182911352869865
2020-11-08 07:40:00,-0.27,100.0,998.29,1.11,0.0,0,Normal,0.1432586118891273
2020-11-08 07:50:00,-0.28,98.6,998.3,0.48,0.0,0,Normal,0.13792983984392287
2020-11-08 08:00:00,-0.28,97.8,998.42,0.31,0.0,0,Normal,0.12634814626096286
2020-11-08 08:10:00,-0.28,98.0,998.48,0.44,0.0,0,Normal,0.13476465594324477
2020-11-08 08:20:00,-0.06,98.5,998.51,0.54,0.0,0,Normal,0.14040064000697716
2020-11-08 08:30:00,0.28,96.9,998.53,0.81,0.0,0,Normal,0.15292098906068924
2020-11-08 08:40:00,0.42,96.5,998.66,0.77,0.0,0,Normal,0.15624812105366837
2020-11-08 08:50:00,0.73,95.3,998.68,0.53,0.0,0,Normal,0.16036749381620757
2020-11-08 09:00:00,0.55,95.8,998.68,0.69,0.0,0,Normal,0.1634918133392833
2020-11-08 09:10:00,1.01,93.8,998.66,0.54,0.0,0,Normal,0.16652319633761936
2020-11-08 09:20:00,1.41,93.0,998.66,0.74,0.0,0,Normal,0.17664844822458414
2020-11-08 09:30:00,2.03,90.5,998.65,0.71,0.0,0,Normal,0.18869264832207272
2020-11-08 09:40:00,2.3,88.5,998.64,0.8,0.0,0,Normal,0.19729400679622477
2020-11-08 09:50:00,2.26,88.9,998.69,0.9,0.0,0,Normal,0.19706733810044413
2020-11-08 10:00:00,2.5,90.0,998.69,0.43,0.0,0,Normal,0.18362380002101436
2020-11-08 10:10:00,3.4,85.8,998.65,0.6,0.0,0,Normal,0.20660285783776278
2020-11-08 10:20:00,3.82,84.7,998.66,0.84,0.0,0,Normal,0.21488179304436567
2020-11-08 10:30:00,4.07,84.2,998.66,1.21,0.0,0,Normal,0.21638323952115507
2020-11-08 10:40:00,4.18,84.5,998.62,1.21,0.0,0,Normal,0.21665857901128366
2020-11-08 10:50:00,4.52,82.9,998.59,1.04,0.0,0,Normal,0.22046186876338325
2020-11-08 11:00:00,4.79,82.7,998.54,0.5,0.0,0,Normal,0.2082057492622144
2020-11-08 11:10:00,5.15,81.7,998.5,1.13,0.0,0,Normal,0.22363178883541074
2020-11-08 11:20:00,5.66,79.3,998.46,1.14,0.0,0,Normal,0.22448968309850542
2020-11-08 11:30:00,6.21,77.73,998.37,0.83,0.0,0,Normal,0.22521371945429192
2020-11-08 11:40:00,6.9,75.9,998.39,0.62,0.0,0,Normal,0.2204709287832124
2020-11-08 11:50:00,7.32,73.8,998.42,0.72,0.0,0,Normal,0.22403927231900778
2020-11-08 12:00:00,8.05,70.65,998.38,0.56,0.0,0,Normal,0.2223010064492013
2020-11-08 12:10:00,8.84,67.87,998.35,0.47,0.0,0,Normal,0.21582188297496518
2020-11-08 12:20:00,9.51,64.91,998.32,0.43,0.0,0,Normal,0.20913221422436123
2020-11-08 12:30:00,10.22,62.44,998.2,0.86,0.0,0,Normal,0.22736573809266886
2020-11-08 12:40:00,10.49,60.99,998.19,0.5,0.0,0,Normal,0.2152922119750918
2020-11-08 12:50:00,10.73,61.25,998.15,0.69,0.0,0,Normal,0.2215016066790228
2020-11-08 13:00:00,11.06,59.55,998.09,0.86,0.0,0,Normal,0.22484677429600308
2020-11-08 13:10:00,11.43,59.32,998.01,0.81,0.0,0,Normal,0.22340430082050772
2020-11-08 13:20:00,11.89,57.93,997.93,0.56,0.0,0,Normal,0.21289161164108772
2020-11-08 13:30:00,12.13,57.73,997.86,0.79,0.0,0,Normal,0.21913617860932838
2020-11-08 13:40:00,12.28,57.45,997.8,0.64,0.0,0,Normal,0.21209501824533133
2020-11-08 13:50:00,12.57,56.24,997.7,0.61,0.0,0,Normal,0.2113694014600203
2020-11-08 14:00:00,13.13,54.85,997.61,0.56,0.0,0,Normal,0.20913001927129132
2020-11-08 14:10:00,13.55,53.41,997.53,0.64,0.0,0,Normal,0.20841378094440294
2020-11-08 14:20:00,13.69,52.65,997.42,0.58,0.0,0,Normal,0.20759118016706002
2020-11-08 14:30:00,13.35,53.49,997.39,0.84,0.0,0,Normal,0.21380583944801168
2020-11-08 14:40:00,13.12,55.08,997.41,0.8,0.0,0,Normal,0.21586749157269614
2020-11-08 14:50:00,13.01,55.27,997.41,0.83,0.0,0,Normal,0.21555324274449894
2020-11-08 15:00:00,13.31,54.73,997.37,0.33,0.0,0,Normal,0.1934973175928213
2020-11-08 15:10:00,13.73,53.95,997.33,0.41,0.0,0,Normal,0.19883161617929485
2020-11-08 15:20:00,13.2,56.27,997.33,0.59,0.0,0,Normal,0.2100861088203384
2020-11-08 15:30:00,12.74,59.0,997.38,0.41,0.0,0,Normal,0.2042276564322285
2020-11-08 15:40:00,12.56,59.75,997.44,0.29,0.0,0,Normal,0.19639010163198756
2020-11-08 15:50:00,12.24,59.85,997.47,0.18,0.0,0,Normal,0.18760831551839025
2020-11-08 16:00:00,11.99,61.75,997.49,0.27,0.0,0,Normal,0.1985059969546934
2020-11-08 16:10:00,11.78,62.92,997.48,0.47,0.0,0,Normal,0.21834507760650712
2020-11-08 16:20:00,11.46,61.99,997.46,0.89,0.0,0,Normal,0.22857408708282756
2020-11-08 16:30:00,11.32,62.8,997.43,0.36,0.0,0,Normal,0.20636954371181043
2020-11-08 16:40:00,11.14,63.62,997.41,0.3,0.0,0,Normal,0.20363827814407126
2020-11-08 16:50:00,10.86,65.06,997.44,0.71,0.0,0,Normal,0.22796326383655946
2020-11-08 17:00:00,10.43,67.8,997.42,0.56,0.0,0,Normal,0.22547636763276552
2020-11-08 17:10:00,10.14,70.07,997.43,0.36,0.0,0,Normal,0.21435337073410032
2020-11-08 17:20:00,9.89,71.85,997.49,0.2,0.0,0,Normal,0.1997288798534978
2020-11-08 17:30:00,9.73,73.0,997.52,0.45,0.0,0,Normal,0.21989845005724806
2020-11-08 17:40:00,9.16,76.61,997.61,0.57,0.0,0,Normal,0.22435240116805638
2020-11-08 17:50:00,8.83,77.24,997.65,0.31,0.0,0,Normal,0.21137336361559372
2020-11-08 18:00:00,8.76,75.24,997.7,1.57,0.0,0,Normal,0.2348278308490977
2020-11-08 18:10:00,8.84,74.31,997.77,1.43,0.0,0,Normal,0.23290257015543342
2020-11-08 18:20:00,8.72,74.45,997.82,1.43,0.0,0,Normal,0.2330429339013732
2020-11-08 18:30:00,8.33,75.66,997.89,1.35,0.0,0,Normal,0.232928931124059
2020-11-08 18:40:00,8.05,79.59,997.95,1.0,0.0,0,Normal,0.2307278032694411
2020-11-08 18:50:00,7.83,83.9,997.97,0.7,0.0,0,Normal,0.22320320360941615
2020-11-08 19:00:00,7.69,84.4,997.94,0.47,0.0,0,Normal,0.21437915921416711
2020-11-08 19:10:00,7.65,83.7,997.91,0.29,0.0,0,Normal,0.20522989664175317
2020-11-08 19:20:00,7.27,84.7,997.95,1.05,0.0,0,Normal,0.22735756631210785
2020-11-08 19:30:00,6.8,86.1,997.95,0.82,0.0,0,Normal,0.22399145411471516
2020-11-08 19:40:00,6.14,89.5,997.95,1.1,0.0,0,Normal,0.21524744636723425
2020-11-08 19:50:00,5.73,93.4,997.96,0.76,0.0,0,Normal,0.20234707397274398
2020-11-08 20:00:00,5.88,91.2,997.91,0.86,0.0,0,Normal,0.2070511889495515
2020-11-08 20:10:00,5.92,89.2,997.82,1.32,0.0,0,Normal,0.21781355652689688
2020-11-08 20:20:00,6.05,88.7,997.74,1.21,0.0,0,Normal,0.21694943429465097
2020-11-08 20:30:00,6.11,88.3,997.79,0.71,0.0,0,Normal,0.21392873139463625
2020-11-08 20:40:00,5.93,89.2,997.84,0.44,0.0,0,Normal,0.20329745524409337
2020-11-08 20:50:00,5.5,91.0,997.84,0.72,0.0,0,Normal,0.20739896265258445
2020-11-08 21:00:00,5.24,93.4,997.9,1.47,0.0,0,Normal,0.20080728278909477
2020-11-08 21:10:00,5.18,95.2,997.95,0.46,0.0,0,Normal,0.18785611087844956
2020-11-08 21:20:00,5.09,95.4,997.95,0.27,0.0,0,Normal,0.1717633461496917
2020-11-08 21:30:00,5.19,94.3,997.97,0.32,0.0,0,Normal,0.1771415928117221
2020-11-08 21:40:00,4.76,96.7,997.98,0.72,0.0,0,Normal,0.18692632397442982
2020-11-08 21:50:00,4.73,97.6,998.0,0.32,0.0,0,Normal,0.16286197987187612
2020-11-08 22:00:00,4.7,97.3,998.06,0.33,0.0,0,Normal,0.16334371255038932
2020-11-08 22:10:00,4.69,96.9,998.09,0.4,0.0,0,Normal,0.16763076629681917
2020-11-08 22:20:00,4.55,96.5,998.12,0.42,0.0,0,Normal,0.17204596412629214
2020-11-08 22:30:00,4.33,97.7,998.23,0.96,0.0,0,Normal,0.18112954701259143
2020-11-08 22:40:00,4.03,99.2,998.3,0.75,0.0,0,Normal,0.17680726676251807
2020-11-08 22:50:00,3.82,99.5,998.34,0.74,0.0,0,Normal,0.17487695285924154
2020-11-08 23:00:00,3.55,100.0,998.36,0.82,0.0,0,Normal,0.1721533492289865
2020-11-08 23:10:00,3.54,100.0,998.37,0.73,0.0,0,Normal,0.1710561389497235
2020-11-08 23:20:00,3.67,100.0,998.33,0.65,0.0,0,Normal,0.16839679354255643
2020-11-08 23:30:00,3.81,100.0,998.36,0.42,0.0,0,Normal,0.15530178873315204
2020-11-08 23:40:00,3.95,100.0,998.36,0.31,0.0,0,Normal,0.14914811004256484
2020-11-08 23:50:00,4.02,99.5,998.35,0.36,0.0,0,Normal,0.15379642138083327
2020-11-09 00:00:00,3.47,99.8,998.4,0.51,0.0,0,Normal,0.16580545403558544
2020-11-09 00:10:00,3.07,100.0,998.46,0.61,0.0,0,Normal,0.1649586296196517
2020-11-09 00:20:00,2.88,100.0,998.58,0.94,0.0,0,Normal,0.1672587420799928
2020-11-09 00:30:00,2.62,100.0,998.54,0.84,0.0,0,Normal,0.1661966095643415
2020-11-09 00:40:00,2.68,100.0,998.51,0.64,0.0,0,Normal,0.1625007505942343
2020-11-09 00:50:00,2.44,100.0,998.49,0.48,0.0,0,Normal,0.15261703819878475
2020-11-09 01:00:00,2.61,100.0,998.43,0.33,0.0,0,Normal,0.1445626278411774
2020-11-09 01:10:00,2.74,100.0,998.41,0.62,0.0,0,Normal,0.16313107339010596
2020-11-09 01:20:00,3.28,100.0,998.42,0.74,0.0,0,Normal,0.1689468234911194
2020-11-09 01:30:00,3.47,100.0,998.4,0.8,0.0,0,Normal,0.17101260063589802
2020-11-09 01:40:00,2.99,99.8,998.48,0.55,0.0,0,Normal,0.16601699315094592
2020-11-09 01:50:00,2.13,100.0,998.54,0.5,0.0,0,Normal,0.15034977043300163
2020-11-09 02:00:00,1.75,100.0,998.58,0.27,0.0,0,Normal,0.12922180318934245
2020-11-09 02:10:00,1.84,100.0,998.56,0.5,0.0,0,Normal,0.14562604634910553
2020-11-09 02:20:00,2.09,100.0,998.59,0.47,0.0,0,Normal,0.14855541039657327
2020-11-09 02:30:00,1.98,100.0,998.6,0.43,0.0,0,Normal,0.1412145587892341
2020-11-09 02:40:00,1.33,100.0,998.57,0.52,0.0,0,Normal,0.14425406486620856
2020-11-09 02:50:00,1.01,100.0,998.53,0.7,0.0,0,Normal,0.14850812429292648
2020-11-09 03:00:00,1.14,100.0,998.44,0.72,0.0,0,Normal,0.15050902307672614
2020-11-09 03:10:00,1.07,100.0,998.32,0.57,0.0,0,Normal,0.14549302697832212
2020-11-09 03:20:00,0.89,100.0,998.3,0.48,0.0,0,Normal,0.14224535351671513
2020-11-09 03:30:00,0.83,100.0,998.28,0.27,0.0,0,Normal,0.12479547777344374
2020-11-09 03:40:00,0.79,100.0,998.17,0.32,0.0,0,Normal,0.12645439725055446
2020-11-09 03:50:00,1.05,100.0,998.14,0.49,0.0,0,Normal,0.1422217449113673
2020-11-09 04:00:00,1.29,100.0,998.11,0.66,0.0,0,Normal,0.15018860839561454
2020-11-09 04:10:00,1.37,100.0,998.08,0.48,0.0,0,Normal,0.14705073134312058
2020-11-09 04:20:00,1.11,100.0,998.17,0.67,0.0,0,Normal,0.14916349680492896
2020-11-09 04:30:00,0.8,100.0,998.32,0.99,0.0,0,Normal,0.1474585551049573
2020-11-09 04:40:00,0.64,100.0,998.4,0.94,0.0,0,Normal,0.14731340895236833
2020-11-09 04:50:00,0.7,100.0,998.36,0.52,0.0,0,Normal,0.14048715047939836
2020-11-09 05:00:00,0.78,100.0,998.3,0.53,0.0,0,Normal,0.14140911414798113
2020-11-09 05:10:00,0.56,100.0,998.27,1.15,0.0,0,Normal,0.14824138355014427
2020-11-09 05:20:00,0.49,100.0,998.27,0.97,0.0,0,Normal,0.1458267487707821
2020-11-09 05:30:00,0.65,100.0,998.22,1.06,0.0,0,Normal,0.1491357389200224
2020-11-09 05:40:00,0.54,100.0,998.16,0.99,0.0,0,Normal,0.14595099089833136
2020-11-09 05:50:00,0.49,100.0,998.13,0.85,0.0,0,Normal,0.14757204456249712
2020-11-09 06:00:00,0.61,100.0,998.22,0.51,0.0,0,Normal,0.13984887728632261
2020-11-09 06:10:00,0.68,100.0,998.27,0.66,0.0,0,Normal,0.14449915302086097
2020-11-09 06:20:00,1.0,100.0,998.27,0.41,0.0,0,Normal,0.13237123021879066
2020-11-09 06:30:00,0.85,100.0,998.23,0.5,0.0,0,Normal,0.14284840404668553
2020-11-09 06:40:00,0.91,100.0,998.24,0.65,0.0,0,Normal,0.14716232436794863
2020-11-09 06:50:00,0.89,100.0,998.27,0.45,0.0,0,Normal,0.13975220305880348
2020-11-09 07:00:00,0.94,100.0,998.29,0.42,0.0,0,Normal,0.13400935785005313
2020-11-09 07:10:00,0.87,100.0,998.3,0.63,0.0,0,Normal,0.14636713161096132
2020-11-09 07:20:00,0.78,100.0,998.37,0.41,0.0,0,Normal,0.12996230350099042
2020-11-09 07:30:00,0.81,100.0,998.45,0.35,0.0,0,Normal,0.12646149937516277
2020-11-09 07:40:00,0.79,100.0,998.62,0.73,0.0,0,Normal,0.14645639664145427
2020-11-09 07:50:00,0.61,100.0,998.72,0.66,0.0,0,Normal,0.14345661692444817
2020-11-09 08:00:00,0.67,100.0,998.92,0.82,0.0,0,Normal,0.1457778810982842
2020-11-09 08:10:00,0.89,100.0,998.97,0.35,0.0,0,Normal,0.1254235305132788
2020-11-09 08:20:00,1.1,100.0,999.06,0.58,0.0,0,Normal,0.14461583216391755
2020-11-09 08:30:00,1.14,100.0,999.11,0.46,0.0,0,Normal,0.14029569642323675
2020-11-09 08:40:00,1.15,100.0,999.07,0.34,0.0,0,Normal,0.12688665171922153
2020-11-09 08:50:00,1.33,100.0,999.13,0.78,0.0,0,Normal,0.14995686081729803
2020-11-09 09:00:00,1.24,100.0,999.13,0.74,0.0,0,Normal,0.14900184357866303
2020-11-09 09:10:00,1.43,100.0,999.24,0.81,0.0,0,Normal,0.1513484138210921
2020-11-09 09:20:00,1.45,100.0,999.3,1.16,0.0,0,Normal,0.15189628627879098
2020-11-09 09:30:00,1.47,100.0,999.3,0.68,0.0,0,Normal,0.1489607352669124
2020-11-09 09:40:00,1.71,100.0,999.2,0.7,0.0,0,Normal,0.15146054137433218
2020-11-09 09:50:00,1.97,100.0,999.15,0.37,0.0,0,Normal,0.13480680607658285
2020-11-09 10:00:00,2.22,100.0,999.06,0.69,0.0,0,Normal,0.15753040882947417
2020-11-09 10:10:00,2.55,100.0,999.12,0.81,0.0,0,Normal,0.163711452305835
2020-11-09 10:20:00,2.82,100.0,999.19,0.61,0.0,0,Normal,0.16095882830894137
2020-11-09 10:30:00,3.05,100.0,999.25,0.65,0.0,0,Normal,0.16338432828423816
2020-11-09 10:40:00,3.26,100.0,999.29,0.58,0.0,0,Normal,0.16269096026421886
2020-11-09 10:50:00,3.81,100.0,999.27,0.53,0.0,0,Normal,0.16219198636069637
2020-11-09 11:00:00,4.47,100.0,999.26,0.51,0.0,0,Normal,0.16188545580934582
2020-11-09 11:10:00,5.05,100.0,999.23,0.64,0.0,0,Normal,0.1672708760743158
2020-11-09 11:20:00,5.18,100.0,999.14,0.74,0.0,0,Normal,0.17119168049634803
2020-11-09 11:30:00,5.04,100.0,999.01,0.58,0.0,0,Normal,0.1679894235215465
2020-11-09 11:40:00,5.4,99.0,998.91,1.16,0.0,0,Normal,0.1790868003276545
2020-11-09 11:50:00,5.45,96.5,998.86,1.91,0.0,0,Normal,0.1837574403243521
2020-11-09 12:00:00,5.47,94.8,998.78,2.36,0.0,0,Normal,0.18472599742533358
2020-11-09 12:10:00,5.86,92.3,998.73,2.57,0.0,0,Normal,0.18927634011474997
2020-11-09 12:20:00,6.19,90.0,998.67,2.27,0.0,0,Normal,0.20256780935918184
2020-11-09 12:30:00,6.82,86.9,998.59,2.21,0.0,0,Normal,0.21312838012093677
2020-11-09 12:40:00,7.18,85.0,998.55,2.4,0.0,0,Normal,0.21467561526192375
2020-11-09 12:50:00,7.33,84.9,998.5,2.59,0.0,0,Normal,0.2118488697337083
2020-11-09 13:00:00,7.47,85.1,998.45,2.98,0.0,0,Normal,0.20245154040577445
2020-11-09 13:10:00,7.32,86.0,998.38,3.73,0.0,0,Normal,0.18598344949111034
2020-11-09 13:20:00,7.5,85.4,998.33,3.29,0.0,0,Normal,0.19484677741680795
2020-11-09 13:30:00,7.72,83.7,998.28,2.52,0.0,0,Normal,0.21978297289673127
2020-11-09 13:40:00,7.75,84.4,998.28,2.29,0.0,0,Normal,0.22124202542805005
2020-11-09 13:50:00,7.7,87.1,998.26,2.44,0.0,0,Normal,0.213241328595822
2020-11-09 14:00:00,8.07,86.5,998.13,2.51,0.0,0,Normal,0.21472048475390837
2020-11-09 14:10:00,8.38,86.4,998.09,2.78,0.0,0,Normal,0.2081055232886248
2020-11-09 14:20:00,8.68,85.2,998.03,3.12,0.0,0,Normal,0.20288426196413367
2020-11-09 14:30:00,8.81,84.1,998.0,3.14,0.0,0,Normal,0.2027225191430429
2020-11-09 14:40:00,8.82,83.5,998.01,3.43,0.0,0,Normal,0.1965567042818318
2020-11-09 14:50:00,8.6,84.5,998.04,3.45,0.0,0,Normal,0.1933432697704982
2020-11-09 15:00:00,8.45,85.2,998.09,3.13,0.0,0,Normal,0.198953379664211
2020-11-09 15:10:00,8.26,85.9,998.2,3.2,0.0,0,Normal,0.19655934148557086
2020-11-09 15:20:00,7.77,88.3,998.24,3.24,0.0,0,Normal,0.19088046087138372
2020-11-09 15:30:00,7.52,89.9,998.37,2.67,0.0,0,Normal,0.20497535770653597
2020-11-09 15:40:00,7.39,90.4,998.43,2.72,0.0,0,Normal,0.19906584913402586
2020-11-09 15:50:00,7.03,92.1,998.47,2.42,0.0,0,Normal,0.1978270157900383
2020-11-09 16:00:00,6.71,93.6,998.56,1.71,0.0,0,Normal,0.19987686741114974
2020-11-09 16:10:00,6.62,93.8,998.72,0.87,0.0,0,Normal,0.20111959225263226
2020-11-09 16:20:00,6.49,94.3,998.75,1.24,0.0,0,Normal,0.1982728113631247
2020-11-09 16:30:00,6.33,94.9,998.8,1.17,0.0,0,Normal,0.1941300938755502
2020-11-09 16:40:00,6.17,95.3,998.86,0.61,0.0,0,Normal,0.1897643594088783
2020-11-09 16:50:00,5.87,96.6,998.93,0.4,0.0,0,Normal,0.1675155393487076
2020-11-09 17:00:00,5.69,97.3,999.06,0.42,0.0,0,Normal,0.16602986057321034
2020-11-09 17:10:00,5.63,97.2,999.14,0.56,0.0,0,Normal,0.17685087827353646
2020-11-09 17:20:00,5.28,98.5,999.24,0.54,0.0,0,Normal,0.1697223899241837
2020-11-09 17:30:00,5.24,97.6,999.35,0.25,0.0,0,Normal,0.14970783050577469
2020-11-09 17:40:00,4.98,99.3,999.39,0.49,0.0,0,Normal,0.16501530465294217
2020-11-09 17:50:00,4.95,99.9,999.48,0.88,0.0,0,Normal,0.17323017539483082
2020-11-09 18:00:00,4.9,99.4,999.55,0.42,0.0,0,Normal,0.1581379602317291
2020-11-09 18:10:00,4.8,99.4,999.57,0.31,0.0,0,Normal,0.14964160310483549
2020-11-09 18:20:00,4.79,99.6,999.61,0.39,0.0,0,Normal,0.1542574022761542
2020-11-09 18:30:00,4.73,100.0,999.65,1.17,0.0,0,Normal,0.17088812020415511
2020-11-09 18:40:00,4.71,100.0,999.71,0.73,0.0,0,Normal,0.16981139039749743
2020-11-09 18:50:00,4.56,100.0,999.71,0.73,0.0,0,Normal,0.16965789317448998
2020-11-09 19:00:00,4.44,100.0,999.7,1.11,0.0,0,Normal,0.16967644329758697
2020-11-09 19:10:00,4.34,100.0,999.71,1.05,0.0,0,Normal,0.17107479618097055
2020-11-09 19:20:00,4.3,100.0,999.77,1.0,0.0,0,Normal,0.17065270335674948
2020-11-09 19:30:00,4.24,100.0,999.77,1.08,0.0,0,Normal,0.1705532462886426
2020-11-09 19:40:00,4.05,100.0,999.79,0.69,0.0,0,Normal,0.16911670837531778
2020-11-09 19:50:00,3.9,100.0,999.78,0.23,0.0,0,Normal,0.14192107287000616
2020-11-09 20:00:00,3.76,100.0,999.73,0.37,0.0,0,Normal,0.14796859014176483
2020-11-09 20:10:00,3.75,99.9,999.78,0.31,0.0,0,Normal,0.14639740884682945
2020-11-09 20:20:00,3.63,99.9,999.87,0.23,0.0,0,Normal,0.14151596596803206
2020-11-09 20:30:00,3.41,100.0,999.89,0.31,0.0,0,Normal,0.1429272450902801
2020-11-09 20:40:00,3.05,99.1,999.87,0.3,0.0,0,Normal,0.14540866264236263
2020-11-09 20:50:00,2.75,100.0,999.86,0.31,0.0,0,Normal,0.14017729226752512
2020-11-09 21:00:00,2.54,99.8,999.84,0.35,0.0,0,Normal,0.14433030806614433
2020-11-09 21:10:00,2.16,100.0,999.85,0.77,0.0,0,Normal,0.1584843627973192
2020-11-09 21:20:00,2.13,100.0,999.85,0.46,0.0,0,Normal,0.149071500266387
2020-11-09 21:30:00,2.13,100.0,999.92,0.39,0.0,0,Normal,0.13852953437354415
2020-11-09 21:40:00,2.08,100.0,999.98,0.96,0.0,0,Normal,0.15626997979432034
2020-11-09 21:50:00,1.77,100.0,1000.06,0.6,0.0,0,Normal,0.14956601103529826
2020-11-09 22:00:00,1.54,100.0,1000.06,0.95,0.0,0,Normal,0.1503025696828026
2020-11-09 22:10:00,1.46,100.0,1000.06,0.53,0.0,0,Normal,0.14494824922434185
2020-11-09 22:20:00,1.7,100.0,1000.06,0.33,0.0,0,Normal,0.13077655163452123
2020-11-09 22:30:00,1.83,100.0,1000.03,0.47,0.0,0,Normal,0.1451253839521739
2020-11-09 22:40:00,2.15,100.0,1000.04,0.28,0.0,0,Normal,0.13521652130011347
2020-11-09 22:50:00,2.19,100.0,1000.05,0.53,0.0,0,Normal,0.15194124096366812
2020-11-09 23:00:00,2.05,100.0,1000.05,0.87,0.0,0,Normal,0.15735618126668383
2020-11-09 23:10:00,2.08,100.0,1000.09,0.39,0.0,0,Normal,0.13868038120860804
2020-11-09 23:20:00,2.21,100.0,1000.08,0.32,0.0,0,Normal,0.13639226772988577
2020-11-09 23:30:00,2.34,100.0,1000.1,0.29,0.0,0,Normal,0.1362464199450053
2020-11-09 23:40:00,2.3,100.0,1000.1,0.8,0.0,0,Normal,0.15953372725062276
2020-11-09 23:50:00,2.13,100.0,1000.16,0.91,0.0,0,Normal,0.15849454308006755
2020-11-10 00:00:00,2.12,100.0,1000.24,1.2,0.0,0,Normal,0.15814961111970577
2020-11-10 00:10:00,2.15,100.0,1000.25,1.37,0.0,0,Normal,0.15899682289151157
2020-11-10 00:20:00,2.18,100.0,1000.22,1.23,0.0,0,Normal,0.15991859900876837
2020-11-10 00:30:00,2.17,100.0,1000.22,1.39,0.0,0,Normal,0.15879054573367124
2020-11-10 00:40:00,2.16,100.0,1000.24,1.09,0.0,0,Normal,0.158189309008388
2020-11-10 00:50:00,2.02,100.0,1000.25,1.08,0.0,0,Normal,0.15641107529042936
2020-11-10 01:00:00,2.08,100.0,1000.25,0.66,0.0,0,Normal,0.15398380690223656
2020-11-10 01:10:00,2.16,100.0,1000.28,0.68,0.0,0,Normal,0.15608432120590343
2020-11-10 01:20:00,2.1,100.0,1000.24,0.86,0.0,0,Normal,0.15792264014638546
2020-11-10 01:30:00,2.09,100.0,1000.24,0.84,0.0,0,Normal,0.15763634681956323
2020-11-10 01:40:00,2.08,100.0,1000.27,1.04,0.0,0,Normal,0.15651172496592025
2020-11-10 01:50:00,2.13,100.0,1000.27,0.66,0.0,0,Normal,0.1551324128169297
2020-11-10 02:00:00,2.18,100.0,1000.32,0.63,0.0,0,Normal,0.15393348835902326
2020-11-10 02:10:00,2.25,100.0,1000.48,0.37,0.0,0,Normal,0.1373702237934818
2020-11-10 02:20:00,2.29,100.0,1000.51,0.63,0.0,0,Normal,0.15479913692635555
2020-11-10 02:30:00,2.15,100.0,1000.51,0.56,0.0,0,Normal,0.15241823103377178
2020-11-10 02:40:00,2.11,100.0,1000.44,0.63,0.0,0,Normal,0.15418307099696987
2020-11-10 02:50:00,2.06,100.0,1000.41,0.91,0.0,0,Normal,0.15576331981437702
2020-11-10 03:00:00,2.08,100.0,1000.36,0.79,0.0,0,Normal,0.1561691724988838
2020-11-10 03:10:00,2.05,100.0,1000.36,1.36,0.0,0,Normal,0.15697862336493018
2020-11-10 03:20:00,1.91,100.0,1000.34,1.66,0.0,0,Normal,0.15391283224350405
2020-11-10 03:30:00,1.88,100.0,1000.34,1.49,0.0,0,Normal,0.15313434870180248
2020-11-10 03:40:00,1.83,100.0,1000.36,1.67,0.0,0,Normal,0.15066252908191036
2020-11-10 03:50:00,1.74,100.0,1000.36,1.68,0.0,0,Normal,0.14940324550105927
2020-11-10 04:00:00,1.68,100.0,1000.37,1.65,0.0,0,Normal,0.14913586693491793
2020-11-10 04:10:00,1.65,100.0,1000.37,1.54,0.0,0,Normal,0.15033158442081518
2020-11-10 04:20:00,1.64,100.0,1000.42,1.53,0.0,0,Normal,0.14875166713373572
2020-11-10 04:30:00,1.54,100.0,1000.52,2.04,0.0,0,Normal,0.1403805602078551
2020-11-10 04:40:00,1.46,100.0,1000.55,1.8,0.0,0,Normal,0.1472727060945413
2020-11-10 04:50:00,1.47,100.0,1000.63,1.73,0.0,0,Normal,0.14730024983549217
2020-11-10 05:00:00,1.3,100.0,1000.67,1.49,0.0,0,Normal,0.1481459940493729
2020-11-10 05:10:00,1.36,100.0,1000.64,0.91,0.0,0,Normal,0.15058669876641206
2020-11-10 05:20:00,1.37,100.0,1000.6,1.56,0.0,0,Normal,0.15020157660189437
2020-11-10 05:30:00,1.17,100.0,1000.58,1.64,0.0,0,Normal,0.14728255391879475
2020-11-10 05:40:00,1.1,100.0,1000.57,1.44,0.0,0,Normal,0.15036436803052966
2020-11-10 05:50:00,1.01,100.0,1000.65,1.64,0.0,0,Normal,0.14349524383450785
2020-11-10 06:00:00,0.79,100.0,1000.64,2.38,0.0,0,Normal,0.1346748617112553
2020-11-10 06:10:00,0.61,100.0,1000.69,2.42,0.0,0,Normal,0.13320551953577087
2020-11-10 06:20:00,0.61,100.0,1000.68,2.12,0.0,0,Normal,0.13323108438306736
2020-11-10 06:30:00,0.71,100.0,1000.72,1.58,0.0,0,Normal,0.14372571903022202
2020-11-10 06:40:00,0.87,100.0,1000.7,1.74,0.0,0,Normal,0.14310482215160086
2020-11-10 06:50:00,0.9,100.0,1000.68,1.94,0.0,0,Normal,0.13792293989535398
2020-11-10 07:00:00,0.92,100.0,1000.68,2.22,0.0,0,Normal,0.1349814340905584
2020-11-10 07:10:00,0.85,100.0,1000.7,2.28,0.0,0,Normal,0.13555858594047437
2020-11-10 07:20:00,0.7,100.0,1000.76,2.88,0.0,0,Normal,0.12266031768922003
2020-11-10 07:30:00,0.58,100.0,1000.8,2.93,0.0,0,Normal,0.1210496821016872
2020-11-10 07:40:00,0.44,100.0,1000.88,2.98,0.0,0,Normal,0.116665619007018
2020-11-10 07:50:00,0.34,100.0,1000.95,2.86,0.0,0,Normal,0.12004000131496395
2020-11-10 08:00:00,0.26,100.0,1001.01,2.63,0.0,0,Normal,0.12738016495201337
2020-11-10 08:10:00,0.21,100.0,1001.13,2.67,0.0,0,Normal,0.12398259519748744
2020-11-10 08:20:00,0.07,100.0,1001.27,3.07,0.0,0,Normal,0.10765001901197191
2020-11-10 08:30:00,-0.06,100.0,1001.33,3.02,0.0,0,Normal,0.10880145526601237
2020-11-10 08:40:00,-0.13,100.0,1001.34,2.22,0.0,0,Normal,0.12304748450728697
2020-11-10 08:50:00,0.02,100.0,1001.37,2.04,0.0,0,Normal,0.12443210979088448
2020-11-10 09:00:00,0.05,100.0,1001.42,2.26,0.0,0,Normal,0.12398695724232794
2020-11-10 09:10:00,-0.1,100.0,1001.48,2.58,0.0,0,Normal,0.12164279947613255
2020-11-10 09:20:00,-0.2,100.0,1001.42,1.83,0.0,0,Normal,0.1279826089121039
2020-11-10 09:30:00,-0.08,100.0,1001.52,1.6,0.0,0,Normal,0.13304092901652048
2020-11-10 09:40:00,0.11,100.0,1001.5,1.23,0.0,0,Normal,0.1379018683833737
2020-11-10 09:50:00,0.31,100.0,1001.48,1.16,0.0,0,Normal,0.13958896319133085
2020-11-10 10:00:00,0.5,100.0,1001.49,0.88,0.0,0,Normal,0.13873559844593286
2020-11-10 10:10:00,0.76,100.0,1001.51,1.09,0.0,0,Normal,0.1418809674399743
2020-11-10 10:20:00,0.86,100.0,1001.47,1.21,0.0,0,Normal,0.14274962086835435
2020-11-10 10:30:00,0.88,100.0,1001.45,1.04,0.0,0,Normal,0.14331112208320257
2020-11-10 10:40:00,1.39,100.0,1001.46,0.79,0.0,0,Normal,0.14495272776875207
2020-11-10 10:50:00,1.72,100.0,1001.45,1.06,0.0,0,Normal,0.14786586168658683
2020-11-10 11:00:00,1.94,100.0,1001.43,0.92,0.0,0,Normal,0.1503361047392633
2020-11-10 11:10:00,2.82,100.0,1001.38,1.02,0.0,0,Normal,0.156767053643861
2020-11-10 11:20:00,3.35,95.7,1001.32,1.32,0.0,0,Normal,0.17443719305889815
2020-11-10 11:30:00,3.74,91.5,1001.27,1.34,0.0,0,Normal,0.1875024077977961
2020-11-10 11:40:00,4.16,88.5,1001.22,1.95,0.0,0,Normal,0.19185082855544322
2020-11-10 11:50:00,4.6,86.6,1001.15,1.95,0.0,0,Normal,0.20034117167682364
2020-11-10 12:00:00,4.98,84.8,1001.14,2.06,0.0,0,Normal,0.2025678400358497
2020-11-10 12:10:00,5.4,83.3,1001.09,1.95,0.0,0,Normal,0.20947899437021028
2020-11-10 12:20:00,5.69,82.4,1001.03,1.46,0.0,0,Normal,0.20917333386085862
2020-11-10 12:30:00,6.06,80.6,1000.94,1.41,0.0,0,Normal,0.21236746711498128
2020-11-10 12:40:00,6.45,78.96,1000.85,1.72,0.0,0,Normal,0.21415355887072923
2020-11-10 12:50:00,6.95,77.17,1000.79,1.13,0.0,0,Normal,0.21728560430511834
2020-11-10 13:00:00,6.85,77.73,1000.74,1.41,0.0,0,Normal,0.2173235849049735
2020-11-10 13:10:00,6.78,77.78,1000.67,1.58,0.0,0,Normal,0.21716822578603195
2020-11-10 13:20:00,7.46,75.13,1000.6,0.86,0.0,0,Normal,0.21511182146908647
2020-11-10 13:30:00,7.37,75.79,1000.52,1.37,0.0,0,Normal,0.21791012131507853
2020-11-10 13:40:00,7.33,75.93,1000.55,1.16,0.0,0,Normal,0.2158922913485532
2020-11-10 13:50:00,7.45,76.07,1000.51,0.97,0.0,0,Normal,0.21499790467232333
2020-11-10 14:00:00,7.73,74.46,1000.52,1.53,0.0,0,Normal,0.21845726217621708
2020-11-10 14:10:00,8.42,71.94,1000.53,0.71,0.0,0,Normal,0.21196788625425234
2020-11-10 14:20:00,8.73,70.39,1000.5,1.54,0.0,0,Normal,0.21763903635090864
2020-11-10 14:30:00,8.64,71.13,1000.51,1.37,0.0,0,Normal,0.2187898362263881
2020-11-10 14:40:00,8.41,72.59,1000.52,1.16,0.0,0,Normal,0.2163556884859833
2020-11-10 14:50:00,8.45,72.79,1000.48,0.87,0.0,0,Normal,0.2136294056207873
2020-11-10 15:00:00,8.47,73.03,1000.42,1.19,0.0,0,Normal,0.21737369077788993
2020-11-10 15:10:00,7.22,81.6,1000.41,2.89,0.0,0,Normal,0.20340999693505551
2020-11-10 15:20:00,6.35,85.9,1000.55,2.23,0.0,0,Normal,0.2050445930376213
2020-11-10 15:30:00,6.06,87.4,1000.61,2.08,0.0,0,Normal,0.20133164876449444
2020-11-10 15:40:00,5.61,89.6,1000.67,1.82,0.0,0,Normal,0.19791434663566682
2020-11-10 15:50:00,5.31,90.6,1000.66,1.86,0.0,0,Normal,0.1938778383724718
2020-11-10 16:00:00,5.02,91.9,1000.63,1.92,0.0,0,Normal,0.19128144621021392
2020-11-10 16:10:00,4.74,93.2,1000.66,1.67,0.0,0,Normal,0.18659561791392654
2020-11-10 16:20:00,4.47,94.5,1000.72,1.76,0.0,0,Normal,0.18095643465353922
2020-11-10 16:30:00,4.23,95.5,1000.78,1.92,0.0,0,Normal,0.17690894611152497
2020-11-10 16:40:00,3.93,96.4,1000.88,1.43,0.0,0,Normal,0.17454376631135382
2020-11-10 16:50:00,3.63,98.0,1000.97,1.76,0.0,0,Normal,0.1655719431519313
2020-11-10 17:00:00,3.35,99.8,1001.01,1.47,0.0,0,Normal,0.16225917421912045
2020-11-10 17:10:00,3.22,100.0,1001.07,0.99,0.0,0,Normal,0.1597780350330973
2020-11-10 17:20:00,3.2,100.0,1001.13,0.92,0.0,0,Normal,0.15928582388469326
2020-11-10 17:30:00,3.13,100.0,1001.14,0.8,0.0,0,Normal,0.15948985045880237
2020-11-10 17:40:00,2.99,100.0,1001.17,0.8,0.0,0,Normal,0.15800646624994302
2020-11-10 17:50:00,2.91,100.0,1001.12,0.69,0.0,0,Normal,0.15803194193005565
2020-11-10 18:00:00,2.79,100.0,1001.09,0.89,0.0,0,Normal,0.15800393076763442
2020-11-10 18:10:00,2.74,100.0,1001.11,0.71,0.0,0,Normal,0.15716441204111098
2020-11-10 18:20:00,2.65,100.0,1001.15,0.6,0.0,0,Normal,0.15419227803777746
2020-11-10 18:30:00,2.67,100.0,1001.15,0.73,0.0,0,Normal,0.15729874110832276
2020-11-10 18:40:00,2.58,100.0,1001.19,0.64,0.0,0,Normal,0.1511170261458173
2020-11-10 18:50:00,2.55,100.0,1001.23,0.71,0.0,0,Normal,0.15477157207091685
2020-11-10 19:00:00,2.46,100.0,1001.24,0.98,0.0,0,Normal,0.1535158762769303
2020-11-10 19:10:00,2.37,100.0,1001.23,0.87,0.0,0,Normal,0.15374210848534264
2020-11-10 19:20:00,2.36,100.0,1001.21,0.91,0.0,0,Normal,0.15233538718794543
2020-11-10 19:30:00,2.28,100.0,1001.21,1.33,0.0,0,Normal,0.15380920301233408
2020-11-10 19:40:00,2.18,100.0,1001.27,1.21,0.0,0,Normal,0.15190235863433404
2020-11-10 19:50:00,2.19,100.0,1001.3,1.11,0.0,0,Normal,0.15250536608230064
2020-11-10 20:00:00,2.09,100.0,1001.33,1.03,0.0,0,Normal,0.1507056779897098
2020-11-10 20:10:00,2.09,100.0,1001.3,0.68,0.0,0,Normal,0.14986303485041796
2020-11-10 20:20:00,1.93,100.0,1001.26,0.74,0.0,0,Normal,0.15050986607055689
2020-11-10 20:30:00,1.95,100.0,1001.28,0.73,0.0,0,Normal,0.15072673529820152
2020-11-10 20:40:00,1.98,100.0,1001.35,1.18,0.0,0,Normal,0.14936917189573568
2020-11-10 20:50:00,1.93,100.0,1001.33,1.15,0.0,0,Normal,0.1508436069991983
2020-11-10 21:00:00,1.84,100.0,1001.35,0.9,0.0,0,Normal,0.14705155334422276
2020-11-10 21:10:00,1.77,100.0,1001.41,1.15,0.0,0,Normal,0.14694573513012388
2020-11-10 21:20:00,1.74,100.0,1001.41,0.75,0.0,0,Normal,0.14592032175389846
2020-11-10 21:30:00,1.79,100.0,1001.4,0.8,0.0,0,Normal,0.14709439247579914
2020-11-10 21:40:00,1.79,100.0,1001.51,0.88,0.0,0,Normal,0.14736035981625056
2020-11-10 21:50:00,1.76,100.0,1001.53,0.79,0.0,0,Normal,0.14588561028184344
2020-11-10 22:00:00,1.78,100.0,1001.54,0.42,0.0,0,Normal,0.13154846550498256
2020-11-10 22:10:00,1.8,100.0,1001.49,0.79,0.0,0,Normal,0.14645648845843018
2020-11-10 22:20:00,1.72,100.0,1001.55,0.79,0.0,0,Normal,0.14377987578940554
2020-11-10 22:30:00,1.67,100.0,1001.53,0.68,0.0,0,Normal,0.14511312143467398
2020-11-10 22:40:00,1.63,100.0,1001.5,0.44,0.0,0,Normal,0.13390616555230606
2020-11-10 22:50:00,1.62,100.0,1001.48,0.55,0.0,0,Normal,0.14069522677603014
2020-11-10 23:00:00,1.6,100.0,1001.45,0.66,0.0,0,Normal,0.14253827264734065
2020-11-10 23:10:00,1.59,100.0,1001.51,1.09,0.0,0,Normal,0.1451558231220712
2020-11-10 23:20:00,1.59,100.0,1001.48,0.72,0.0,0,Normal,0.1443929033475635
2020-11-10 23:30:00,1.62,100.0,1001.46,0.88,0.0,0,Normal,0.14519882191670208
2020-11-10 23:40:00,1.54,100.0,1001.36,0.98,0.0,0,Normal,0.14412005306878578
2020-11-10 23:50:00,1.53,100.0,1001.31,0.89,0.0,0,Normal,0.14460231873204082
2020-11-11 00:00:00,1.57,100.0,1001.27,0.83,0.0,0,Normal,0.14634321922841775
2020-11-11 00:10:00,1.7,100.0,1001.29,0.67,0.0,0,Normal,0.14490187482978473
2020-11-11 00:20:00,1.8,100.0,1001.22,0.8,0.0,0,Normal,0.14729318007188252
2020-11-11 00:30:00,1.71,100.0,1001.15,1.15,0.0,0,Normal,0.14916314908579226
2020-11-11 00:40:00,1.59,100.0,1001.1,1.15,0.0,0,Normal,0.14757933016653085
2020-11-11 00:50:00,1.56,100.0,1001.13,0.72,0.0,0,Normal,0.14659880241034734
2020-11-11 01:00:00,1.61,100.0,1001.11,0.8,0.0,0,Normal,0.1469972712673957
2020-11-11 01:10:00,1.71,100.0,1001.04,1.36,0.0,0,Normal,0.1512121479069623
2020-11-11 01:20:00,1.83,100.0,1000.96,0.96,0.0,0,Normal,0.14930714321955962
2020-11-11 01:30:00,1.99,100.0,1000.94,0.73,0.0,0,Normal,0.1519899753420096
2020-11-11 01:40:00,1.99,100.0,1000.99,0.83,0.0,0,Normal,0.15326398118901796
2020-11-11 01:50:00,2.02,100.0,1001.04,0.72,0.0,0,Normal,0.1519899753420096
2020-11-11 02:00:00,2.16,100.0,1001.21,0.58,0.0,0,Normal,0.14803447427364486
2020-11-11 02:10:00,2.38,100.0,1001.23,0.39,0.0,0,Normal,0.1338186436640444
2020-11-11 02:20:00,2.57,100.0,1001.15,0.52,0.0,0,Normal,0.15052931974908573
2020-11-11 02:30:00,2.62,100.0,1001.1,0.6,0.0,0,Normal,0.153077790175132
2020-11-11 02:40:00,2.44,100.0,1001.05,0.66,0.0,0,Normal,0.15215438360526817
2020-11-11 02:50:00,2.43,100.0,1001.01,0.48,0.0,0,Normal,0.14724212888376437
2020-11-11 03:00:00,2.51,100.0,1000.95,0.88,0.0,0,Normal,0.15763545004866453
2020-11-11 03:10:00,2.5,100.0,1000.95,0.91,0.0,0,Normal,0.1571363855156928
2020-11-11 03:20:00,2.56,100.0,1000.81,0.66,0.0,0,Normal,0.15532819190677033
2020-11-11 03:30:00,2.68,100.0,1000.69,0.93,0.0,0,Normal,0.16081458336058613
2020-11-11 03:40:00,2.77,100.0,1000.66,0.79,0.0,0,Normal,0.15983936998498216
2020-11-11 03:50:00,2.79,100.0,1000.56,0.89,0.0,0,Normal,0.16155309453603484
2020-11-11 04:00:00,2.82,100.0,1000.5,1.28,0.0,0,Normal,0.1637263848715267
2020-11-11 04:10:00,2.9,100.0,1000.45,0.8,0.0,0,Normal,0.16261604206584046
2020-11-11 04:20:00,3.0,100.0,1000.47,0.58,0.0,0,Normal,0.15959311787078867
2020-11-11 04:30:00,3.04,100.0,1000.5,0.9,0.0,0,Normal,0.1635967827850216
2020-11-11 04:40:00,3.02,100.0,1000.52,0.67,0.0,0,Normal,0.16059147304119675
2020-11-11 04:50:00,3.23,100.0,1000.45,0.41,0.0,0,Normal,0.14545229973483148
2020-11-11 05:00:00,3.33,99.9,1000.39,0.48,0.0,0,Normal,0.1562168056214
2020-11-11 05:10:00,3.4,99.9,1000.42,0.58,0.0,0,Normal,0.16194323377968822
2020-11-11 05:20:00,3.51,99.4,1000.47,0.58,0.0,0,Normal,0.16402848445342588
2020-11-11 05:30:00,3.57,99.3,1000.42,0.95,0.0,0,Normal,0.16744133783664228
2020-11-11 05:40:00,3.62,99.4,1000.34,1.01,0.0,0,Normal,0.16797030916304634
2020-11-11 05:50:00,3.61,99.8,1000.29,0.46,0.0,0,Normal,0.1586013562909857
2020-11-11 06:00:00,3.97,98.6,1000.27,0.29,0.0,0,Normal,0.14779414898289894
2020-11-11 06:10:00,3.97,98.2,1000.29,0.84,0.0,0,Normal,0.17311810535730077
2020-11-11 06:20:00,3.95,98.3,1000.23,0.71,0.0,0,Normal,0.17194868423300402
2020-11-11 06:30:00,4.13,97.5,1000.23,0.47,0.0,0,Normal,0.1658255678015717
2020-11-11 06:40:00,4.36,96.3,1000.23,0.3,0.0,0,Normal,0.15576972401844225
2020-11-11 06:50:00,4.38,96.8,1000.23,0.57,0.0,0,Normal,0.17342324828736316
2020-11-11 07:00:00,4.33,96.9,1000.23,1.14,0.0,0,Normal,0.17670388651871294
2020-11-11 07:10:00,4.3,97.1,1000.27,1.22,0.0,0,Normal,0.17560665628504063
2020-11-11 07:20:00,4.36,96.6,1000.32,1.06,0.0,0,Normal,0.1777171608767692
2020-11-11 07:30:00,4.56,96.2,1000.34,0.51,0.0,0,Normal,0.17375701918800646
2020-11-11 07:40:00,4.46,97.6,1000.36,0.42,0.0,0,Normal,0.15667286576389544
2020-11-11 07:50:00,4.55,97.6,1000.39,0.79,0.0,0,Normal,0.17138040832386464
2020-11-11 08:00:00,4.41,98.7,1000.39,0.85,0.0,0,Normal,0.1716345571593193
2020-11-11 08:10:00,4.51,98.7,1000.34,0.72,0.0,0,Normal,0.16974424180240866
2020-11-11 08:20:00,4.58,99.3,1000.42,1.22,0.0,0,Normal,0.16992995328709637
2020-11-11 08:30:00,4.66,99.3,1000.43,1.11,0.0,0,Normal,0.17077781403371922
2020-11-11 08:40:00,4.81,98.2,1000.36,0.74,0.0,0,Normal,0.17163461485532205
2020-11-11 08:50:00,4.86,96.0,1000.33,0.91,0.0,0,Normal,0.18351938589604666
2020-11-11 09:00:00,5.03,95.0,1000.3,0.84,0.0,0,Normal,0.18758464748872422
2020-11-11 09:10:00,5.02,95.3,1000.28,1.3,0.0,0,Normal,0.18641454709611727
2020-11-11 09:20:00,5.12,95.2,1000.26,0.99,0.0,0,Normal,0.18562899905865232
2020-11-11 09:30:00,5.27,94.1,1000.26,1.04,0.0,0,Normal,0.19044848754527416
2020-11-11 09:40:00,5.47,94.2,1000.22,0.73,0.0,0,Normal,0.1885687950813298
2020-11-11 09:50:00,5.78,93.6,1000.2,0.39,0.0,0,Normal,0.17386934324834186
2020-11-11 10:00:00,6.07,92.1,1000.18,0.55,0.0,0,Normal,0.1885110121370009
2020-11-11 10:10:00,5.97,92.6,1000.19,0.89,0.0,0,Normal,0.19529099490635277
2020-11-11 10:20:00,6.18,91.8,1000.09,0.44,0.0,0,Normal,0.1835286358789081
2020-11-11 10:30:00,6.65,89.9,1000.06,0.56,0.0,0,Normal,0.1978902693938543
2020-11-11 10:40:00,6.77,89.8,1000.05,0.5,0.0,0,Normal,0.19363763185971827
2020-11-11 10:50:00,6.89,89.9,1000.04,0.61,0.0,0,Normal,0.19882130183316565
2020-11-11 11:00:00,7.0,89.5,1000.05,0.58,0.0,0,Normal,0.19807904311240498
2020-11-11 11:10:00,7.18,89.4,1000.11,0.57,0.0,0,Normal,0.19832402284464323
2020-11-11 11:20:00,7.21,89.3,1000.01,0.49,0.0,0,Normal,0.19396782764063614
2020-11-11 11:30:00,7.22,89.3,999.9,0.6,0.0,0,Normal,0.20123833568757604
2020-11-11 11:40:00,7.37,89.0,999.81,0.49,0.0,0,Normal,0.198035099403798
2020-11-11 11:50:00,7.43,89.0,999.74,0.6,0.0,0,Normal,0.20332408861616308
2020-11-11 12:00:00,7.52,88.6,999.64,0.49,0.0,0,Normal,0.19797344235506087
2020-11-11 12:10:00,7.58,88.7,999.55,0.58,0.0,0,Normal,0.2023155005384814
2020-11-11 12:20:00,7.67,88.4,999.46,0.43,0.0,0,Normal,0.19243306395562215
2020-11-11 12:30:00,7.82,88.0,999.44,0.37,0.0,0,Normal,0.18995644042854376
2020-11-11 12:40:00,7.98,87.5,999.4,0.39,0.0,0,Normal,0.19314858831295229
2020-11-11 12:50:00,8.0,87.7,999.28,0.46,0.0,0,Normal,0.20116707803907935
2020-11-11 13:00:00,8.02,87.4,999.22,0.71,0.0,0,Normal,0.20907701615339958
2020-11-11 13:10:00,7.94,87.9,999.09,0.74,0.0,0,Normal,0.2110358061306759
2020-11-11 13:20:00,7.9,88.3,998.95,0.56,0.0,0,Normal,0.20323833122694518
2020-11-11 13:30:00,8.01,88.4,998.82,0.69,0.0,0,Normal,0.20821271148223747
2020-11-11 13:40:00,8.06,88.5,998.66,0.73,0.0,0,Normal,0.20830269621524733
2020-11-11 13:50:00,8.21,87.6,998.56,0.75,0.0,0,Normal,0.2128818684423165
2020-11-11 14:00:00,8.34,86.9,998.43,1.0,0.0,0,Normal,0.21999003444279702
2020-11-11 14:10:00,8.35,87.4,998.28,1.29,0.0,0,Normal,0.21943095664054307
2020-11-11 14:20:00,8.36,87.6,998.24,1.01,0.0,0,Normal,0.21956397800273442
2020-11-11 14:30:00,8.44,87.5,998.19,0.79,0.0,0,Normal,0.21581740949282024
2020-11-11 14:40:00,8.5,87.6,998.16,0.72,0.0,0,Normal,0.21647340434937645
2020-11-11 14:50:00,8.53,87.6,998.1,0.56,0.0,0,Normal,0.21451648035349852
2020-11-11 15:00:00,8.6,87.7,998.01,0.8,0.0,0,Normal,0.220983502908985
2020-11-11 15:10:00,8.61,88.1,997.92,1.34,0.0,0,Normal,0.22307664243645964
2020-11-11 15:20:00,8.6,88.3,997.86,1.6,0.0,0,Normal,0.22044012092515414
2020-11-11 15:30:00,8.59,88.4,997.82,1.2,0.0,0,Normal,0.22028286350127352
2020-11-11 15:40:00,8.6,88.5,997.74,1.32,0.0,0,Normal,0.2209985810830397
2020-11-11 15:50:00,8.58,88.7,997.76,1.02,0.0,0,Normal,0.22019823318357673
2020-11-11 16:00:00,8.64,88.8,997.76,0.61,0.0,0,Normal,0.2129475585606137
2020-11-11 16:10:00,8.67,88.7,997.73,0.87,0.0,0,Normal,0.2189356004364934
2020-11-11 16:20:00,8.64,88.9,997.69,0.46,0.0,0,Normal,0.20873179819548032
2020-11-11 16:30:00,8.66,89.0,997.67,0.43,0.0,0,Normal,0.20555546331571556
2020-11-11 16:40:00,8.84,88.1,997.62,0.36,0.0,0,Normal,0.20209594258564423
2020-11-11 16:50:00,8.73,88.9,997.62,0.54,0.0,0,Normal,0.2095718139314981
2020-11-11 17:00:00,8.74,88.7,997.53,0.55,0.0,0,Normal,0.21287611332499817
2020-11-11 17:10:00,8.72,89.0,997.57,0.75,0.0,0,Normal,0.21600847287980268
2020-11-11 17:20:00,8.71,89.2,997.67,0.39,0.0,0,Normal,0.20290091702072927
2020-11-11 17:30:00,8.75,89.2,997.71,0.54,0.0,0,Normal,0.21068623591514124
2020-11-11 17:40:00,8.9,88.8,997.72,0.49,0.0,0,Normal,0.21052121149278058
2020-11-11 17:50:00,8.8,89.4,997.8,0.33,0.0,0,Normal,0.19800991252571465
2020-11-11 18:00:00,8.75,89.8,997.85,0.38,0.0,0,Normal,0.19862645149991187
2020-11-11 18:10:00,8.81,89.6,997.83,0.28,0.0,0,Normal,0.19618199553803417
2020-11-11 18:20:00,8.79,89.7,997.81,0.24,0.0,0,Normal,0.1883852091845672
2020-11-11 18:30:00,8.79,90.5,997.84,0.65,0.0,0,Normal,0.20842186581920763
2020-11-11 18:40:00,8.82,89.8,997.79,0.47,0.0,0,Normal,0.20615634075939226
2020-11-11 18:50:00,8.83,90.7,997.74,0.4,0.0,0,Normal,0.19769300788106497
2020-11-11 19:00:00,8.69,92.0,997.73,0.57,0.0,0,Normal,0.20507413271894392
2020-11-11 19:10:00,8.64,91.7,997.68,0.26,0.0,0,Normal,0.18704147589551595
2020-11-11 19:20:00,8.68,91.7,997.64,0.53,0.0,0,Normal,0.20295901714946862
2020-11-11 19:30:00,8.55,93.5,997.62,0.64,0.0,0,Normal,0.2061077509927165
2020-11-11 19:40:00,8.49,93.7,997.64,0.23,0.0,0,Normal,0.18409045543667218
2020-11-11 19:50:00,8.5,93.6,997.65,0.48,0.0,0,Normal,0.20238871049694757
2020-11-11 20:00:00,8.53,93.3,997.6,0.21,0.0,0,Normal,0.1826865834492073
2020-11-11 20:10:00,8.57,93.1,997.55,0.62,0.0,0,Normal,0.20674619988426807
2020-11-11 20:20:00,8.4,94.1,997.52,0.19,0.0,0,Normal,0.1824736277995102
2020-11-11 20:30:00,8.43,93.9,997.46,0.22,0.0,0,Normal,0.18579313612474652
2020-11-11 20:40:00,8.3,94.4,997.46,0.17,0.0,0,Normal,0.18083156941141793
2020-11-11 20:50:00,8.3,94.7,997.39,0.33,0.0,0,Normal,0.18985870257013426
2020-11-11 21:00:00,8.22,95.8,997.34,0.41,0.0,0,Normal,0.19455926358623032
2020-11-11 21:10:00,8.11,95.7,997.31,0.99,0.0,0,Normal,0.20712404649176958
2020-11-11 21:20:00,8.04,95.6,997.24,1.35,0.0,0,Normal,0.20839816901506575
2020-11-11 21:30:00,7.89,96.6,997.15,1.3,0.0,0,Normal,0.20558459519212074
2020-11-11 21:40:00,7.85,96.9,997.13,0.9,0.0,0,Normal,0.20044718268667117
2020-11-11 21:50:00,7.79,97.3,997.12,0.96,0.0,0,Normal,0.20027181559378704
2020-11-11 22:00:00,7.74,97.5,997.06,1.09,0.0,0,Normal,0.20094878589373044
2020-11-11 22:10:00,7.8,97.3,997.06,0.31,0.0,0,Normal,0.17636527262678098
2020-11-11 22:20:00,7.91,96.7,997.01,0.84,0.0,0,Normal,0.20572308644760107
2020-11-11 22:30:00,7.84,96.9,996.92,1.74,0.0,0,Normal,0.2039680984933281
2020-11-11 22:40:00,7.75,97.4,996.85,1.84,0.0,0,Normal,0.20323357064766473
2020-11-11 22:50:00,7.64,98.2,996.78,1.45,0.0,0,Normal,0.20224179126210218
2020-11-11 23:00:00,7.62,98.3,996.7,1.7,0.0,0,Normal,0.2003289369896014
2020-11-11 23:10:00,7.61,98.3,996.67,1.69,0.0,0,Normal,0.1998738120469194
2020-11-11 23:20:00,7.62,98.2,996.64,1.63,0.0,0,Normal,0.19925732598179852
2020-11-11 23:30:00,7.63,98.0,996.6,1.76,0.0,0,Normal,0.20066401801882955
2020-11-11 23:40:00,7.61,98.0,996.58,1.5,0.0,0,Normal,0.201403099861018
2020-11-11 23:50:00,7.61,97.7,996.54,1.41,0.0,0,Normal,0.2050487586538795
2020-11-12 00:00:00,7.62,97.5,996.47,1.48,0.0,0,Normal,0.20315949474623485
2020-11-12 00:10:00,7.59,97.6,996.42,1.39,0.0,0,Normal,0.2055741508086033
2020-11-12 00:20:00,7.56,97.6,996.36,1.78,0.0,0,Normal,0.2008846332161328
2020-11-12 00:30:00,7.5,97.8,996.23,1.5,0.0,0,Normal,0.20475230655086252
2020-11-12 00:40:00,7.45,98.1,996.1,1.89,0.0,0,Normal,0.20063246944421703
2020-11-12 00:50:00,7.42,98.2,995.96,1.94,0.0,0,Normal,0.19980462388983417
2020-11-12 01:00:00,7.37,98.3,995.87,1.84,0.0,0,Normal,0.2013497442576419
2020-11-12 01:10:00,7.35,98.1,995.76,1.96,0.0,0,Normal,0.1999878166617619
2020-11-12 01:20:00,7.35,97.6,995.65,1.94,0.0,0,Normal,0.20247154535772222
2020-11-12 01:30:00,7.27,97.4,995.61,2.05,0.0,0,Normal,0.20174712942948064
2020-11-12 01:40:00,7.24,97.4,995.58,1.62,0.0,0,Normal,0.20327680191243436
2020-11-12 01:50:00,7.26,96.8,995.53,1.78,0.0,0,Normal,0.2049852181996869
2020-11-12 02:00:00,7.26,96.3,995.48,1.9,0.0,0,Normal,0.21029923756241142
2020-11-12 02:10:00,7.17,96.3,995.42,2.58,0.0,0,Normal,0.20224210336183895
2020-11-12 02:20:00,6.95,97.2,995.37,2.68,0.0,0,Normal,0.1936166139140037
2020-11-12 02:30:00,7.01,97.1,995.36,2.88,0.0,0,Normal,0.18792791898264105
2020-11-12 02:40:00,7.15,95.3,995.36,2.41,0.0,0,Normal,0.20856246472461043
2020-11-12 02:50:00,6.98,95.8,995.36,1.43,0.0,0,Normal,0.21377084281641956
2020-11-12 03:00:00,6.73,97.3,995.31,2.1,0.0,0,Normal,0.20400734675699944
2020-11-12 03:10:00,6.52,97.8,995.33,2.06,0.0,0,Normal,0.20150290025593026
2020-11-12 03:20:00,6.35,97.8,995.29,1.95,0.0,0,Normal,0.19989871019787403
2020-11-12 03:30:00,6.18,97.8,995.19,1.88,0.0,0,Normal,0.20073372881777213
2020-11-12 03:40:00,5.93,98.6,995.14,1.66,0.0,0,Normal,0.19832000716210502
2020-11-12 03:50:00,5.74,99.1,995.08,1.81,0.0,0,Normal,0.1951046420014822
2020-11-12 04:00:00,5.5,99.5,995.02,1.25,0.0,0,Normal,0.19842435247494145
2020-11-12 04:10:00,5.26,100.0,994.87,1.59,0.0,0,Normal,0.18876380089840217
2020-11-12 04:20:00,5.12,100.0,994.79,1.72,0.0,0,Normal,0.18799547130065536
2020-11-12 04:30:00,5.05,100.0,994.79,1.67,0.0,0,Normal,0.1887336735463218
2020-11-12 04:40:00,5.11,100.0,994.8,1.63,0.0,0,Normal,0.18741659409724748
2020-11-12 04:50:00,5.0,100.0,994.72,1.88,0.0,0,Normal,0.18764062554500804
2020-11-12 05:00:00,4.92,100.0,994.63,1.6,0.0,0,Normal,0.1880258304890881
2020-11-12 05:10:00,4.85,100.0,994.55,1.32,0.0,0,Normal,0.19173389957392944
2020-11-12 05:20:00,4.74,100.0,994.51,1.58,0.0,0,Normal,0.18763147942464936
2020-11-12 05:30:00,4.71,100.0,994.44,1.19,0.0,0,Normal,0.18913027871296362
2020-11-12 05:40:00,4.59,100.0,994.43,1.05,0.0,0,Normal,0.19004457796844643
2020-11-12 05:50:00,4.5,100.0,994.48,1.18,0.0,0,Normal,0.18802764636675967
2020-11-12 06:00:00,4.36,100.0,994.47,1.28,0.0,0,Normal,0.18850557202807844
2020-11-12 06:10:00,4.15,100.0,994.43,1.8,0.0,0,Normal,0.1845055850646784
2020-11-12 06:20:00,4.02,100.0,994.37,1.83,0.0,0,Normal,0.18429278682669642
2020-11-12 06:30:00,3.98,100.0,994.31,1.71,0.0,0,Normal,0.182793839719058
2020-11-12 06:40:00,4.0,100.0,994.29,1.33,0.0,0,Normal,0.18728045618257033
2020-11-12 06:50:00,4.13,100.0,994.29,2.14,0.0,0,Normal,0.18036638730389665
2020-11-12 07:00:00,4.24,100.0,994.3,2.06,0.0,0,Normal,0.18190527580725852
2020-11-12 07:10:00,4.19,99.9,994.31,1.96,0.0,0,Normal,0.18520946861254656
2020-11-12 07:20:00,4.07,100.0,994.35,2.09,0.0,0,Normal,0.1816369516388131
2020-11-12 07:30:00,3.91,100.0,994.31,2.08,0.0,0,Normal,0.18032162149466607
2020-11-12 07:40:00,3.9,99.9,994.29,2.43,0.0,0,Normal,0.1780220992091308
2020-11-12 07:50:00,3.95,99.6,994.32,2.2,0.0,0,Normal,0.18262329610547373
2020-11-12 08:00:00,4.16,98.4,994.34,2.76,0.0,0,Normal,0.18090838983758867
2020-11-12 08:10:00,4.41,97.0,994.22,2.91,0.0,0,Normal,0.18090304509170307
2020-11-12 08:20:00,4.57,96.2,994.16,2.86,0.0,0,Normal,0.1902451622081318
2020-11-12 08:30:00,4.7,95.4,994.23,3.61,0.0,0,Normal,0.1710515643860373
2020-11-12 08:40:00,5.06,93.6,994.16,2.84,0.0,0,Normal,0.19728153227097528
2020-11-12 08:50:00,5.36,92.0,994.05,3.1,0.0,0,Normal,0.1971932889313408
2020-11-12 09:00:00,5.48,91.2,993.94,3.2,0.0,0,Normal,0.19670433418649724
2020-11-12 09:10:00,5.52,90.9,993.99,2.96,0.0,0,Normal,0.20438815410192362
2020-11-12 09:20:00,5.82,89.5,994.0,2.49,0.0,0,Normal,0.2197429592306795
2020-11-12 09:30:00,6.06,87.9,993.89,2.98,0.0,0,Normal,0.21110252255239986
2020-11-12 09:40:00,6.09,88.1,993.81,3.17,0.0,0,Normal,0.2084313889546599
2020-11-12 09:50:00,6.16,88.3,993.73,2.74,0.0,0,Normal,0.21807441504265285
2020-11-12 10:00:00,6.66,86.4,993.78,2.57,0.0,0,Normal,0.2270461184989972
2020-11-12 10:10:00,7.01,85.5,993.87,2.86,0.0,0,Normal,0.22468215982818762
2020-11-12 10:20:00,7.42,84.4,993.82,3.1,0.0,0,Normal,0.21902322349777859
2020-11-12 10:30:00,7.89,83.2,993.86,2.37,0.0,0,Normal,0.23437289492372188
2020-11-12 10:40:00,8.26,82.1,993.82,2.68,0.0,0,Normal,0.2303233631963374
2020-11-12 10:50:00,8.45,81.6,993.76,3.34,0.0,0,Normal,0.21171368344879155
2020-11-12 11:00:00,8.64,81.2,993.76,3.06,0.0,0,Normal,0.2211986559397171
2020-11-12 11:10:00,8.95,79.87,993.91,2.76,0.0,0,Normal,0.232058898001337
2020-11-12 11:20:00,9.04,79.4,993.77,4.18,0.0,0,Normal,0.19641855141560122
2020-11-12 11:30:00,8.81,80.2,993.75,4.94,0.0,0,Normal,0.1775098800139755
2020-11-12 11:40:00,8.86,80.3,993.83,4.05,0.0,0,Normal,0.19842265366632011
2020-11-12 11:50:00,8.9,80.2,993.79,3.84,0.0,0,Normal,0.2050767765751395
2020-11-12 12:00:00,8.98,80.1,993.64,3.94,0.0,0,Normal,0.2006202470176771
2020-11-12 12:10:00,9.14,79.66,993.71,3.16,0.0,0,Normal,0.21935104238307834
2020-11-12 12:20:00,9.52,78.27,993.75,2.96,0.0,0,Normal,0.2258575120816665
2020-11-12 12:30:00,9.76,77.45,993.68,2.35,0.0,0,Normal,0.2393426800046342
2020-11-12 12:40:00,9.95,76.97,993.62,2.93,0.0,0,Normal,0.22925406412087013
2020-11-12 12:50:00,9.92,77.15,993.62,2.45,0.0,0,Normal,0.2369765403071235
2020-11-12 13:00:00,9.94,77.11,993.51,2.82,0.0,0,Normal,0.23128526424518842
2020-11-12 13:10:00,9.92,76.91,993.48,3.85,0.0,0,Normal,0.20527174986174512
2020-11-12 13:20:00,9.78,77.23,993.34,5.38,0.0,0,Normal,0.17369871919841795
2020-11-12 13:30:00,9.55,78.36,993.15,4.36,0.0,0,Normal,0.19837908768444634
2020-11-12 13:40:00,9.59,78.68,993.17,3.37,0.0,0,Normal,0.21549153385174996
2020-11-12 13:50:00,9.61,78.66,993.21,4.43,0.0,0,Normal,0.19713082754814926
2020-11-12 14:00:00,9.5,79.19,993.2,4.66,0.0,0,Normal,0.1874151983120766
2020-11-12 14:10:00,9.21,80.3,993.15,4.64,0.0,0,Normal,0.1896682476228438
2020-11-12 14:20:00,9.06,81.1,993.05,4.36,0.0,0,Normal,0.19419719194122798
2020-11-12 14:30:00,8.99,81.7,993.29,3.09,0.0,0,Normal,0.2205787235308408
2020-11-12 14:40:00,8.99,81.9,993.42,2.77,0.0,0,Normal,0.22891184088785643
2020-11-12 14:50:00,9.21,81.0,993.61,1.99,0.0,0,Normal,0.23915876446966045
2020-11-12 15:00:00,9.28,80.5,993.68,2.91,0.0,0,Normal,0.22763786758939192
2020-11-12 15:10:00,9.26,80.6,993.71,2.98,0.0,0,Normal,0.22231126525731032
2020-11-12 15:20:00,9.3,80.9,993.65,2.04,0.0,0,Normal,0.23871804519879147
2020-11-12 15:30:00,9.34,80.7,993.75,1.7,0.0,0,Normal,0.23949297012031223
2020-11-12 15:40:00,9.28,81.1,993.71,2.59,0.0,0,Normal,0.23010177810932236
2020-11-12 15:50:00,9.08,82.1,993.75,2.8,0.0,0,Normal,0.2276907941901128
2020-11-12 16:00:00,8.92,83.3,993.64,2.55,0.0,0,Normal,0.23083334792944343
2020-11-12 16:10:00,8.83,84.1,993.64,2.45,0.0,0,Normal,0.23128170152074456
2020-11-12 16:20:00,8.75,84.7,993.77,2.54,0.0,0,Normal,0.22843878496835396
2020-11-12 16:30:00,8.9,84.1,993.86,3.04,0.0,0,Normal,0.21747775235798272
2020-11-12 16:40:00,9.21,82.5,993.88,3.71,0.0,0,Normal,0.20218710425184472
2020-11-12 16:50:00,9.24,82.4,993.96,2.91,0.0,0,Normal,0.22389975630770725
2020-11-12 17:00:00,9.17,82.6,994.03,2.93,0.0,0,Normal,0.22373636344888176
2020-11-12 17:10:00,9.11,82.9,993.94,2.66,0.0,0,Normal,0.23088570923780383
2020-11-12 17:20:00,9.04,83.3,993.94,2.32,0.0,0,Normal,0.2349053840211714
2020-11-12 17:30:00,9.01,83.8,993.99,1.87,0.0,0,Normal,0.24040525148023983
2020-11-12 17:40:00,9.04,84.1,993.97,2.31,0.0,0,Normal,0.2333045320167395
2020-11-12 17:50:00,9.1,84.2,994.13,2.93,0.0,0,Normal,0.2221869054779529
2020-11-12 18:00:00,9.19,84.2,994.27,2.57,0.0,0,Normal,0.22705800139417776
2020-11-12 18:10:00,9.11,84.7,994.35,1.79,0.0,0,Normal,0.23484109126746666
2020-11-12 18:20:00,9.05,85.5,994.43,2.16,0.0,0,Normal,0.23366682113932147
2020-11-12 18:30:00,9.02,86.2,994.43,3.19,0.0,0,Normal,0.2104065128727492
2020-11-12 18:40:00,8.84,87.2,994.51,2.89,0.0,0,Normal,0.2183464139300375
2020-11-12 18:50:00,8.73,87.9,994.58,1.87,0.0,0,Normal,0.23370906973875816
2020-11-12 19:00:00,8.64,88.3,994.67,0.86,0.0,0,Normal,0.22928824102207435
2020-11-12 19:10:00,8.47,89.2,994.7,1.22,0.0,0,Normal,0.23110190721076973
2020-11-12 19:20:00,8.4,89.4,994.71,2.02,0.0,0,Normal,0.22953039814371967
2020-11-12 19:30:00,8.02,90.7,994.69,2.55,0.0,0,Normal,0.217073537952283
2020-11-12 19:40:00,7.51,93.2,994.61,1.47,0.0,0,Normal,0.22088320190286403
2020-11-12 19:50:00,7.53,93.7,994.64,0.86,0.0,0,Normal,0.21883218848243247
2020-11-12 20:00:00,7.66,93.3,994.65,1.45,0.0,0,Normal,0.22185391532023258
2020-11-12 20:10:00,7.51,93.8,994.64,1.24,0.0,0,Normal,0.22241735956088982
2020-11-12 20:20:00,7.3,94.8,994.62,1.37,0.0,0,Normal,0.2161954909658949
2020-11-12 20:30:00,7.32,95.0,994.62,1.48,0.0,0,Normal,0.21438011532345802
2020-11-12 20:40:00,7.26,95.3,994.6,1.44,0.0,0,Normal,0.21563423893357664
2020-11-12 20:50:00,7.06,95.9,994.57,1.16,0.0,0,Normal,0.21515305203394036
2020-11-12 21:00:00,6.95,96.6,994.68,1.15,0.0,0,Normal,0.210006902259806
2020-11-12 21:10:00,6.91,96.7,994.76,1.18,0.0,0,Normal,0.21081897181050285
2020-11-12 21:20:00,6.82,97.0,994.83,1.29,0.0,0,Normal,0.2085884209983176
2020-11-12 21:30:00,6.75,97.2,994.78,1.34,0.0,0,Normal,0.20846434441522693
2020-11-12 21:40:00,6.74,97.3,994.82,1.33,0.0,0,Normal,0.20886903257227624
2020-11-12 21:50:00,6.72,97.2,994.94,1.46,0.0,0,Normal,0.20582515062177742
2020-11-12 22:00:00,6.67,97.0,995.07,1.41,0.0,0,Normal,0.20726318628858054
2020-11-12 22:10:00,6.3,98.1,995.15,1.39,0.0,0,Normal,0.20261623857364514
2020-11-12 22:20:00,5.98,99.7,995.13,1.55,0.0,0,Normal,0.19533710885726002
2020-11-12 22:30:00,5.89,99.9,995.15,1.69,0.0,0,Normal,0.19289601574688703
2020-11-12 22:40:00,5.73,100.0,995.18,1.71,0.0,0,Normal,0.19000482796483836
2020-11-12 22:50:00,5.52,100.0,995.25,1.47,0.0,0,Normal,0.19041681757596485
2020-11-12 23:00:00,5.35,100.0,995.29,1.83,0.0,0,Normal,0.18924349032122623
2020-11-12 23:10:00,5.25,100.0,995.3,1.59,0.0,0,Normal,0.18773981058661965
2020-11-12 23:20:00,5.27,100.0,995.26,2.2,0.0,0,Normal,0.18194750895469358
2020-11-12 23:30:00,5.15,100.0,995.31,2.11,0.0,0,Normal,0.18233439958342212
2020-11-12 23:40:00,5.01,100.0,995.35,1.88,0.0,0,Normal,0.186165423623757
2020-11-12 23:50:00,4.93,100.0,995.41,1.42,0.0,0,Normal,0.18898320551711167
2020-11-13 00:00:00,4.8,100.0,995.39,1.46,0.0,0,Normal,0.18727271084774366
2020-11-13 00:10:00,4.64,100.0,995.35,1.39,0.0,0,Normal,0.1885931917661115
2020-11-13 00:20:00,4.55,100.0,995.36,1.57,0.0,0,Normal,0.18552415852344895
2020-11-13 00:30:00,4.55,100.0,995.32,1.46,0.0,0,Normal,0.1866785576611103
2020-11-13 00:40:00,4.48,100.0,995.34,1.36,0.0,0,Normal,0.18756422291367236
2020-11-13 00:50:00,4.33,100.0,995.36,1.63,0.0,0,Normal,0.18364334505529872
2020-11-13 01:00:00,4.17,100.0,995.32,1.23,0.0,0,Normal,0.18805439490278164
2020-11-13 01:10:00,4.01,100.0,995.32,1.6,0.0,0,Normal,0.18341751473131784
2020-11-13 01:20:00,3.77,100.0,995.31,1.39,0.0,0,Normal,0.1858074195131177
2020-11-13 01:30:00,3.85,100.0,995.28,1.44,0.0,0,Normal,0.18401705811165325
2020-11-13 01:40:00,3.93,100.0,995.28,1.78,0.0,0,Normal,0.18145197016323855
2020-11-13 01:50:00,3.88,100.0,995.34,1.41,0.0,0,Normal,0.18617411783334942
2020-11-13 02:00:00,3.6,100.0,995.38,0.94,0.0,0,Normal,0.18388239604915857
2020-11-13 02:10:00,3.51,100.0,995.36,0.54,0.0,0,Normal,0.1762720151903271
2020-11-13 02:20:00,3.41,100.0,995.36,0.61,0.0,0,Normal,0.17840742329314246
2020-11-13 02:30:00,3.31,100.0,995.35,0.81,0.0,0,Normal,0.18137004626229608
2020-11-13 02:40:00,3.04,100.0,995.36,1.63,0.0,0,Normal,0.17862756591804785
2020-11-13 02:50:00,2.67,100.0,995.29,1.29,0.0,0,Normal,0.18084047689222937
2020-11-13 03:00:00,2.6,100.0,995.26,1.4,0.0,0,Normal,0.18048915877767624
2020-11-13 03:10:00,2.79,100.0,995.24,0.79,0.0,0,Normal,0.17914939015101056
2020-11-13 03:20:00,2.97,100.0,995.19,1.26,0.0,0,Normal,0.1829293881207147
2020-11-13 03:30:00,2.73,100.0,995.16,0.89,0.0,0,Normal,0.17940638171150075
2020-11-13 03:40:00,2.59,100.0,995.07,0.42,0.0,0,Normal,0.16259344093930556
2020-11-13 03:50:00,1.71,100.0,995.01,0.72,0.0,0,Normal,0.16561190337928872
2020-11-13 04:00:00,1.81,100.0,994.99,0.46,0.0,0,Normal,0.15887548861517492
2020-11-13 04:10:00,2.27,100.0,994.94,1.36,0.0,0,Normal,0.17364830097830464
2020-11-13 04:20:00,2.46,100.0,994.86,1.68,0.0,0,Normal,0.17249377577515423
2020-11-13 04:30:00,2.62,100.0,994.82,1.35,0.0,0,Normal,0.18026923210654272
2020-11-13 04:40:00,2.9,100.0,994.81,1.27,0.0,0,Normal,0.18320783462517726
2020-11-13 04:50:00,2.95,100.0,994.84,0.97,0.0,0,Normal,0.18177466975419082
2020-11-13 05:00:00,2.78,100.0,994.85,1.48,0.0,0,Normal,0.17974855187000105
2020-11-13 05:10:00,2.47,100.0,994.86,1.5,0.0,0,Normal,0.174256860678914
2020-11-13 05:20:00,2.1,100.0,994.82,0.95,0.0,0,Normal,0.17099659747387447
2020-11-13 05:30:00,2.06,100.0,994.83,0.71,0.0,0,Normal,0.1696553322310641
2020-11-13 05:40:00,1.88,100.0,994.78,0.88,0.0,0,Normal,0.16873509094114514
2020-11-13 05:50:00,1.6,100.0,994.75,0.84,0.0,0,Normal,0.166098210612518
2020-11-13 06:00:00,1.67,100.0,994.71,0.93,0.0,0,Normal,0.16607388809126522
2020-11-13 06:10:00,1.37,100.0,994.68,1.01,0.0,0,Normal,0.164809808628816
2020-11-13 06:20:00,1.0,100.0,994.66,1.53,0.0,0,Normal,0.1596617459778944
2020-11-13 06:30:00,0.86,100.0,994.57,1.5,0.0,0,Normal,0.1612959449647352
2020-11-13 06:40:00,0.82,100.0,994.52,1.49,0.0,0,Normal,0.15908543914034706
2020-11-13 06:50:00,0.84,100.0,994.46,1.46,0.0,0,Normal,0.16123562498436889
2020-11-13 07:00:00,0.74,100.0,994.47,1.36,0.0,0,Normal,0.16120277974916636
2020-11-13 07:10:00,0.65,100.0,994.51,1.04,0.0,0,Normal,0.15850009827261258
2020-11-13 07:20:00,0.52,100.0,994.57,1.1,0.0,0,Normal,0.15811004113705618
2020-11-13 07:30:00,0.36,100.0,994.63,1.33,0.0,0,Normal,0.15863596491197007
2020-11-13 07:40:00,0.5,100.0,994.71,1.19,0.0,0,Normal,0.15755622608577102
2020-11-13 07:50:00,0.91,100.0,994.84,1.26,0.0,0,Normal,0.16341474122452515
2020-11-13 08:00:00,1.14,100.0,994.84,1.81,0.0,0,Normal,0.1586154293042792
2020-11-13 08:10:00,1.45,100.0,994.78,1.78,0.0,0,Normal,0.16152775775305273
2020-11-13 08:20:00,2.04,100.0,994.78,1.63,0.0,0,Normal,0.16615107342347596
2020-11-13 08:30:00,2.47,100.0,994.72,1.35,0.0,0,Normal,0.17623012652626846
2020-11-13 08:40:00,1.97,100.0,994.8,0.88,0.0,0,Normal,0.17053796001885885
2020-11-13 08:50:00,1.98,100.0,994.78,0.57,0.0,0,Normal,0.16586948057561934
2020-11-13 09:00:00,1.81,100.0,994.83,0.49,0.0,0,Normal,0.16046053800202303
2020-11-13 09:10:00,1.81,100.0,994.85,0.62,0.0,0,Normal,0.1635392439767362
2020-11-13 09:20:00,1.87,100.0,994.84,0.37,0.0,0,Normal,0.14908212787460234
2020-11-13 09:30:00,2.07,100.0,994.8,0.99,0.0,0,Normal,0.16929171186023395
2020-11-13 09:40:00,2.52,100.0,994.73,1.23,0.0,0,Normal,0.18013925379136603
2020-11-13 09:50:00,3.06,100.0,994.69,1.19,0.0,0,Normal,0.18095956628179866
2020-11-13 10:00:00,3.35,100.0,994.64,1.15,0.0,0,Normal,0.18140142385702152
2020-11-13 10:10:00,3.57,100.0,994.64,1.44,0.0,0,Normal,0.1848558469415139
2020-11-13 10:20:00,3.7,100.0,994.53,1.53,0.0,0,Normal,0.18490940028724084
2020-11-13 10:30:00,4.01,100.0,994.45,1.66,0.0,0,Normal,0.18506399049789818
2020-11-13 10:40:00,4.49,100.0,994.35,1.66,0.0,0,Normal,0.18772247090116062
2020-11-13 10:50:00,5.04,100.0,994.33,1.69,0.0,0,Normal,0.1876309401237331
2020-11-13 11:00:00,5.6,100.0,994.15,1.68,0.0,0,Normal,0.1917631822007056
2020-11-13 11:10:00,6.36,99.4,993.96,1.47,0.0,0,Normal,0.19969459998739642
2020-11-13 11:20:00,6.69,96.2,993.85,1.86,0.0,0,Normal,0.21181186857461587
2020-11-13 11:30:00,7.35,93.2,993.7,1.19,0.0,0,Normal,0.22273459750719848
2020-11-13 11:40:00,8.2,89.2,993.52,1.28,0.0,0,Normal,0.23343747180722235
2020-11-13 11:50:00,9.04,86.3,993.42,2.43,0.0,0,Normal,0.2300610371067482
2020-11-13 12:00:00,9.97,83.0,993.25,2.92,0.0,0,Normal,0.22588847789984434
2020-11-13 12:10:00,10.71,80.0,993.09,3.38,0.0,0,Normal,0.2172933337249029
2020-11-13 12:20:00,11.03,79.19,993.0,3.41,0.0,0,Normal,0.2165036973599389
2020-11-13 12:30:00,11.24,78.93,992.81,4.01,0.0,0,Normal,0.20293773149574867
2020-11-13 12:40:00,11.62,78.04,992.75,4.2,0.0,0,Normal,0.203361434608974
2020-11-13 12:50:00,11.71,78.34,992.79,3.93,0.0,0,Normal,0.20631037650912676
2020-11-13 13:00:00,12.05,77.51,992.71,3.3,0.0,0,Normal,0.2221118644603876
2020-11-13 13:10:00,12.39,76.41,992.71,2.73,0.0,0,Normal,0.2358831992730553
2020-11-13 13:20:00,12.6,75.48,992.73,2.83,0.0,0,Normal,0.23439140739521447
2020-11-13 13:30:00,12.78,74.24,992.68,2.64,0.0,0,Normal,0.23723995205504028
2020-11-13 13:40:00,12.85,73.55,992.61,3.54,0.0,0,Normal,0.22168236956599124
2020-11-13 13:50:00,12.97,72.65,992.47,3.72,0.0,0,Normal,0.21838715239374634
2020-11-13 14:00:00,13.1,71.79,992.39,4.26,0.0,0,Normal,0.20807180209574677
2020-11-13 14:10:00,12.85,72.5,992.35,4.11,0.0,0,Normal,0.2091452042749432
2020-11-13 14:20:00,12.87,72.59,992.35,2.99,0.0,0,Normal,0.23091664841026127
2020-11-13 14:30:00,13.22,71.33,992.24,3.2,0.0,0,Normal,0.22709686566633736
2020-11-13 14:40:00,13.35,70.63,992.14,3.66,0.0,0,Normal,0.21775253356989988
2020-11-13 14:50:00,13.48,69.46,992.06,3.48,0.0,0,Normal,0.2216356870413952
2020-11-13 15:00:00,13.59,68.1,992.03,3.91,0.0,0,Normal,0.20974297090491567
2020-11-13 15:10:00,13.45,68.6,992.13,4.09,0.0,0,Normal,0.20725658894872223
2020-11-13 15:20:00,13.15,69.85,992.15,4.35,0.0,0,Normal,0.20329920858361789
2020-11-13 15:30:00,12.84,71.42,992.22,3.82,0.0,0,Normal,0.21288917752170977
2020-11-13 15:40:00,12.33,73.66,992.22,3.59,0.0,0,Normal,0.22046831358006708
2020-11-13 15:50:00,12.03,75.0,992.13,3.24,0.0,0,Normal,0.2281060041525173
2020-11-13 16:00:00,11.88,75.74,992.15,3.21,0.0,0,Normal,0.22686137227696596
2020-11-13 16:10:00,11.8,76.16,992.12,2.55,0.0,0,Normal,0.23534742815796356
2020-11-13 16:20:00,11.79,76.25,992.12,2.47,0.0,0,Normal,0.23759016000511285
2020-11-13 16:30:00,11.72,76.75,992.21,2.49,0.0,0,Normal,0.23850900945078957
2020-11-13 16:40:00,11.72,76.91,992.17,2.68,0.0,0,Normal,0.23636990349322845
2020-11-13 16:50:00,11.71,77.11,992.2,2.79,0.0,0,Normal,0.23417591258974263
2020-11-13 17:00:00,11.69,77.29,992.22,2.66,0.0,0,Normal,0.23702660325596786
2020-11-13 17:10:00,11.68,77.34,992.22,2.98,0.0,0,Normal,0.22882787525197384
2020-11-13 17:20:00,11.45,78.75,992.19,2.57,0.0,0,Normal,0.23417581057739223
2020-11-13 17:30:00,10.85,82.0,992.24,2.57,0.0,0,Normal,0.23075081092905025
2020-11-13 17:40:00,10.65,83.0,992.16,2.19,0.0,0,Normal,0.23864011535855756
2020-11-13 17:50:00,10.51,83.8,992.23,1.93,0.0,0,Normal,0.24342555132679594
2020-11-13 18:00:00,10.49,83.7,992.25,2.07,0.0,0,Normal,0.24229910864231108
2020-11-13 18:10:00,10.33,84.4,992.23,2.41,0.0,0,Normal,0.23684744538957547
2020-11-13 18:20:00,10.16,85.1,992.19,3.39,0.0,0,Normal,0.21384255515268352
2020-11-13 18:30:00,10.03,85.6,992.27,3.64,0.0,0,Normal,0.20567413432889076
2020-11-13 18:40:00,9.69,86.9,992.31,3.58,0.0,0,Normal,0.20215216812842524
2020-11-13 18:50:00,9.55,87.6,992.32,3.96,0.0,0,Normal,0.18986857504973798
2020-11-13 19:00:00,9.69,86.9,992.31,4.0,0.0,0,Normal,0.18808737152839144
2020-11-13 19:10:00,9.87,86.3,992.37,3.63,0.0,0,Normal,0.20116484977984112
2020-11-13 19:20:00,10.16,85.0,992.32,3.49,0.0,0,Normal,0.2116575842871009
2020-11-13 19:30:00,10.43,83.9,992.38,2.1,0.0,0,Normal,0.24142888568985343
2020-11-13 19:40:00,10.55,83.4,992.41,1.82,0.0,0,Normal,0.24434004842647006
2020-11-13 19:50:00,10.12,86.0,992.25,2.52,0.0,0,Normal,0.23266987812112377
2020-11-13 20:00:00,9.83,87.8,992.18,1.19,0.0,0,Normal,0.23453406751503453
2020-11-13 20:10:00,9.92,87.7,992.14,0.92,0.0,0,Normal,0.23632111197600836
2020-11-13 20:20:00,10.0,87.3,992.15,0.89,0.0,0,Normal,0.23674724572639338
2020-11-13 20:30:00,10.0,87.2,992.17,0.92,0.0,0,Normal,0.23697885192952006
2020-11-13 20:40:00,10.02,87.0,992.14,1.56,0.0,0,Normal,0.2402849237318906
2020-11-13 20:50:00,10.2,86.1,992.23,1.33,0.0,0,Normal,0.2402142115920523
2020-11-13 21:00:00,10.66,84.3,992.29,1.39,0.0,0,Normal,0.24306502073314762
2020-11-13 21:10:00,10.84,83.9,992.36,1.38,0.0,0,Normal,0.24300037860609552
2020-11-13 21:20:00,11.11,83.0,992.42,1.23,0.0,0,Normal,0.2440143511738737
2020-11-13 21:30:00,11.12,83.3,992.46,1.5,0.0,0,Normal,0.24406217885847742
2020-11-13 21:40:00,10.88,84.8,992.4,2.3,0.0,0,Normal,0.2347085276209971
2020-11-13 21:50:00,10.61,86.5,992.4,3.12,0.0,0,Normal,0.21623904559683998
2020-11-13 22:00:00,10.61,86.3,992.43,2.88,0.0,0,Normal,0.22335257238240508
2020-11-13 22:10:00,10.75,85.5,992.4,2.79,0.0,0,Normal,0.22735313174251714
2020-11-13 22:20:00,10.68,86.1,992.4,2.28,0.0,0,Normal,0.23441214827143708
2020-11-13 22:30:00,10.58,86.7,992.42,1.56,0.0,0,Normal,0.24167041556066798
2020-11-13 22:40:00,10.63,86.6,992.49,1.26,0.0,0,Normal,0.24111569724242793
2020-11-13 22:50:00,10.65,86.5,992.48,1.11,0.0,0,Normal,0.24086979855013102
2020-11-13 23:00:00,10.6,86.9,992.59,0.58,0.0,0,Normal,0.23440471925599315
2020-11-13 23:10:00,10.56,87.7,992.71,1.19,0.0,0,Normal,0.2372071136388607
2020-11-13 23:20:00,10.48,88.0,992.67,1.52,0.0,0,Normal,0.23922697153714928
2020-11-13 23:30:00,10.38,88.7,992.73,0.7,0.0,0,Normal,0.23301338876510103
2020-11-13 23:40:00,10.26,89.3,992.74,1.09,0.0,0,Normal,0.23670801895708832
2020-11-13 23:50:00,10.28,89.4,992.86,2.03,0.0,0,Normal,0.2340297279776099
2020-11-14 00:00:00,10.4,88.8,992.97,2.05,0.0,0,Normal,0.23288552550692415
2020-11-14 00:10:00,10.4,88.9,993.04,1.29,0.0,0,Normal,0.23516067646695454
2020-11-14 00:20:00,10.32,89.3,993.01,0.9,0.0,0,Normal,0.23531392806813672
2020-11-14 00:30:00,10.39,89.2,993.02,1.13,0.0,0,Normal,0.2364526690493296
2020-11-14 00:40:00,10.66,88.5,993.07,1.22,0.0,0,Normal,0.23500207803828316
2020-11-14 00:50:00,10.72,88.0,993.14,1.27,0.0,0,Normal,0.2362060186493109
2020-11-14 01:00:00,10.68,88.4,993.16,0.78,0.0,0,Normal,0.2336394536168802
2020-11-14 01:10:00,10.72,88.4,993.09,1.28,0.0,0,Normal,0.23526476602100282
2020-11-14 01:20:00,10.72,88.4,993.09,1.34,0.0,0,Normal,0.2341364028030517
2020-11-14 01:30:00,10.72,88.6,993.08,1.31,0.0,0,Normal,0.2344503597603747
2020-11-14 01:40:00,10.78,88.7,993.03,1.36,0.0,0,Normal,0.23490313828387593
2020-11-14 01:50:00,10.89,88.9,993.07,1.51,0.0,0,Normal,0.23392011657142175
2020-11-14 02:00:00,11.0,88.6,993.06,1.29,0.0,0,Normal,0.23478401225058865
2020-11-14 02:10:00,10.96,89.2,993.11,0.83,0.0,0,Normal,0.2335826198652166
2020-11-14 02:20:00,11.05,88.9,993.16,0.7,0.0,0,Normal,0.22983080130695022
2020-11-14 02:30:00,11.09,89.2,993.17,1.14,0.0,0,Normal,0.23407644223525903
2020-11-14 02:40:00,11.17,89.0,993.16,0.66,0.0,0,Normal,0.23037909221552205
2020-11-14 02:50:00,11.26,88.8,993.12,0.74,0.0,0,Normal,0.23104362464160727
2020-11-14 03:00:00,11.35,88.4,993.14,0.56,0.0,0,Normal,0.22911434321730717
2020-11-14 03:10:00,11.42,88.5,993.11,1.51,0.0,0,Normal,0.2349511418742684
2020-11-14 03:20:00,11.46,88.5,993.05,1.15,0.0,0,Normal,0.233852238737828
2020-11-14 03:30:00,11.5,88.7,992.97,1.56,0.0,0,Normal,0.23529635200647142
2020-11-14 03:40:00,11.51,88.6,992.85,0.96,0.0,0,Normal,0.23560605125130563
2020-11-14 03:50:00,11.46,89.2,992.8,0.75,0.0,0,Normal,0.23211282398839322
2020-11-14 04:00:00,11.62,89.3,992.83,1.85,0.0,0,Normal,0.2341760474515443
2020-11-14 04:10:00,11.61,89.2,992.8,1.44,0.0,0,Normal,0.2354062317710663
2020-11-14 04:20:00,11.31,90.6,992.78,0.9,0.0,0,Normal,0.23125674100426558
2020-11-14 04:30:00,11.04,91.8,992.9,0.9,0.0,0,Normal,0.22612412637854573
2020-11-14 04:40:00,10.82,92.8,992.95,1.23,0.0,0,Normal,0.22930767366087984
2020-11-14 04:50:00,10.86,93.1,992.98,1.98,0.0,0,Normal,0.22548131944451433
2020-11-14 05:00:00,10.9,92.7,992.99,2.23,0.0,0,Normal,0.2225518179423585
2020-11-14 05:10:00,10.78,93.2,993.0,1.54,0.0,0,Normal,0.2267776809885234
2020-11-14 05:20:00,10.59,94.1,993.1,1.43,0.0,0,Normal,0.22501887258339331
2020-11-14 05:30:00,10.55,94.2,993.09,1.01,0.0,0,Normal,0.22324198512342686
2020-11-14 05:40:00,10.46,94.8,993.15,0.98,0.0,0,Normal,0.2215928109798352
2020-11-14 05:50:00,10.45,94.9,993.15,1.51,0.0,0,Normal,0.2197235629997376
2020-11-14 06:00:00,10.32,95.5,993.16,1.38,0.0,0,Normal,0.21960145803110792
2020-11-14 06:10:00,10.34,95.3,993.28,0.68,0.0,0,Normal,0.22008928418795742
2020-11-14 06:20:00,10.33,95.3,993.24,1.21,0.0,0,Normal,0.21992320191225823
2020-11-14 06:30:00,10.1,96.3,993.21,1.51,0.0,0,Normal,0.21653291326329688
2020-11-14 06:40:00,9.96,96.9,993.01,1.59,0.0,0,Normal,0.20896330020821052
2020-11-14 06:50:00,9.9,97.3,993.12,0.93,0.0,0,Normal,0.20923538086654692
2020-11-14 07:00:00,10.04,96.7,993.08,0.86,0.0,0,Normal,0.21561426624475094
2020-11-14 07:10:00,10.16,96.0,993.28,0.69,0.0,0,Normal,0.21907732259915186
2020-11-14 07:20:00,10.32,94.9,993.35,0.97,0.0,0,Normal,0.22163734702084004
2020-11-14 07:30:00,10.27,95.0,993.41,0.84,0.0,0,Normal,0.22041542619656063
2020-11-14 07:40:00,10.26,95.1,993.45,1.38,0.0,0,Normal,0.21859389081022362
2020-11-14 07:50:00,10.42,94.1,993.54,1.02,0.0,0,Normal,0.22448690275275257
2020-11-14 08:00:00,10.54,93.3,993.55,1.3,0.0,0,Normal,0.22483422917895024
2020-11-14 08:10:00,10.46,93.7,993.64,1.49,0.0,0,Normal,0.22409534293989164
2020-11-14 08:20:00,10.32,94.4,993.69,0.98,0.0,0,Normal,0.22116508029364434
2020-11-14 08:30:00,10.2,94.8,993.83,1.49,0.0,0,Normal,0.21811323531754423
2020-11-14 08:40:00,10.23,94.6,993.82,1.52,0.0,0,Normal,0.21807633942098475
2020-11-14 08:50:00,10.19,94.8,993.8,2.15,0.0,0,Normal,0.21466741517037013
2020-11-14 09:00:00,10.29,94.1,993.75,2.11,0.0,0,Normal,0.21977571563967224
2020-11-14 09:10:00,10.55,92.9,993.72,1.43,0.0,0,Normal,0.2261438922588615
2020-11-14 09:20:00,10.95,91.2,993.84,0.7,0.0,0,Normal,0.22277626025985842
2020-11-14 09:30:00,11.48,88.4,993.79,1.27,0.0,0,Normal,0.23451594572026602
2020-11-14 09:40:00,11.82,86.6,993.77,0.84,0.0,0,Normal,0.23609513733192106
2020-11-14 09:50:00,12.42,83.8,993.7,1.0,0.0,0,Normal,0.2421622991809423
2020-11-14 10:00:00,12.53,83.0,993.67,2.3,0.0,0,Normal,0.23356640044047078
2020-11-14 10:10:00,12.5,83.2,993.58,2.12,0.0,0,Normal,0.23531233664228873
2020-11-14 10:20:00,13.06,80.7,993.53,2.01,0.0,0,Normal,0.23517664597956528
2020-11-14 10:30:00,13.58,76.42,993.46,4.08,0.0,0,Normal,0.19973509098681375
2020-11-14 10:40:00,13.98,74.08,993.44,3.87,0.0,0,Normal,0.20421312336187797
2020-11-14 10:50:00,14.21,73.15,993.41,3.09,0.0,0,Normal,0.22322525241016727
2020-11-14 11:00:00,14.57,71.09,993.43,3.69,0.0,0,Normal,0.2117891062822463
2020-11-14 11:10:00,14.71,69.69,993.44,3.36,0.0,0,Normal,0.21638621563621296
2020-11-14 11:20:00,14.83,68.22,993.36,4.5,0.0,0,Normal,0.1973019259158159
2020-11-14 11:30:00,14.9,67.61,993.24,4.8,0.0,0,Normal,0.18891089352393398
2020-11-14 11:40:00,15.11,66.53,993.12,4.57,0.0,0,Normal,0.19627420538183088
2020-11-14 11:50:00,15.27,65.07,993.02,5.7,0.0,0,Normal,0.16416497006571373
2020-11-14 12:00:00,15.35,65.12,992.95,5.19,0.0,0,Normal,0.18090881539613335
2020-11-14 12:10:00,15.64,65.18,992.86,3.69,0.0,0,Normal,0.21552642982620557
2020-11-14 12:20:00,15.66,66.44,992.79,3.51,0.0,0,Normal,0.21828829493873614
2020-11-14 12:30:00,15.72,66.28,992.69,3.41,0.0,0,Normal,0.223333998354731
2020-11-14 12:40:00,15.95,65.28,992.62,2.76,0.0,0,Normal,0.2372866588009444
2020-11-14 12:50:00,16.14,64.62,992.6,2.38,0.0,0,Normal,0.24089441091950015
2020-11-14 13:00:00,16.47,62.93,992.6,2.32,0.0,0,Normal,0.23788975404931773
2020-11-14 13:10:00,16.67,62.39,992.55,2.43,0.0,0,Normal,0.2360822824795653
2020-11-14 13:20:00,16.73,62.23,992.6,1.91,0.0,0,Normal,0.239039239006826
2020-11-14 13:30:00,16.92,58.23,992.49,3.61,0.0,0,Normal,0.2125648208883711
2020-11-14 13:40:00,16.71,56.73,992.49,4.93,0.0,0,Normal,0.177943175470615
2020-11-14 13:50:00,16.73,56.95,992.47,4.35,0.0,0,Normal,0.19546808516831093
2020-11-14 14:00:00,16.88,56.79,992.41,3.99,0.0,0,Normal,0.19969507327424257
2020-11-14 14:10:00,16.96,58.65,992.29,3.95,0.0,0,Normal,0.20106989198043296
2020-11-14 14:20:00,16.64,63.42,992.24,2.94,0.0,0,Normal,0.22917900064830038
2020-11-14 14:30:00,16.48,63.76,992.21,2.85,0.0,0,Normal,0.23107757757010144
2020-11-14 14:40:00,16.3,64.2,992.2,2.99,0.0,0,Normal,0.23030212932834254
2020-11-14 14:50:00,16.21,64.89,992.14,2.34,0.0,0,Normal,0.23894543105449845
2020-11-14 15:00:00,15.98,65.64,992.07,2.4,0.0,0,Normal,0.23963275671787315
2020-11-14 15:10:00,15.77,66.32,992.0,2.31,0.0,0,Normal,0.2393031627062432
2020-11-14 15:20:00,15.65,66.29,991.96,2.77,0.0,0,Normal,0.23766930046719037
2020-11-14 15:30:00,15.5,66.62,991.95,2.2,0.0,0,Normal,0.24301272172985416
2020-11-14 15:40:00,15.43,67.17,991.94,1.8,0.0,0,Normal,0.24260411017481082
2020-11-14 15:50:00,15.23,68.14,991.89,1.74,0.0,0,Normal,0.24522082513142945
2020-11-14 16:00:00,15.08,68.68,991.83,1.88,0.0,0,Normal,0.24463881711918228
2020-11-14 16:10:00,14.88,69.62,991.81,2.41,0.0,0,Normal,0.24095390998904287
2020-11-14 16:20:00,14.65,70.09,991.72,2.95,0.0,0,Normal,0.23258373001388516
2020-11-14 16:30:00,14.48,70.51,991.6,3.15,0.0,0,Normal,0.22829450362374537
2020-11-14 16:40:00,14.17,71.96,991.54,2.43,0.0,0,Normal,0.24184677526646786
2020-11-14 16:50:00,13.94,73.03,991.49,2.58,0.0,0,Normal,0.2384416656744564
2020-11-14 17:00:00,13.77,73.72,991.41,2.69,0.0,0,Normal,0.23757895126271733
2020-11-14 17:10:00,13.52,74.55,991.37,2.41,0.0,0,Normal,0.24018490085143063
2020-11-14 17:20:00,13.37,75.0,991.44,2.1,0.0,0,Normal,0.2448844683736201
2020-11-14 17:30:00,13.38,74.91,991.47,2.23,0.0,0,Normal,0.24266090274222035
2020-11-14 17:40:00,13.33,75.03,991.51,2.33,0.0,0,Normal,0.2405666129977364
2020-11-14 17:50:00,13.38,74.78,991.47,2.49,0.0,0,Normal,0.2393633970009309
2020-11-14 18:00:00,13.1,76.2,991.48,1.86,0.0,0,Normal,0.2439124300746675
2020-11-14 18:10:00,12.74,78.11,991.56,2.13,0.0,0,Normal,0.24056155356808717
2020-11-14 18:20:00,12.42,79.7,991.54,2.59,0.0,0,Normal,0.23218399502312426
2020-11-14 18:30:00,12.22,80.4,991.59,2.24,0.0,0,Normal,0.24085028968717953
2020-11-14 18:40:00,12.19,80.7,991.63,2.0,0.0,0,Normal,0.24018823208142898
2020-11-14 18:50:00,12.32,80.1,991.62,1.68,0.0,0,Normal,0.24336428016801664
2020-11-14 19:00:00,12.3,80.1,991.58,1.31,0.0,0,Normal,0.2434707704282077
2020-11-14 19:10:00,12.12,81.0,991.52,1.42,0.0,0,Normal,0.24385275643665122
2020-11-14 19:20:00,11.9,81.8,991.52,1.68,0.0,0,Normal,0.24279570890803226
2020-11-14 19:30:00,11.42,84.4,991.48,2.47,0.0,0,Normal,0.23458224564721614
2020-11-14 19:40:00,11.26,85.1,991.48,2.04,0.0,0,Normal,0.237773065049744
2020-11-14 19:50:00,11.27,85.1,991.49,2.55,0.0,0,Normal,0.2300835604610153
2020-11-14 20:00:00,11.48,83.9,991.53,2.68,0.0,0,Normal,0.23269429647428697
2020-11-14 20:10:00,11.37,84.2,991.51,2.75,0.0,0,Normal,0.23164141940378913
2020-11-14 20:20:00,11.06,85.3,991.42,2.23,0.0,0,Normal,0.2351666324763555
2020-11-14 20:30:00,10.85,85.9,991.36,2.02,0.0,0,Normal,0.23891467630235308
2020-11-14 20:40:00,10.68,86.5,991.39,2.07,0.0,0,Normal,0.23797670269461324
2020-11-14 20:50:00,10.38,87.8,991.39,0.98,0.0,0,Normal,0.24006725652120758
2020-11-14 21:00:00,10.29,88.0,991.43,1.4,0.0,0,Normal,0.24069236000743044
2020-11-14 21:10:00,10.07,88.5,991.45,1.7,0.0,0,Normal,0.23691779441077787
2020-11-14 21:20:00,9.74,89.5,991.42,2.02,0.0,0,Normal,0.2312357736396809
2020-11-14 21:30:00,9.6,89.7,991.33,2.31,0.0,0,Normal,0.22544630058553877
2020-11-14 21:40:00,9.62,89.2,991.28,1.99,0.0,0,Normal,0.23242609818673293
2020-11-14 21:50:00,9.78,87.9,991.23,2.51,0.0,0,Normal,0.23165671890778616
2020-11-14 22:00:00,9.76,87.4,991.18,1.91,0.0,0,Normal,0.23802728798107775
2020-11-14 22:10:00,9.82,86.6,991.14,1.78,0.0,0,Normal,0.2393889067267318
2020-11-14 22:20:00,9.77,86.6,991.09,1.97,0.0,0,Normal,0.23955668233713395
2020-11-14 22:30:00,9.7,86.4,991.09,1.8,0.0,0,Normal,0.23829583410070676
2020-11-14 22:40:00,9.63,86.3,991.09,2.1,0.0,0,Normal,0.23670710504734932
2020-11-14 22:50:00,9.51,86.4,991.06,2.8,0.0,0,Normal,0.22495507577751456
2020-11-14 23:00:00,9.33,86.8,991.11,2.12,0.0,0,Normal,0.23689768998199523
2020-11-14 23:10:00,9.32,86.4,991.1,2.16,0.0,0,Normal,0.2354189620944998
2020-11-14 23:20:00,9.33,86.2,991.04,2.57,0.0,0,Normal,0.2301502221239416
2020-11-14 23:30:00,9.18,86.6,990.89,2.77,0.0,0,Normal,0.22892309239224506
2020-11-14 23:40:00,9.04,86.9,990.81,2.33,0.0,0,Normal,0.23195586969967102
2020-11-14 23:50:00,9.03,86.9,990.83,2.13,0.0,0,Normal,0.2353547738663817
2020-11-15 00:00:00,9.18,86.0,990.79,1.75,0.0,0,Normal,0.23746267019269424
2020-11-15 00:10:00,9.32,85.1,990.81,1.57,0.0,0,Normal,0.23903060937734238
2020-11-15 00:20:00,9.39,84.3,990.8,2.05,0.0,0,Normal,0.23734007434079746
2020-11-15 00:30:00,9.51,83.4,990.76,2.06,0.0,0,Normal,0.23944245790894497
2020-11-15 00:40:00,9.59,82.9,990.66,1.35,0.0,0,Normal,0.2415216619756373
2020-11-15 00:50:00,9.62,82.4,990.6,1.36,0.0,0,Normal,0.2395097193519065
2020-11-15 01:00:00,9.67,81.8,990.57,1.33,0.0,0,Normal,0.23962295914301907
2020-11-15 01:10:00,9.89,80.3,990.47,1.89,0.0,0,Normal,0.24537733973078357
2020-11-15 01:20:00,10.1,79.06,990.35,1.63,0.0,0,Normal,0.24423713843943046
2020-11-15 01:30:00,9.95,79.17,990.31,1.69,0.0,0,Normal,0.24111463961354013
2020-11-15 01:40:00,10.07,78.15,990.33,1.47,0.0,0,Normal,0.2465371679728326
2020-11-15 01:50:00,10.13,77.32,990.24,1.54,0.0,0,Normal,0.2484906672268717
2020-11-15 02:00:00,10.09,77.15,990.22,1.41,0.0,0,Normal,0.24910642133644934
2020-11-15 02:10:00,9.91,77.64,990.19,1.91,0.0,0,Normal,0.24650245652430836
2020-11-15 02:20:00,9.92,77.27,990.18,2.45,0.0,0,Normal,0.24100875308820302
2020-11-15 02:30:00,10.04,76.43,990.17,2.81,0.0,0,Normal,0.2382036732091023
2020-11-15 02:40:00,9.89,77.06,990.17,2.34,0.0,0,Normal,0.24174558720128003
2020-11-15 02:50:00,9.95,76.68,990.1,1.63,0.0,0,Normal,0.24484192046279185
2020-11-15 03:00:00,9.93,76.67,990.07,1.42,0.0,0,Normal,0.2456722886935157
2020-11-15 03:10:00,9.91,76.72,990.02,1.11,0.0,0,Normal,0.24397133130754595
2020-11-15 03:20:00,9.86,76.74,989.97,1.63,0.0,0,Normal,0.244612015522852
2020-11-15 03:30:00,9.79,77.08,989.89,2.21,0.0,0,Normal,0.24361094562180718
2020-11-15 03:40:00,9.82,76.96,989.82,1.83,0.0,0,Normal,0.2458963167118886
2020-11-15 03:50:00,9.8,77.17,989.75,0.67,0.0,0,Normal,0.240712786554325
2020-11-15 04:00:00,9.87,77.05,989.74,0.87,0.0,0,Normal,0.2434782265669359
2020-11-15 04:10:00,9.84,76.64,989.68,1.94,0.0,0,Normal,0.24613791690888553
2020-11-15 04:20:00,9.62,77.52,989.61,1.7,0.0,0,Normal,0.24502060236222556
2020-11-15 04:30:00,9.35,78.74,989.66,0.88,0.0,0,Normal,0.24058515853775808
2020-11-15 04:40:00,9.17,79.85,989.69,0.63,0.0,0,Normal,0.2359083188077125
2020-11-15 04:50:00,9.08,79.51,989.59,2.47,0.0,0,Normal,0.23872202070362286
2020-11-15 05:00:00,8.89,80.6,989.54,1.14,0.0,0,Normal,0.24120708157459653
2020-11-15 05:10:00,9.07,79.92,989.49,1.22,0.0,0,Normal,0.24403413260956797
2020-11-15 05:20:00,9.66,77.81,989.53,1.71,0.0,0,Normal,0.24417008120893324
2020-11-15 05:30:00,9.57,78.09,989.65,0.82,0.0,0,Normal,0.239999343427167
2020-11-15 05:40:00,9.31,78.89,989.68,1.49,0.0,0,Normal,0.2420191265919026
2020-11-15 05:50:00,9.33,78.8,989.65,0.59,0.0,0,Normal,0.23499752647302818
2020-11-15 06:00:00,9.38,78.81,989.6,0.66,0.0,0,Normal,0.2365424814966675
2020-11-15 06:10:00,9.4,78.81,989.56,0.75,0.0,0,Normal,0.23737462464239134
2020-11-15 06:20:00,9.77,77.19,989.48,0.54,0.0,0,Normal,0.2360000922172787
2020-11-15 06:30:00,9.31,79.73,989.49,0.6,0.0,0,Normal,0.23652605585504954
2020-11-15 06:40:00,8.78,82.1,989.48,0.55,0.0,0,Normal,0.23282027896282181
2020-11-15 06:50:00,9.37,79.44,989.42,0.92,0.0,0,Normal,0.24074504409488007
2020-11-15 07:00:00,8.58,83.0,989.38,0.84,0.0,0,Normal,0.24069435300484798
2020-11-15 07:10:00,8.11,85.1,989.47,0.93,0.0,0,Normal,0.2393732775304916
2020-11-15 07:20:00,8.01,85.7,989.51,1.1,0.0,0,Normal,0.24053042684791748
2020-11-15 07:30:00,8.08,85.4,989.59,0.83,0.0,0,Normal,0.2380564065989913
2020-11-15 07:40:00,8.17,84.9,989.63,0.75,0.0,0,Normal,0.23531993516137012
2020-11-15 07:50:00,8.45,83.4,989.65,0.75,0.0,0,Normal,0.23712301883280296
2020-11-15 08:00:00,8.71,82.5,989.65,0.65,0.0,0,Normal,0.2326362590021792
2020-11-15 08:10:00,8.95,81.6,989.68,1.74,0.0,0,Normal,0.24168982925331162
2020-11-15 08:20:00,9.12,80.9,989.72,0.99,0.0,0,Normal,0.24103599183852786
2020-11-15 08:30:00,9.46,79.54,989.79,0.97,0.0,0,Normal,0.24192081738206417
2020-11-15 08:40:00,9.56,79.52,989.83,1.35,0.0,0,Normal,0.24209885670180897
2020-11-15 08:50:00,9.66,79.42,989.78,0.83,0.0,0,Normal,0.24016932198759827
2020-11-15 09:00:00,10.13,77.75,989.74,1.22,0.0,0,Normal,0.24779061988278323
2020-11-15 09:10:00,10.69,75.59,989.62,3.6,0.0,0,Normal,0.22465027151371697
2020-11-15 09:20:00,11.15,73.85,989.55,3.99,0.0,0,Normal,0.2140116957759851
2020-11-15 09:30:00,11.4,72.88,989.47,3.41,0.0,0,Normal,0.22966267402334917
2020-11-15 09:40:00,11.52,72.54,989.34,3.62,0.0,0,Normal,0.2253722004139374
2020-11-15 09:50:00,11.59,72.58,989.25,3.71,0.0,0,Normal,0.2244245324919919
2020-11-15 10:00:00,11.71,72.45,989.15,3.55,0.0,0,Normal,0.22793442064285152
2020-11-15 10:10:00,11.82,72.33,989.05,3.11,0.0,0,Normal,0.23420322888560063
2020-11-15 10:20:00,11.98,72.06,988.99,2.88,0.0,0,Normal,0.23836423811247048
2020-11-15 10:30:00,12.13,71.66,988.95,3.03,0.0,0,Normal,0.23434835903590195
2020-11-15 10:40:00,12.33,71.16,988.87,2.89,0.0,0,Normal,0.23802425526341503
2020-11-15 10:50:00,12.55,70.73,988.7,2.9,0.0,0,Normal,0.23452492630284677
2020-11-15 11:00:00,12.72,69.84,988.51,3.29,0.0,0,Normal,0.22613274681165924
2020-11-15 11:10:00,12.82,69.1,988.34,4.22,0.0,0,Normal,0.20882157212488728
2020-11-15 11:20:00,13.13,68.24,988.22,3.65,0.0,0,Normal,0.21910820008505333
2020-11-15 11:30:00,13.2,67.68,987.98,4.27,0.0,0,Normal,0.20501301180963805
2020-11-15 11:40:00,13.27,67.48,987.75,3.69,0.0,0,Normal,0.21658495279040463
2020-11-15 11:50:00,13.59,66.67,987.59,2.89,0.0,0,Normal,0.23147207583196688
2020-11-15 12:00:00,13.71,66.55,987.39,2.89,0.0,0,Normal,0.23067219191152621
2020-11-15 12:10:00,13.83,66.71,987.11,2.45,0.0,0,Normal,0.23551992846051467
2020-11-15 12:20:00,14.1,66.05,986.82,2.6,0.0,0,Normal,0.23562664755891505
2020-11-15 12:30:00,14.38,65.81,986.69,2.33,0.0,0,Normal,0.23662413407007304
2020-11-15 12:40:00,14.8,64.2,986.47,3.77,0.0,0,Normal,0.21744253760962629
2020-11-15 12:50:00,15.1,63.44,986.5,3.65,0.0,0,Normal,0.21797563821529614
2020-11-15 13:00:00,15.23,63.37,986.41,3.56,0.0,0,Normal,0.2168162236495903
2020-11-15 13:10:00,15.29,62.94,986.33,4.44,0.0,0,Normal,0.20049751381225983
2020-11-15 13:20:00,15.29,63.11,986.27,3.76,0.0,0,Normal,0.21398264818351515
2020-11-15 13:30:00,15.33,63.24,986.16,3.01,0.0,0,Normal,0.22721908668532154
2020-11-15 13:40:00,15.39,63.27,986.06,2.49,0.0,0,Normal,0.2346132849067461
2020-11-15 13:50:00,15.35,63.36,985.95,3.28,0.0,0,Normal,0.2230617003583631
2020-11-15 14:00:00,15.54,63.0,985.81,3.02,0.0,0,Normal,0.22890090325368356
2020-11-15 14:10:00,15.88,61.95,985.8,2.85,0.0,0,Normal,0.22940647860839453
2020-11-15 14:20:00,15.83,61.84,985.71,3.08,0.0,0,Normal,0.22558699860130804
2020-11-15 14:30:00,15.62,62.2,985.63,3.32,0.0,0,Normal,0.2227844293224323
2020-11-15 14:40:00,15.69,61.13,985.52,3.78,0.0,0,Normal,0.2132304547786451
2020-11-15 14:50:00,15.82,60.21,985.42,2.95,0.0,0,Normal,0.22536591933774475
2020-11-15 15:00:00,15.82,61.68,985.47,2.43,0.0,0,Normal,0.2341870910928407
2020-11-15 15:10:00,15.69,63.43,985.39,3.27,0.0,0,Normal,0.22183059647619685
2020-11-15 15:20:00,15.09,66.21,985.24,3.43,0.0,0,Normal,0.2217219791690218
2020-11-15 15:30:00,14.8,67.35,985.06,3.55,0.0,0,Normal,0.21792554143733534
2020-11-15 15:40:00,14.64,68.15,985.01,2.87,0.0,0,Normal,0.22948920604039041
2020-11-15 15:50:00,14.44,68.25,984.91,3.61,0.0,0,Normal,0.2156885983420741
2020-11-15 16:00:00,14.2,68.36,984.69,3.92,0.0,0,Normal,0.20486212703369427
2020-11-15 16:10:00,14.01,68.13,984.57,3.05,0.0,0,Normal,0.22213943510717032
2020-11-15 16:20:00,13.92,67.46,984.43,2.49,0.0,0,Normal,0.23112803583896574
2020-11-15 16:30:00,13.9,66.02,984.39,3.02,0.0,0,Normal,0.2240348733736638
2020-11-15 16:40:00,13.85,65.49,984.25,4.17,0.0,0,Normal,0.20445999869368514
2020-11-15 16:50:00,13.77,65.52,984.04,3.52,0.0,0,Normal,0.21612107487243554
2020-11-15 17:00:00,13.35,69.6,983.92,2.59,0.0,0,Normal,0.22902150052382558
2020-11-15 17:10:00,12.95,72.05,983.84,2.21,0.0,0,Normal,0.23408758580179773
2020-11-15 17:20:00,12.68,73.13,983.91,2.31,0.0,0,Normal,0.23377696892917804
2020-11-15 17:30:00,12.46,73.55,983.98,2.33,0.0,0,Normal,0.23392181297541165
2020-11-15 17:40:00,12.31,73.67,983.91,1.57,0.0,0,Normal,0.23690937809963958
2020-11-15 17:50:00,12.23,73.54,983.82,2.05,0.0,0,Normal,0.23784463676335765
2020-11-15 18:00:00,12.0,74.33,983.72,2.47,0.0,0,Normal,0.23361746453812232
2020-11-15 18:10:00,11.83,74.83,983.6,1.85,0.0,0,Normal,0.23857750016365903
2020-11-15 18:20:00,11.8,74.43,983.59,1.67,0.0,0,Normal,0.23710589173223334
2020-11-15 18:30:00,11.63,75.27,983.4,2.94,0.0,0,Normal,0.22441780833994013
2020-11-15 18:40:00,11.23,77.03,983.36,3.45,0.0,0,Normal,0.2179659622988251
2020-11-15 18:50:00,11.06,77.5,983.28,3.24,0.0,0,Normal,0.22059189660377843
2020-11-15 19:00:00,10.98,77.55,983.33,2.78,0.0,0,Normal,0.22709214632080615
2020-11-15 19:10:00,10.99,77.18,983.44,2.69,0.0,0,Normal,0.22864921896301071
2020-11-15 19:20:00,11.0,76.92,983.36,2.44,0.0,0,Normal,0.22947932148875355
2020-11-15 19:30:00,10.83,77.55,983.29,2.8,0.0,0,Normal,0.22701397524183553
2020-11-15 19:40:00,10.63,78.15,983.36,2.38,0.0,0,Normal,0.2303917411095312
2020-11-15 19:50:00,10.44,78.76,983.31,2.22,0.0,0,Normal,0.23402482050798384
2020-11-15 20:00:00,10.41,78.19,983.19,3.3,0.0,0,Normal,0.2154068696613633
2020-11-15 20:10:00,11.58,70.8,982.96,4.79,0.0,0,Normal,0.19268864455711293
2020-11-15 20:20:00,12.15,68.09,982.91,5.15,0.0,0,Normal,0.1832616839411768
2020-11-15 20:30:00,12.38,66.97,982.92,5.33,0.0,0,Normal,0.17825026020443152
2020-11-15 20:40:00,12.23,67.72,982.93,4.57,0.0,0,Normal,0.195432483100768
2020-11-15 20:50:00,12.08,68.48,982.88,3.33,0.0,0,Normal,0.22157428062608936
2020-11-15 21:00:00,11.77,69.94,982.85,2.49,0.0,0,Normal,0.23158144733000957
2020-11-15 21:10:00,11.6,70.61,982.75,3.2,0.0,0,Normal,0.2238150866097422
2020-11-15 21:20:00,11.74,69.46,982.64,4.58,0.0,0,Normal,0.19315216840821664
2020-11-15 21:30:00,11.9,68.52,982.53,5.63,0.0,0,Normal,0.1730593663405034
2020-11-15 21:40:00,11.84,68.9,982.48,4.87,0.0,0,Normal,0.18604922048156064
2020-11-15 21:50:00,11.66,69.69,982.46,4.58,0.0,0,Normal,0.19325523155176288
2020-11-15 22:00:00,11.5,70.59,982.45,4.18,0.0,0,Normal,0.20425538202432403
2020-11-15 22:10:00,11.37,70.62,982.46,5.18,0.0,0,Normal,0.18306398417640357
2020-11-15 22:20:00,11.27,70.94,982.48,3.15,0.0,0,Normal,0.22499211158268312
2020-11-15 22:30:00,11.08,71.62,982.43,3.11,0.0,0,Normal,0.22299323985175729
2020-11-15 22:40:00,10.95,72.04,982.46,2.7,0.0,0,Normal,0.22726171563349767
2020-11-15 22:50:00,10.95,71.84,982.4,2.92,0.0,0,Normal,0.22297651732628937
2020-11-15 23:00:00,10.96,71.74,982.34,3.19,0.0,0,Normal,0.2222804111773633
2020-11-15 23:10:00,11.02,71.29,982.45,3.57,0.0,0,Normal,0.21610420985154577
2020-11-15 23:20:00,11.35,69.54,982.58,3.72,0.0,0,Normal,0.2152535763542493
2020-11-15 23:30:00,11.57,68.45,982.66,3.99,0.0,0,Normal,0.20518412428033778
2020-11-15 23:40:00,11.55,68.52,982.48,3.7,0.0,0,Normal,0.21429273721129644
2020-11-15 23:50:00,11.46,68.59,982.16,5.39,0.0,0,Normal,0.1750321870140943
2020-11-16 00:00:00,11.34,68.94,982.06,4.42,0.0,0,Normal,0.19727003937080578
2020-11-16 00:10:00,11.23,69.55,981.85,4.27,0.0,0,Normal,0.20040419739845222
2020-11-16 00:20:00,11.24,69.55,982.0,4.28,0.0,0,Normal,0.20040419739845222
2020-11-16 00:30:00,11.23,70.05,982.09,4.66,0.0,0,Normal,0.1927559775883691
2020-11-16 00:40:00,11.12,70.51,982.13,3.73,0.0,0,Normal,0.21574242609215732
2020-11-16 00:50:00,10.96,72.03,982.24,2.7,0.0,0,Normal,0.22660010140634573
2020-11-16 01:00:00,10.9,73.38,982.32,2.71,0.0,0,Normal,0.22630266716097536
2020-11-16 01:10:00,10.76,76.09,982.52,2.45,0.0,0,Normal,0.2283445154522889
2020-11-16 01:20:00,10.58,79.42,982.58,2.63,0.1,0,Normal,0.1435705248862763
2020-11-16 01:30:00,10.38,82.1,982.58,2.87,0.0,0,Normal,0.21933287307052013
2020-11-16 01:40:00,10.21,84.1,982.71,2.84,0.0,0,Normal,0.2192828963023301
2020-11-16 01:50:00,10.12,85.4,982.69,3.34,0.1,0,Normal,0.12863712028294394
2020-11-16 02:00:00,9.96,87.2,982.81,2.71,0.0,0,Normal,0.2157541060284514
2020-11-16 02:10:00,9.75,88.6,982.77,3.52,0.0,0,Normal,0.19308707506367057
2020-11-16 02:20:00,9.53,89.1,982.71,3.65,0.0,0,Normal,0.18748973737266117
2020-11-16 02:30:00,9.32,90.2,982.86,3.22,0.0,0,Normal,0.1929952820923933
2020-11-16 02:40:00,9.22,89.9,982.74,3.21,0.0,0,Normal,0.19436833291853683
2020-11-16 02:50:00,9.16,90.2,982.79,3.78,0.1,0,Normal,0.11328969175751302
2020-11-16 03:00:00,9.1,90.6,982.95,3.2,0.0,0,Normal,0.19447854892095223
2020-11-16 03:10:00,9.1,90.6,982.93,2.59,0.0,0,Normal,0.207791570036924
2020-11-16 03:20:00,9.12,90.5,983.15,2.83,0.0,0,Normal,0.20323389255205565
2020-11-16 03:30:00,9.12,90.7,983.0,2.57,0.0,0,Normal,0.20709472168886783
2020-11-16 03:40:00,9.12,90.4,982.82,3.05,0.0,0,Normal,0.19660718310251818
2020-11-16 03:50:00,9.08,91.1,983.12,3.57,0.0,0,Normal,0.18244624006451982
2020-11-16 04:00:00,8.93,92.4,983.35,3.72,0.0,0,Normal,0.1802391505165395
2020-11-16 04:10:00,9.05,91.3,983.32,2.68,0.0,0,Normal,0.20505885802467128
2020-11-16 04:20:00,9.11,90.5,983.22,2.85,0.0,0,Normal,0.20274310977379145
2020-11-16 04:30:00,9.1,90.0,983.18,4.08,0.0,0,Normal,0.17308377136083103
2020-11-16 04:40:00,9.18,89.2,983.44,3.58,0.0,0,Normal,0.1903828338075914
2020-11-16 04:50:00,9.2,88.5,983.54,2.68,0.0,0,Normal,0.21466079097884833
2020-11-16 05:00:00,9.19,87.8,983.57,5.33,0.0,0,Normal,0.15741619937706264
2020-11-16 05:10:00,9.36,85.9,983.63,6.0,0.0,0,Normal,0.1442475839791677
2020-11-16 05:20:00,9.37,85.6,983.69,5.33,0.0,0,Normal,0.16233237690218644
2020-11-16 05:30:00,9.3,85.8,983.8,4.7,0.0,0,Normal,0.1769393917304169
2020-11-16 05:40:00,9.26,85.9,983.97,4.39,0.0,0,Normal,0.18274232626159786
2020-11-16 05:50:00,9.12,86.4,984.08,4.31,0.0,0,Normal,0.1834280585489314
2020-11-16 06:00:00,8.89,87.7,984.18,4.86,0.0,0,Normal,0.17028427358400167
2020-11-16 06:10:00,8.68,88.4,984.22,5.62,0.0,0,Normal,0.1496614118108478
2020-11-16 06:20:00,8.79,87.6,984.24,6.63,0.0,0,Normal,0.12430763469223988
2020-11-16 06:30:00,8.82,87.4,984.4,6.22,0.0,0,Normal,0.13672138746380957
2020-11-16 06:40:00,8.8,86.9,984.52,5.68,0.0,0,Normal,0.15047855362743012
2020-11-16 06:50:00,9.03,82.5,984.57,6.44,0.0,0,Normal,0.1368861839960107
2020-11-16 07:00:00,9.25,78.67,984.57,5.52,0.0,0,Normal,0.1696488310364061
2020-11-16 07:10:00,9.25,76.66,984.68,5.57,0.0,0,Normal,0.17284684719230448
2020-11-16 07:20:00,9.26,75.27,984.94,5.6,0.0,0,Normal,0.17525625676249973
2020-11-16 07:30:00,9.16,75.19,985.3,4.18,0.0,0,Normal,0.20800922890512719
2020-11-16 07:40:00,8.86,76.29,985.5,3.86,0.0,0,Normal,0.2138726045679759
2020-11-16 07:50:00,8.74,76.16,985.79,4.73,0.0,0,Normal,0.1961333908778361
2020-11-16 08:00:00,8.72,76.22,985.91,4.28,0.0,0,Normal,0.20748764915166013
2020-11-16 08:10:00,8.64,77.11,986.01,3.98,0.0,0,Normal,0.21157407703229963
2020-11-16 08:20:00,8.78,76.89,986.24,4.28,0.0,0,Normal,0.20445429377837782
2020-11-16 08:30:00,8.92,77.47,986.4,3.41,0.0,0,Normal,0.22033487250440242
2020-11-16 08:40:00,9.13,77.43,986.49,3.55,0.0,0,Normal,0.21683610424587713
2020-11-16 08:50:00,9.68,76.34,986.62,4.81,0.0,0,Normal,0.19435123697759454
2020-11-16 09:00:00,9.99,75.79,986.83,4.81,0.0,0,Normal,0.19720139517909802
2020-11-16 09:10:00,10.06,76.02,986.94,5.63,0.0,0,Normal,0.17598779213795268
2020-11-16 09:20:00,10.11,76.29,986.95,5.77,0.0,0,Normal,0.17101937416280522
2020-11-16 09:30:00,10.31,75.61,987.01,5.48,0.0,0,Normal,0.17906168261309524
2020-11-16 09:40:00,10.68,74.02,987.31,5.41,0.0,0,Normal,0.18025566177056174
2020-11-16 09:50:00,11.07,71.27,987.46,5.06,0.0,0,Normal,0.19207740061801737
2020-11-16 10:00:00,11.06,70.7,987.55,5.1,0.0,0,Normal,0.19140672801883019
2020-11-16 10:10:00,10.9,70.02,987.65,3.73,0.0,0,Normal,0.2245426234287144
2020-11-16 10:20:00,10.96,67.83,987.63,5.15,0.0,0,Normal,0.19002081153418232
2020-11-16 10:30:00,11.26,65.69,987.76,5.48,0.0,0,Normal,0.18218700672284777
2020-11-16 10:40:00,11.43,65.04,987.88,5.73,0.0,0,Normal,0.17913219219388538
2020-11-16 10:50:00,11.26,65.55,987.92,7.08,0.0,0,Normal,0.13155097478145755
2020-11-16 11:00:00,11.27,65.23,987.96,6.88,0.0,0,Normal,0.14557766435114172
2020-11-16 11:10:00,11.37,65.12,987.97,7.09,0.0,0,Normal,0.1315405033743996
2020-11-16 11:20:00,11.42,64.83,988.06,7.18,0.0,0,Normal,0.12578868332160276
2020-11-16 11:30:00,11.54,65.06,988.2,5.9,0.0,0,Normal,0.1722263876063289
2020-11-16 11:40:00,11.72,64.05,988.24,6.0,0.0,0,Normal,0.16972692373482895
2020-11-16 11:50:00,11.89,63.61,988.35,6.15,0.0,0,Normal,0.16889651120033028
2020-11-16 12:00:00,11.95,63.45,988.35,6.37,0.0,0,Normal,0.1598451990419792
2020-11-16 12:10:00,12.09,62.52,988.35,6.86,0.0,0,Normal,0.14536406133679647
2020-11-16 12:20:00,11.92,63.56,988.4,6.49,0.0,0,Normal,0.15494580039766048
2020-11-16 12:30:00,11.98,63.73,988.49,6.99,0.0,0,Normal,0.13370804752960985
2020-11-16 12:40:00,11.85,65.4,988.62,5.95,0.0,0,Normal,0.17114121802683258
2020-11-16 12:50:00,11.73,66.46,988.75,5.13,0.0,0,Normal,0.19198779942166067
2020-11-16 13:00:00,11.9,66.93,988.83,5.36,0.0,0,Normal,0.18484493593590762
2020-11-16 13:10:00,12.14,66.46,988.94,6.62,0.0,0,Normal,0.14982206520227265
2020-11-16 13:20:00,11.89,68.41,989.01,7.91,0.0,0,Normal,0.11144311411554497
2020-11-16 13:30:00,11.52,70.33,989.06,8.21,0.0,0,Normal,0.10614437031950996
2020-11-16 13:40:00,11.41,71.62,989.25,6.52,0.0,0,Normal,0.14989797075477418
2020-11-16 13:50:00,11.33,72.31,989.33,5.61,0.0,0,Normal,0.17865824492115384
2020-11-16 14:00:00,11.27,72.63,989.35,5.09,0.0,0,Normal,0.19117792123953392
2020-11-16 14:10:00,11.76,70.99,989.4,4.66,0.0,0,Normal,0.20433398454014579
2020-11-16 14:20:00,11.88,69.8,989.42,5.83,0.0,0,Normal,0.17281840138644594
2020-11-16 14:30:00,12.03,68.65,989.46,5.07,0.0,0,Normal,0.19345376405118409
2020-11-16 14:40:00,11.98,68.03,989.62,5.03,0.0,0,Normal,0.1921753652044328
2020-11-16 14:50:00,11.46,68.84,989.8,5.91,0.0,0,Normal,0.16981135660674235
2020-11-16 15:00:00,11.38,68.91,989.92,5.55,0.0,0,Normal,0.1801669272199774
2020-11-16 15:10:00,11.54,68.4,989.93,4.93,0.0,0,Normal,0.192161054451078
2020-11-16 15:20:00,11.36,69.35,989.92,4.66,0.0,0,Normal,0.20132355572337546
2020-11-16 15:30:00,11.27,70.35,990.16,3.03,0.0,0,Normal,0.2362689886435378
2020-11-16 15:40:00,11.22,70.8,990.31,3.26,0.0,0,Normal,0.233812767160408
2020-11-16 15:50:00,11.08,72.18,990.39,4.46,0.0,0,Normal,0.2087596113279957
2020-11-16 16:00:00,10.88,73.73,990.51,5.57,0.0,0,Normal,0.17907722192381853
2020-11-16 16:10:00,10.8,74.65,990.7,3.83,0.0,0,Normal,0.21846233235319978
2020-11-16 16:20:00,10.73,75.25,990.82,3.36,0.0,0,Normal,0.22771354655597548
2020-11-16 16:30:00,10.7,75.26,990.97,3.19,0.0,0,Normal,0.23279046485938892
2020-11-16 16:40:00,10.6,76.15,991.16,2.87,0.0,0,Normal,0.23662529071629296
2020-11-16 16:50:00,10.4,76.98,991.37,2.89,0.0,0,Normal,0.23634938702833458
2020-11-16 17:00:00,10.18,77.66,991.46,2.82,0.0,0,Normal,0.23617519295178085
2020-11-16 17:10:00,9.95,78.61,991.69,2.12,0.0,0,Normal,0.242973156973052
2020-11-16 17:20:00,9.72,79.62,991.85,2.07,0.0,0,Normal,0.24156020253075017
2020-11-16 17:30:00,9.63,80.4,991.98,2.04,0.0,0,Normal,0.24278971333529742
2020-11-16 17:40:00,9.63,80.6,992.14,1.94,0.0,0,Normal,0.2410495006561315
2020-11-16 17:50:00,9.64,80.7,992.25,2.23,0.0,0,Normal,0.23728710008634774
2020-11-16 18:00:00,9.6,81.5,992.46,2.75,0.0,0,Normal,0.2325125518893763
2020-11-16 18:10:00,9.38,83.2,992.61,2.13,0.0,0,Normal,0.240259125696052
2020-11-16 18:20:00,9.29,84.1,992.62,2.12,0.0,0,Normal,0.23903384420523816
2020-11-16 18:30:00,9.28,84.4,992.66,2.45,0.0,0,Normal,0.23290833648614473
2020-11-16 18:40:00,9.36,84.4,992.66,3.07,0.0,0,Normal,0.2181655658784144
2020-11-16 18:50:00,9.48,84.2,992.72,3.56,0.0,0,Normal,0.20726011848474019
2020-11-16 19:00:00,9.61,84.0,992.76,3.87,0.0,0,Normal,0.19645809402497622
2020-11-16 19:10:00,9.77,83.5,992.89,4.18,0.0,0,Normal,0.19369804874587704
2020-11-16 19:20:00,9.87,83.3,992.96,4.27,0.0,0,Normal,0.1926525610430035
2020-11-16 19:30:00,10.07,82.5,993.07,5.06,0.0,0,Normal,0.1706557545625167
2020-11-16 19:40:00,10.21,82.2,993.12,4.12,0.0,0,Normal,0.19330414679433294
2020-11-16 19:50:00,10.2,82.3,993.2,3.74,0.0,0,Normal,0.20424119143431724
2020-11-16 20:00:00,10.14,82.9,993.24,3.26,0.0,0,Normal,0.21682890917543213
2020-11-16 20:10:00,10.19,83.1,993.32,4.08,0.0,0,Normal,0.19462523647558977
2020-11-16 20:20:00,10.17,83.5,993.44,3.65,0.0,0,Normal,0.20568753898510056
2020-11-16 20:30:00,10.1,84.0,993.56,3.84,0.0,0,Normal,0.1964677974446848
2020-11-16 20:40:00,10.06,84.4,993.72,3.24,0.0,0,Normal,0.2109434019634494
2020-11-16 20:50:00,10.01,85.0,993.77,2.72,0.0,0,Normal,0.2267751426136771
2020-11-16 21:00:00,10.04,85.2,993.83,3.25,0.0,0,Normal,0.2090980971789569
2020-11-16 21:10:00,10.04,85.3,993.96,2.39,0.0,0,Normal,0.23172349987510854
2020-11-16 21:20:00,9.99,85.5,994.08,2.96,0.0,0,Normal,0.21649467827993174
2020-11-16 21:30:00,9.97,85.4,994.13,2.65,0.0,0,Normal,0.2269138900184136
2020-11-16 21:40:00,9.88,85.7,994.22,1.69,0.0,0,Normal,0.2362816845962054
2020-11-16 21:50:00,9.9,85.4,994.32,2.25,0.0,0,Normal,0.2299059977660179
2020-11-16 22:00:00,10.01,84.9,994.42,1.39,0.0,0,Normal,0.23815187963113932
2020-11-16 22:10:00,10.04,84.9,994.51,1.24,0.0,0,Normal,0.23936818867009457
2020-11-16 22:20:00,10.06,84.5,994.59,2.85,0.0,0,Normal,0.2242434689265721
2020-11-16 22:30:00,10.16,84.1,994.73,2.81,0.0,0,Normal,0.22557404947923249
2020-11-16 22:40:00,10.3,83.5,994.83,4.06,0.0,0,Normal,0.19308952463005546
2020-11-16 22:50:00,10.26,83.7,994.86,3.34,0.0,0,Normal,0.20978737192661256
2020-11-16 23:00:00,10.12,84.9,994.95,3.31,0.0,0,Normal,0.2064123741118939
2020-11-16 23:10:00,10.05,85.7,995.05,2.31,0.0,0,Normal,0.23181680649468167
2020-11-16 23:20:00,9.93,86.4,995.25,2.07,0.0,0,Normal,0.23230357142785701
2020-11-16 23:30:00,9.84,86.8,995.37,2.25,0.0,0,Normal,0.22823973883214382
2020-11-16 23:40:00,9.73,87.4,995.51,2.28,0.0,0,Normal,0.2253829871140442
2020-11-16 23:50:00,9.78,87.1,995.63,1.78,0.0,0,Normal,0.23068881766324673
2020-11-17 00:00:00,9.97,86.1,995.72,1.33,0.0,0,Normal,0.23422491466138623
2020-11-17 00:10:00,10.17,84.9,995.78,2.01,0.0,0,Normal,0.23679006622936355
2020-11-17 00:20:00,10.18,84.9,995.83,1.36,0.0,0,Normal,0.23804912613484103
2020-11-17 00:30:00,10.15,85.0,995.84,1.2,0.0,0,Normal,0.23693506033434042
2020-11-17 00:40:00,10.11,85.1,995.89,1.86,0.0,0,Normal,0.23663529579388176
2020-11-17 00:50:00,10.0,85.6,995.88,1.77,0.0,0,Normal,0.23493753795733024
2020-11-17 01:00:00,9.96,85.6,995.95,1.75,0.0,0,Normal,0.2345462428498133
2020-11-17 01:10:00,9.89,85.7,995.87,2.0,0.0,0,Normal,0.23365846236525933
2020-11-17 01:20:00,9.62,86.7,995.96,2.35,0.0,0,Normal,0.22585453694682955
2020-11-17 01:30:00,9.59,86.4,995.98,2.13,0.0,0,Normal,0.2306378988952157
2020-11-17 01:40:00,9.41,87.4,996.03,2.02,0.0,0,Normal,0.22824806861483843
2020-11-17 01:50:00,9.44,87.4,996.05,3.05,0.0,0,Normal,0.20779687449692136
2020-11-17 02:00:00,9.65,86.7,996.19,3.18,0.0,0,Normal,0.20422594959377666
2020-11-17 02:10:00,9.72,86.6,996.16,3.09,0.0,0,Normal,0.20732043705236824
2020-11-17 02:20:00,9.73,86.7,996.24,2.6,0.0,0,Normal,0.22063033840659402
2020-11-17 02:30:00,9.67,87.1,996.3,1.73,0.0,0,Normal,0.22751231221502732
2020-11-17 02:40:00,9.71,86.7,996.49,1.58,0.0,0,Normal,0.23064535799827868
2020-11-17 02:50:00,9.82,86.1,996.55,0.88,0.0,0,Normal,0.230436049877142
2020-11-17 03:00:00,9.8,85.6,996.59,0.57,0.0,0,Normal,0.22547198499854598
2020-11-17 03:10:00,9.87,83.4,996.52,0.61,0.0,0,Normal,0.22997643929088812
2020-11-17 03:20:00,9.85,81.9,996.43,0.66,0.0,0,Normal,0.23006847858592416
2020-11-17 03:30:00,9.69,80.6,996.79,0.71,0.0,0,Normal,0.22950807372061577
2020-11-17 03:40:00,9.58,79.41,996.83,0.79,0.0,0,Normal,0.23138371407857578
2020-11-17 03:50:00,9.37,80.2,996.82,0.76,0.0,0,Normal,0.23207521813376225
2020-11-17 04:00:00,9.18,80.7,996.73,1.16,0.0,0,Normal,0.23543403413531622
2020-11-17 04:10:00,9.0,81.5,996.9,0.48,0.0,0,Normal,0.22430513432581134
2020-11-17 04:20:00,8.99,81.9,996.9,1.36,0.0,0,Normal,0.23501266061899762
2020-11-17 04:30:00,8.77,83.1,996.86,2.27,0.0,0,Normal,0.23253561927863653
2020-11-17 04:40:00,8.69,83.4,996.84,2.67,0.0,0,Normal,0.226173183689438
2020-11-17 04:50:00,8.54,83.5,996.92,2.69,0.0,0,Normal,0.2252392198589792
2020-11-17 05:00:00,8.44,83.8,996.88,2.85,0.0,0,Normal,0.22228969967861
2020-11-17 05:10:00,8.29,83.2,996.95,2.68,0.0,0,Normal,0.22531152159268464
2020-11-17 05:20:00,8.31,81.2,997.08,2.54,0.0,0,Normal,0.22560549648311334
2020-11-17 05:30:00,8.47,78.48,997.18,2.04,0.0,0,Normal,0.23212966905493948
2020-11-17 05:40:00,8.59,77.47,997.27,1.53,0.0,0,Normal,0.23523713495641635
2020-11-17 05:50:00,8.65,76.77,997.42,1.46,0.0,0,Normal,0.23382291526092402
2020-11-17 06:00:00,8.77,75.74,997.52,1.38,0.0,0,Normal,0.23539580349054773
2020-11-17 06:10:00,8.79,75.84,997.55,1.75,0.0,0,Normal,0.2324199644316558
2020-11-17 06:20:00,8.73,76.13,997.53,2.42,0.0,0,Normal,0.2269946672682434
2020-11-17 06:30:00,8.78,76.26,997.53,2.91,0.0,0,Normal,0.21727719264440454
2020-11-17 06:40:00,8.93,75.79,997.47,2.84,0.0,0,Normal,0.2198546990675474
2020-11-17 06:50:00,8.96,76.9,997.51,3.21,0.0,0,Normal,0.20775088089590021
2020-11-17 07:00:00,8.97,77.86,997.49,3.31,0.0,0,Normal,0.2030478920122769
2020-11-17 07:10:00,8.94,78.86,997.59,3.39,0.0,0,Normal,0.20197035993481782
2020-11-17 07:20:00,8.97,79.57,997.64,3.46,0.0,0,Normal,0.19903976181314276
2020-11-17 07:30:00,9.07,79.74,997.81,3.76,0.0,0,Normal,0.18953101385379428
2020-11-17 07:40:00,9.13,80.2,997.89,3.92,0.0,0,Normal,0.18392851534447863
2020-11-17 07:50:00,9.18,80.5,997.85,3.6,0.0,0,Normal,0.19095076617792384
2020-11-17 08:00:00,9.24,80.8,997.87,2.7,0.0,0,Normal,0.21775479782466112
2020-11-17 08:10:00,9.3,81.1,998.01,2.41,0.0,0,Normal,0.22133213173879956
2020-11-17 08:20:00,9.42,80.9,998.21,2.23,0.0,0,Normal,0.22249603014148156
2020-11-17 08:30:00,9.55,80.6,998.33,1.75,0.0,0,Normal,0.22599809986308617
2020-11-17 08:40:00,9.61,80.4,998.44,1.79,0.0,0,Normal,0.22707953493398292
2020-11-17 08:50:00,9.67,80.3,998.53,2.27,0.0,0,Normal,0.22186394002490645
2020-11-17 09:00:00,9.75,80.4,998.6,2.42,0.0,0,Normal,0.21922748210913268
2020-11-17 09:10:00,9.84,80.1,998.73,3.59,0.0,0,Normal,0.18491203770871295
2020-11-17 09:20:00,9.83,80.3,998.71,3.53,0.0,0,Normal,0.18748234242963807
2020-11-17 09:30:00,9.88,80.2,998.74,3.88,0.0,0,Normal,0.17810696826612166
2020-11-17 09:40:00,9.96,79.72,998.75,4.15,0.0,0,Normal,0.17257188635672138
2020-11-17 09:50:00,10.07,79.47,998.8,3.85,0.0,0,Normal,0.18080525393586427
2020-11-17 10:00:00,10.19,79.09,998.83,4.39,0.0,0,Normal,0.17420512957354417
2020-11-17 10:10:00,10.29,78.9,998.8,4.63,0.0,0,Normal,0.1704205536239189
2020-11-17 10:20:00,10.37,78.55,998.77,4.72,0.0,0,Normal,0.1674235525960837
2020-11-17 10:30:00,10.42,78.51,998.88,5.73,0.0,0,Normal,0.13831544351807407
2020-11-17 10:40:00,10.44,78.76,999.0,5.3,0.0,0,Normal,0.14513427769869214
2020-11-17 10:50:00,10.46,79.13,998.98,5.42,0.0,0,Normal,0.14213724644033277
2020-11-17 11:00:00,10.45,79.38,998.88,6.38,0.0,0,Normal,0.11244279036869465
2020-11-17 11:10:00,10.37,79.74,998.83,7.71,0.0,0,Normal,0.08129639251861243
2020-11-17 11:20:00,10.37,79.52,998.78,8.08,0.0,0,Normal,0.07766562626499951
2020-11-17 11:30:00,10.38,79.17,998.82,7.83,0.0,0,Normal,0.07917307071807311
2020-11-17 11:40:00,10.39,79.1,998.85,6.59,0.0,0,Normal,0.11137025765408293
2020-11-17 11:50:00,10.41,78.85,998.87,6.36,0.0,0,Normal,0.12010062332470417
2020-11-17 12:00:00,10.48,78.61,998.92,5.39,0.0,0,Normal,0.14415280085055587
2020-11-17 12:10:00,10.51,78.51,998.88,5.97,0.0,0,Normal,0.1324817002108606
2020-11-17 12:20:00,10.55,78.43,998.81,6.72,0.0,0,Normal,0.10747399395695467
2020-11-17 12:30:00,10.61,78.31,998.74,6.7,0.0,0,Normal,0.10824983602963789
2020-11-17 12:40:00,10.67,78.23,998.78,7.02,0.0,0,Normal,0.0962491331562203
2020-11-17 12:50:00,10.66,78.85,998.83,5.7,0.0,0,Normal,0.13805272026842197
2020-11-17 13:00:00,10.71,79.19,998.83,5.67,0.0,0,Normal,0.1358642327214507
2020-11-17 13:10:00,10.71,79.88,998.94,5.38,0.0,0,Normal,0.13980994866782415
2020-11-17 13:20:00,10.62,81.1,998.92,6.01,0.0,0,Normal,0.1220196913152074
2020-11-17 13:30:00,10.59,81.4,998.9,5.81,0.0,0,Normal,0.12549929930948478
2020-11-17 13:40:00,10.71,80.5,998.92,6.09,0.0,0,Normal,0.12135427514923935
2020-11-17 13:50:00,10.74,80.5,998.88,6.59,0.0,0,Normal,0.10653654399214707
2020-11-17 14:00:00,10.76,80.4,998.81,6.75,0.0,0,Normal,0.10311624890934334
2020-11-17 14:10:00,10.79,80.1,998.79,6.66,0.0,0,Normal,0.10385636521133179
2020-11-17 14:20:00,10.85,79.63,998.77,6.39,0.0,0,Normal,0.1127335832025046
2020-11-17 14:30:00,10.94,79.09,998.81,6.01,0.0,0,Normal,0.12918026892950546
2020-11-17 14:40:00,10.98,78.75,998.71,6.39,0.0,0,Normal,0.11620246406472134
2020-11-17 14:50:00,11.02,78.68,998.77,5.44,0.0,0,Normal,0.1414334058566699
2020-11-17 15:00:00,11.06,78.41,998.83,5.43,0.0,0,Normal,0.1404586764777428
2020-11-17 15:10:00,11.1,78.44,998.9,5.53,0.0,0,Normal,0.13927899303022567
2020-11-17 15:20:00,11.15,78.39,998.97,5.12,0.0,0,Normal,0.14652443893823558
2020-11-17 15:30:00,11.14,78.72,999.04,4.69,0.0,0,Normal,0.16391955808910047
2020-11-17 15:40:00,11.08,79.35,999.18,5.22,0.0,0,Normal,0.1393999177143631
2020-11-17 15:50:00,11.03,79.88,999.16,5.21,0.0,0,Normal,0.14340698054305073
2020-11-17 16:00:00,10.96,80.4,999.15,5.16,0.0,0,Normal,0.14461995515605625
2020-11-17 16:10:00,10.88,80.9,999.23,4.81,0.0,0,Normal,0.1557833820208951
2020-11-17 16:20:00,10.81,81.3,999.37,2.94,0.0,0,Normal,0.2019173319562667
2020-11-17 16:30:00,10.74,81.7,999.45,3.55,0.0,0,Normal,0.18190136237417848
2020-11-17 16:40:00,10.7,81.8,999.47,2.8,0.0,0,Normal,0.20529936858420172
2020-11-17 16:50:00,10.66,82.0,999.5,1.45,0.0,0,Normal,0.22111588457075804
2020-11-17 17:00:00,10.61,82.1,999.48,2.01,0.0,0,Normal,0.21762873159297758
2020-11-17 17:10:00,10.6,82.0,999.43,3.01,0.0,0,Normal,0.19759767879140355
2020-11-17 17:20:00,10.62,81.8,999.59,2.74,0.0,0,Normal,0.20894742317490034
2020-11-17 17:30:00,10.55,82.2,999.75,3.04,0.0,0,Normal,0.1967537965339048
2020-11-17 17:40:00,10.56,82.1,999.81,2.75,0.0,0,Normal,0.21006946716337616
2020-11-17 17:50:00,10.56,82.2,999.81,3.02,0.0,0,Normal,0.19735149254642637
2020-11-17 18:00:00,10.57,82.2,999.85,2.49,0.0,0,Normal,0.2116371805245988
2020-11-17 18:10:00,10.59,82.1,999.83,2.78,0.0,0,Normal,0.20751455611106467
2020-11-17 18:20:00,10.63,81.9,999.85,2.4,0.0,0,Normal,0.21147583072378834
2020-11-17 18:30:00,10.59,82.3,999.92,1.86,0.0,0,Normal,0.21708991925463716
2020-11-17 18:40:00,10.61,82.2,999.88,2.8,0.0,0,Normal,0.20492631655559906
2020-11-17 18:50:00,10.58,82.4,1000.0,1.79,0.0,0,Normal,0.2174937997598927
2020-11-17 19:00:00,10.55,82.6,1000.15,0.72,0.0,0,Normal,0.21378470703181868
2020-11-17 19:10:00,10.56,82.7,1000.14,1.27,0.0,0,Normal,0.21864055038767055
2020-11-17 19:20:00,10.59,82.6,1000.17,1.4,0.0,0,Normal,0.2170664554631836
2020-11-17 19:30:00,10.64,82.3,1000.15,2.13,0.0,0,Normal,0.21461262555811988
2020-11-17 19:40:00,10.66,82.2,1000.16,2.69,0.0,0,Normal,0.20622034021489566
2020-11-17 19:50:00,10.61,82.7,1000.31,1.14,0.0,0,Normal,0.21517438302432812
2020-11-17 20:00:00,10.57,82.9,1000.39,1.57,0.0,0,Normal,0.2174390061916957
2020-11-17 20:10:00,10.62,82.6,1000.53,1.79,0.0,0,Normal,0.21407423399691744
2020-11-17 20:20:00,10.65,82.4,1000.58,1.59,0.0,0,Normal,0.21488895829305643
2020-11-17 20:30:00,10.71,82.1,1000.58,1.66,0.0,0,Normal,0.21554814385133736
2020-11-17 20:40:00,10.7,82.1,1000.57,1.19,0.0,0,Normal,0.21345736125389958
2020-11-17 20:50:00,10.72,82.1,1000.52,1.65,0.0,0,Normal,0.21554814385133736
2020-11-17 21:00:00,10.69,82.3,1000.54,1.98,0.0,0,Normal,0.21276990094013187
2020-11-17 21:10:00,10.67,82.4,1000.63,1.63,0.0,0,Normal,0.2138888687732639
2020-11-17 21:20:00,10.67,82.5,1000.74,1.64,0.0,0,Normal,0.21220276669356058
2020-11-17 21:30:00,10.67,82.6,1000.78,1.09,0.0,0,Normal,0.21345409247510566
2020-11-17 21:40:00,10.7,82.4,1000.88,1.15,0.0,0,Normal,0.21118514792682114
2020-11-17 21:50:00,10.73,82.2,1000.88,1.11,0.0,0,Normal,0.2121588899151453
2020-11-17 22:00:00,10.7,82.4,1000.95,0.76,0.0,0,Normal,0.20773788208714616
2020-11-17 22:10:00,10.68,82.6,1000.96,1.02,0.0,0,Normal,0.2106950462956888
2020-11-17 22:20:00,10.57,83.7,1000.95,1.49,0.0,0,Normal,0.21224125815324235
2020-11-17 22:30:00,10.45,84.6,1000.92,1.72,0.0,0,Normal,0.20912303594363962
2020-11-17 22:40:00,10.51,84.1,1000.89,2.06,0.0,0,Normal,0.20711261370118306
2020-11-17 22:50:00,10.51,83.8,1001.0,1.64,0.0,0,Normal,0.21066172951321832
2020-11-17 23:00:00,10.49,84.0,1000.99,1.3,0.0,0,Normal,0.20941550682800192
2020-11-17 23:10:00,10.41,84.6,1001.02,1.37,0.0,0,Normal,0.20777717633951454
2020-11-17 23:20:00,10.37,84.6,1001.07,1.52,0.0,0,Normal,0.2064784765973855
2020-11-17 23:30:00,10.4,84.4,1001.12,1.55,0.0,0,Normal,0.20625544220044595
2020-11-17 23:40:00,10.35,84.8,1001.19,1.51,0.0,0,Normal,0.2049228577861253
2020-11-17 23:50:00,10.37,84.4,1001.17,1.32,0.0,0,Normal,0.20498077561230282
2020-11-18 00:00:00,10.41,84.2,1001.18,1.36,0.0,0,Normal,0.20454574083731875
2020-11-18 00:10:00,10.35,84.5,1001.14,1.37,0.0,0,Normal,0.20623014748525037
2020-11-18 00:20:00,10.32,84.8,1001.05,1.68,0.0,0,Normal,0.20796069981391313
2020-11-18 00:30:00,10.24,85.3,1001.02,1.28,0.0,0,Normal,0.20623051430746125
2020-11-18 00:40:00,10.23,85.3,1001.09,1.09,0.0,0,Normal,0.20650581312567073
2020-11-18 00:50:00,10.3,84.9,1001.07,1.29,0.0,0,Normal,0.205510383170251
2020-11-18 01:00:00,10.25,85.4,1001.1,1.11,0.0,0,Normal,0.2054630927740505
2020-11-18 01:10:00,10.24,85.5,1001.13,1.44,0.0,0,Normal,0.2063095324703294
2020-11-18 01:20:00,10.28,85.4,1001.11,1.74,0.0,0,Normal,0.2052440284803737
2020-11-18 01:30:00,10.19,86.1,1001.08,1.43,0.0,0,Normal,0.20468404475261198
2020-11-18 01:40:00,10.1,86.6,1001.01,1.55,0.0,0,Normal,0.20496257695434317
2020-11-18 01:50:00,10.16,86.3,1000.99,1.87,0.0,0,Normal,0.20619672176059772
2020-11-18 02:00:00,10.11,86.7,1001.05,1.41,0.0,0,Normal,0.20541703621881413
2020-11-18 02:10:00,10.09,86.7,1001.01,1.49,0.0,0,Normal,0.2052387154248141
2020-11-18 02:20:00,10.09,86.8,1000.93,1.66,0.0,0,Normal,0.20519120458614104
2020-11-18 02:30:00,10.09,86.6,1000.84,1.96,0.0,0,Normal,0.20466990362692228
2020-11-18 02:40:00,10.05,87.0,1000.84,1.64,0.0,0,Normal,0.20468256418469133
2020-11-18 02:50:00,10.02,87.1,1000.85,1.26,0.0,0,Normal,0.20440661428519302
2020-11-18 03:00:00,10.0,87.1,1000.84,1.24,0.0,0,Normal,0.20334887285079467
2020-11-18 03:10:00,10.04,86.7,1000.84,1.15,0.0,0,Normal,0.20604936254380762
2020-11-18 03:20:00,10.02,86.8,1000.82,1.63,0.0,0,Normal,0.20562735634289991
2020-11-18 03:30:00,10.01,86.7,1000.83,1.04,0.0,0,Normal,0.2054894561537784
2020-11-18 03:40:00,10.06,86.1,1000.72,1.37,0.0,0,Normal,0.20791300277240005
2020-11-18 03:50:00,10.06,85.9,1000.67,1.33,0.0,0,Normal,0.2089390676587855
2020-11-18 04:00:00,9.99,86.5,1000.82,0.84,0.0,0,Normal,0.205312061346956
2020-11-18 04:10:00,9.98,86.4,1000.85,0.83,0.0,0,Normal,0.20558814585967733
2020-11-18 04:20:00,9.94,86.7,1000.88,0.34,0.0,0,Normal,0.1807797705513769
2020-11-18 04:30:00,9.95,86.3,1000.86,0.84,0.0,0,Normal,0.20467427049747083
2020-11-18 04:40:00,9.84,86.6,1000.9,1.16,0.0,0,Normal,0.2042249431561617
2020-11-18 04:50:00,9.87,85.8,1000.86,1.03,0.0,0,Normal,0.20632853466209544
2020-11-18 05:00:00,9.78,86.7,1000.83,0.62,0.0,0,Normal,0.19792425555054993
2020-11-18 05:10:00,9.75,87.0,1000.85,0.35,0.0,0,Normal,0.18066851912834714
2020-11-18 05:20:00,9.79,86.1,1000.93,0.44,0.0,0,Normal,0.1918337987128046
2020-11-18 05:30:00,9.89,86.1,1000.92,0.32,0.0,0,Normal,0.18250288119694313
2020-11-18 05:40:00,9.74,86.2,1000.83,0.97,0.0,0,Normal,0.2060084731940331
2020-11-18 05:50:00,9.66,86.2,1000.81,0.91,0.0,0,Normal,0.2052665535653302
2020-11-18 06:00:00,9.71,85.1,1000.77,1.02,0.0,0,Normal,0.20660252555007524
2020-11-18 06:10:00,9.87,83.3,1000.7,1.27,0.0,0,Normal,0.2149356395672644
2020-11-18 06:20:00,9.93,82.6,1000.68,1.48,0.0,0,Normal,0.2135508637838172
2020-11-18 06:30:00,9.99,82.3,1000.67,1.57,0.0,0,Normal,0.21430095159764934
2020-11-18 06:40:00,9.99,82.4,1000.62,1.4,0.0,0,Normal,0.21492880758826932
2020-11-18 06:50:00,9.95,82.7,1000.6,1.47,0.0,0,Normal,0.21421197020670996
2020-11-18 07:00:00,9.9,83.2,1000.61,1.39,0.0,0,Normal,0.21444847643733728
2020-11-18 07:10:00,9.89,83.0,1000.63,1.37,0.0,0,Normal,0.21449003885320522
2020-11-18 07:20:00,9.93,83.2,1000.71,1.37,0.0,0,Normal,0.21359836771472224
2020-11-18 07:30:00,9.85,84.2,1000.68,1.32,0.0,0,Normal,0.211162224699822
2020-11-18 07:40:00,9.82,84.9,1000.62,1.44,0.0,0,Normal,0.21084171785286948
2020-11-18 07:50:00,9.79,85.4,1000.61,1.99,0.0,0,Normal,0.20637458035986067
2020-11-18 08:00:00,9.72,86.5,1000.71,2.78,0.0,0,Normal,0.1908521940027877
2020-11-18 08:10:00,9.72,87.2,1000.74,2.29,0.0,0,Normal,0.1979044980865678
2020-11-18 08:20:00,9.68,87.9,1000.7,2.48,0.0,0,Normal,0.19606216588533443
2020-11-18 08:30:00,9.69,88.2,1000.66,2.18,0.0,0,Normal,0.1979111182506143
2020-11-18 08:40:00,9.79,88.0,1000.66,2.4,0.0,0,Normal,0.19523619988896557
2020-11-18 08:50:00,9.84,87.9,1000.68,1.73,0.0,0,Normal,0.20269611843815555
2020-11-18 09:00:00,9.92,87.5,1000.63,1.96,0.0,0,Normal,0.20106278894690593
2020-11-18 09:10:00,9.99,87.2,1000.53,2.0,0.0,0,Normal,0.2028822150649497
2020-11-18 09:20:00,10.0,87.0,1000.45,2.99,0.0,0,Normal,0.18425751869556212
2020-11-18 09:30:00,10.04,86.9,1000.4,2.54,0.0,0,Normal,0.19791508617048975
2020-11-18 09:40:00,10.1,86.6,1000.34,2.1,0.0,0,Normal,0.2068895492434974
2020-11-18 09:50:00,10.11,86.5,1000.29,2.18,0.0,0,Normal,0.20556856785278382
2020-11-18 10:00:00,10.25,85.7,1000.28,2.61,0.0,0,Normal,0.2026886795483252
2020-11-18 10:10:00,10.31,85.4,1000.25,2.57,0.0,0,Normal,0.20126474867092714
2020-11-18 10:20:00,10.42,84.8,1000.21,2.73,0.0,0,Normal,0.20192353418013576
2020-11-18 10:30:00,10.52,84.3,1000.16,2.54,0.0,0,Normal,0.2043003843838453
2020-11-18 10:40:00,10.64,83.6,1000.17,2.76,0.0,0,Normal,0.20495744435760938
2020-11-18 10:50:00,10.69,83.0,1000.06,2.97,0.0,0,Normal,0.19882726962011593
2020-11-18 11:00:00,10.75,82.2,999.91,3.76,0.0,0,Normal,0.17514199176832268
2020-11-18 11:10:00,10.82,81.7,999.8,3.55,0.0,0,Normal,0.18129729586346655
2020-11-18 11:20:00,10.96,81.0,999.74,3.68,0.0,0,Normal,0.17930928098944737
2020-11-18 11:30:00,10.99,80.7,999.58,3.42,0.0,0,Normal,0.18732363588775536
2020-11-18 11:40:00,11.07,79.83,999.43,4.38,0.0,0,Normal,0.16668686631912705
2020-11-18 11:50:00,11.32,78.67,999.33,2.98,0.0,0,Normal,0.20337814196948573
2020-11-18 12:00:00,11.81,76.45,999.22,2.85,0.0,0,Normal,0.207486162778584
2020-11-18 12:10:00,12.19,73.97,999.1,3.87,0.0,0,Normal,0.18298629022804153
2020-11-18 12:20:00,12.21,73.19,998.98,4.02,0.0,0,Normal,0.18002106747664837
2020-11-18 12:30:00,12.47,71.6,998.79,4.08,0.0,0,Normal,0.17930229542648984
2020-11-18 12:40:00,12.56,70.68,998.6,3.97,0.0,0,Normal,0.1819062142675284
2020-11-18 12:50:00,12.76,69.84,998.49,3.1,0.0,0,Normal,0.20525875418156092
2020-11-18 13:00:00,12.8,69.49,998.31,4.13,0.0,0,Normal,0.17975625918500637
2020-11-18 13:10:00,12.78,69.34,998.17,4.33,0.0,0,Normal,0.1783517657552791
2020-11-18 13:20:00,12.85,69.04,998.03,4.33,0.0,0,Normal,0.1828838397976587
2020-11-18 13:30:00,12.92,68.57,997.89,4.2,0.0,0,Normal,0.1845515561688607
2020-11-18 13:40:00,12.96,68.27,997.74,4.75,0.0,0,Normal,0.174064296674538
2020-11-18 13:50:00,13.11,67.4,997.61,4.66,0.0,0,Normal,0.17740166656162698
2020-11-18 14:00:00,13.41,66.25,997.44,3.6,0.0,0,Normal,0.20064060228119424
2020-11-18 14:10:00,13.8,64.22,997.31,4.21,0.0,0,Normal,0.18887922524708678
2020-11-18 14:20:00,13.89,63.46,997.24,4.0,0.0,0,Normal,0.18874150598938855
2020-11-18 14:30:00,14.23,62.09,997.19,3.49,0.0,0,Normal,0.20582714159780535
2020-11-18 14:40:00,14.24,61.69,997.19,3.75,0.0,0,Normal,0.1998984776211365
2020-11-18 14:50:00,14.09,61.51,997.12,4.1,0.0,0,Normal,0.19335026118486026
2020-11-18 15:00:00,14.03,61.22,997.05,4.01,0.0,0,Normal,0.19251823861714462
2020-11-18 15:10:00,14.17,60.82,996.93,2.9,0.0,0,Normal,0.22303946051721618
2020-11-18 15:20:00,14.06,61.97,996.84,2.66,0.0,0,Normal,0.22428688162959892
2020-11-18 15:30:00,13.57,62.5,996.79,3.39,0.0,0,Normal,0.21065531137043253
2020-11-18 15:40:00,13.22,62.39,996.75,3.38,0.0,0,Normal,0.21116786659645054
2020-11-18 15:50:00,12.93,63.0,996.68,2.98,0.0,0,Normal,0.22107091350279967
2020-11-18 16:00:00,12.46,64.47,996.59,2.75,0.0,0,Normal,0.22908864731181516
2020-11-18 16:10:00,12.2,64.98,996.48,3.01,0.0,0,Normal,0.22599020215173898
2020-11-18 16:20:00,12.09,65.2,996.43,2.74,0.0,0,Normal,0.23280267554439132
2020-11-18 16:30:00,12.05,65.12,996.35,2.71,0.0,0,Normal,0.23294502887679702
2020-11-18 16:40:00,12.03,65.23,996.29,2.46,0.0,0,Normal,0.23472106220282885
2020-11-18 16:50:00,11.87,65.78,996.31,2.51,0.0,0,Normal,0.2335002996715212
2020-11-18 17:00:00,11.79,66.06,996.29,2.72,0.0,0,Normal,0.23080652851510025
2020-11-18 17:10:00,11.48,67.65,996.25,3.64,0.0,0,Normal,0.21069104759818919
2020-11-18 17:20:00,11.02,69.84,996.16,4.36,0.0,0,Normal,0.1939700628253479
2020-11-18 17:30:00,10.8,70.78,996.11,3.81,0.0,0,Normal,0.20423648602997663
2020-11-18 17:40:00,10.89,70.5,996.1,2.73,0.0,0,Normal,0.233459320116435
2020-11-18 17:50:00,10.96,70.15,996.06,2.53,0.0,0,Normal,0.23199009318077374
2020-11-18 18:00:00,10.95,70.34,995.97,1.52,0.0,0,Normal,0.24131616632399433
2020-11-18 18:10:00,10.53,72.45,995.87,1.53,0.0,0,Normal,0.24418652997607093
2020-11-18 18:20:00,10.19,73.87,995.78,0.95,0.0,0,Normal,0.2412672458672232
2020-11-18 18:30:00,10.12,73.83,995.77,0.86,0.0,0,Normal,0.240469169154994
2020-11-18 18:40:00,10.02,74.53,995.68,1.07,0.0,0,Normal,0.24014034982567162
2020-11-18 18:50:00,9.59,76.12,995.65,0.76,0.0,0,Normal,0.23451324565920334
2020-11-18 19:00:00,9.69,74.44,995.61,2.47,0.0,0,Normal,0.2325330367490696
2020-11-18 19:10:00,9.46,76.08,995.54,2.43,0.0,0,Normal,0.23381755587810005
2020-11-18 19:20:00,9.38,75.93,995.4,1.56,0.0,0,Normal,0.24132379758145128
2020-11-18 19:30:00,9.51,73.9,995.25,1.55,0.0,0,Normal,0.24212955567931488
2020-11-18 19:40:00,9.26,75.79,995.12,2.33,0.0,0,Normal,0.23759209448613178
2020-11-18 19:50:00,8.93,78.22,995.06,2.31,0.0,0,Normal,0.23801933392990843
2020-11-18 20:00:00,8.89,78.39,994.97,2.27,0.0,0,Normal,0.23771175552593238
2020-11-18 20:10:00,8.79,78.88,994.85,1.77,0.0,0,Normal,0.2387827301855634
2020-11-18 20:20:00,8.86,78.16,994.7,1.77,0.0,0,Normal,0.23884423343002137
2020-11-18 20:30:00,8.96,77.4,994.55,1.64,0.0,0,Normal,0.241123471308114
2020-11-18 20:40:00,8.91,77.45,994.45,1.22,0.0,0,Normal,0.2402270049621948
2020-11-18 20:50:00,8.8,77.73,994.27,1.26,0.0,0,Normal,0.24207481178196527
2020-11-18 21:00:00,8.58,78.42,994.2,1.29,0.0,0,Normal,0.24158377386619662
2020-11-18 21:10:00,8.49,78.13,994.14,2.32,0.0,0,Normal,0.23771063230323158
2020-11-18 21:20:00,8.32,78.8,994.0,4.21,0.0,0,Normal,0.1989089935892867
2020-11-18 21:30:00,8.16,79.38,993.89,4.34,0.0,0,Normal,0.1925822383937093
2020-11-18 21:40:00,8.26,78.64,993.75,3.81,0.0,0,Normal,0.20789490615343742
2020-11-18 21:50:00,8.09,79.49,993.62,3.35,0.0,0,Normal,0.21474196694702335
2020-11-18 22:00:00,8.22,78.71,993.53,3.48,0.0,0,Normal,0.21479850626380925
2020-11-18 22:10:00,8.12,79.1,993.54,2.93,0.0,0,Normal,0.2272268024586278
2020-11-18 22:20:00,8.17,78.3,993.49,2.72,0.0,0,Normal,0.23390360097240298
2020-11-18 22:30:00,8.77,74.75,993.47,3.1,0.0,0,Normal,0.22804148117523843
2020-11-18 22:40:00,9.2,72.39,993.5,2.15,0.0,0,Normal,0.24342813167656013
2020-11-18 22:50:00,9.18,72.43,993.49,1.48,0.0,0,Normal,0.246116140716387
2020-11-18 23:00:00,9.1,72.59,993.37,2.18,0.0,0,Normal,0.24368094184091377
2020-11-18 23:10:00,9.08,72.62,993.16,3.44,0.0,0,Normal,0.22336790618770752
2020-11-18 23:20:00,8.62,74.68,992.99,4.26,0.0,0,Normal,0.20662767149659772
2020-11-18 23:30:00,8.19,76.58,992.87,3.98,0.0,0,Normal,0.21087993998898485
2020-11-18 23:40:00,8.03,77.27,992.71,3.28,0.0,0,Normal,0.22406979952425582
2020-11-18 23:50:00,8.29,75.78,992.62,2.48,0.0,0,Normal,0.23909569200645153
2020-11-19 00:00:00,8.38,75.5,992.66,2.28,0.0,0,Normal,0.24290006969070893
2020-11-19 00:10:00,8.12,76.89,992.56,2.8,0.0,0,Normal,0.23578733491140336
2020-11-19 00:20:00,8.12,76.84,992.59,3.36,0.0,0,Normal,0.2227613049319666
2020-11-19 00:30:00,8.05,77.08,992.48,3.7,0.0,0,Normal,0.21733843217082988
2020-11-19 00:40:00,8.06,76.9,992.47,3.07,0.0,0,Normal,0.2289544394670464
2020-11-19 00:50:00,8.0,77.39,992.24,2.88,0.0,0,Normal,0.23293500286276897
2020-11-19 01:00:00,7.91,78.14,992.22,2.03,0.0,0,Normal,0.24252007607516507
2020-11-19 01:10:00,7.94,78.34,992.25,1.92,0.0,0,Normal,0.24322551141088122
2020-11-19 01:20:00,7.87,78.83,992.02,3.43,0.0,0,Normal,0.21908323827326642
2020-11-19 01:30:00,7.78,79.37,991.88,3.97,0.0,0,Normal,0.20421971889211316
2020-11-19 01:40:00,7.7,80.0,991.85,3.29,0.0,0,Normal,0.2219910367998832
2020-11-19 01:50:00,7.42,81.4,991.59,3.4,0.0,0,Normal,0.22112763803267077
2020-11-19 02:00:00,7.39,82.1,991.54,2.53,0.0,0,Normal,0.23365872549494832
2020-11-19 02:10:00,7.52,81.7,991.42,2.28,0.0,0,Normal,0.23862179505909809
2020-11-19 02:20:00,7.62,81.3,991.39,1.74,0.0,0,Normal,0.2409416986819497
2020-11-19 02:30:00,7.84,81.5,991.33,0.95,0.0,0,Normal,0.24012625496391576
2020-11-19 02:40:00,8.14,80.3,991.24,1.08,0.0,0,Normal,0.2429761650384002
2020-11-19 02:50:00,8.25,80.0,991.06,1.33,0.0,0,Normal,0.24449428162619236
2020-11-19 03:00:00,8.0,80.8,990.89,1.25,0.0,0,Normal,0.24452768815498138
2020-11-19 03:10:00,7.99,81.4,990.84,0.72,0.0,0,Normal,0.23593008343943117
2020-11-19 03:20:00,8.11,80.5,990.78,1.08,0.0,0,Normal,0.24124222185716493
2020-11-19 03:30:00,8.23,80.2,990.88,0.64,0.0,0,Normal,0.23618083613514745
2020-11-19 03:40:00,8.34,79.81,990.83,0.83,0.0,0,Normal,0.23859350322669043
2020-11-19 03:50:00,8.21,80.4,990.66,1.29,0.0,0,Normal,0.24406114624771597
2020-11-19 04:00:00,8.15,80.6,990.54,1.28,0.0,0,Normal,0.24270965436563585
2020-11-19 04:10:00,8.24,80.1,990.31,1.92,0.0,0,Normal,0.2431961997422924
2020-11-19 04:20:00,8.07,81.1,990.18,2.65,0.0,0,Normal,0.23613587163305888
2020-11-19 04:30:00,8.14,81.0,990.2,2.03,0.0,0,Normal,0.2411917686508524
2020-11-19 04:40:00,8.26,80.5,990.11,1.97,0.0,0,Normal,0.24324109360723573
2020-11-19 04:50:00,8.29,80.4,989.8,2.7,0.0,0,Normal,0.2359751328254504
2020-11-19 05:00:00,8.15,81.2,989.75,1.6,0.0,0,Normal,0.24212180063226935
2020-11-19 05:10:00,8.29,80.4,989.79,1.91,0.0,0,Normal,0.2438291630883907
2020-11-19 05:20:00,8.48,79.26,989.82,2.19,0.0,0,Normal,0.23921453540015875
2020-11-19 05:30:00,8.58,78.53,989.67,3.1,0.0,0,Normal,0.22752131774352702
2020-11-19 05:40:00,9.11,76.13,989.72,1.96,0.0,0,Normal,0.24553378996179714
2020-11-19 05:50:00,8.23,81.1,989.74,0.97,0.0,0,Normal,0.23997270170057522
2020-11-19 06:00:00,8.32,80.8,989.68,1.7,0.0,0,Normal,0.2407414872356059
2020-11-19 06:10:00,9.21,76.63,989.77,1.68,0.0,0,Normal,0.2450289375927165
2020-11-19 06:20:00,10.08,73.16,989.77,1.87,0.0,0,Normal,0.24954382349873205
2020-11-19 06:30:00,9.91,74.21,989.73,1.96,0.0,0,Normal,0.24734489407712107
2020-11-19 06:40:00,10.77,70.91,989.74,4.69,0.0,0,Normal,0.20349236308373392
2020-11-19 06:50:00,11.14,70.87,989.78,4.94,0.0,0,Normal,0.19394880501012413
2020-11-19 07:00:00,11.18,70.84,989.85,5.86,0.0,0,Normal,0.17182751251277983
2020-11-19 07:10:00,11.23,71.12,990.02,5.82,0.0,0,Normal,0.17182751251277983
2020-11-19 07:20:00,11.33,71.03,990.04,6.88,0.0,0,Normal,0.14115174774126066
2020-11-19 07:30:00,11.36,71.1,989.97,6.2,0.0,0,Normal,0.1660109204264424
2020-11-19 07:40:00,11.26,71.84,990.12,5.3,0.0,0,Normal,0.18637123161382835
2020-11-19 07:50:00,11.22,71.86,990.16,6.24,0.0,0,Normal,0.1631526928161975
2020-11-19 08:00:00,11.24,71.94,990.18,6.51,0.0,0,Normal,0.14842639130913632
2020-11-19 08:10:00,11.2,73.01,990.27,6.4,0.0,0,Normal,0.15330975569328947
2020-11-19 08:20:00,11.18,74.23,990.25,6.07,0.0,0,Normal,0.1629304703305185
2020-11-19 08:30:00,11.2,75.08,990.34,6.29,0.0,0,Normal,0.15498072386505085
2020-11-19 08:40:00,11.14,75.95,990.48,5.83,0.0,0,Normal,0.16915829347112504
2020-11-19 08:50:00,10.99,76.8,990.48,6.81,0.0,0,Normal,0.13630769134828435
2020-11-19 09:00:00,10.86,77.47,990.69,6.74,0.0,0,Normal,0.1380269573622953
2020-11-19 09:10:00,10.71,78.33,990.92,4.05,0.0,0,Normal,0.20841348092483497
2020-11-19 09:20:00,10.63,79.11,991.16,3.36,0.0,0,Normal,0.220100307086543
2020-11-19 09:30:00,10.54,79.66,991.29,4.33,0.0,0,Normal,0.1995921386293184
2020-11-19 09:40:00,10.44,80.2,991.4,4.94,0.0,0,Normal,0.1844103368619025
2020-11-19 09:50:00,10.42,80.8,991.5,2.85,0.0,0,Normal,0.2318219976676934
2020-11-19 10:00:00,10.44,81.0,991.61,1.93,0.0,0,Normal,0.24357919765640257
2020-11-19 10:10:00,10.46,81.1,991.62,2.51,0.0,0,Normal,0.23698605841342546
2020-11-19 10:20:00,10.2,84.7,991.73,3.79,0.0,0,Normal,0.20429590478331938
2020-11-19 10:30:00,9.64,90.0,991.88,2.96,0.1,0,Normal,0.12824103064099052
2020-11-19 10:40:00,9.32,88.7,991.97,4.08,0.1,0,Normal,0.11132313241247216
2020-11-19 10:50:00,9.06,87.2,992.03,4.07,0.0,0,Normal,0.19107392912353444
2020-11-19 11:00:00,8.9,87.7,992.06,2.41,0.0,0,Normal,0.231280595628726
2020-11-19 11:10:00,8.86,88.5,992.03,2.13,0.0,0,Normal,0.23196266230423068
2020-11-19 11:20:00,8.91,89.0,992.02,1.95,0.0,0,Normal,0.2332040040446824
2020-11-19 11:30:00,9.1,87.6,991.89,1.57,0.0,0,Normal,0.23776554766243418
2020-11-19 11:40:00,9.43,80.0,991.91,2.01,0.0,0,Normal,0.2422421820845299
2020-11-19 11:50:00,9.35,75.39,991.96,3.53,0.0,0,Normal,0.220356873495496
2020-11-19 12:00:00,9.25,73.27,991.93,2.5,0.0,0,Normal,0.24293239547376377
2020-11-19 12:10:00,9.23,71.94,991.99,2.97,0.0,0,Normal,0.2332175063045746
2020-11-19 12:20:00,9.27,71.58,991.88,2.43,0.0,0,Normal,0.24191153355039463
2020-11-19 12:30:00,9.31,70.62,991.95,2.57,0.0,0,Normal,0.23983699203368808
2020-11-19 12:40:00,9.47,69.71,991.98,2.87,0.0,0,Normal,0.23698390632722638
2020-11-19 12:50:00,10.04,68.26,992.22,2.41,0.0,0,Normal,0.242549139593832
2020-11-19 13:00:00,10.37,65.69,992.55,2.81,0.0,0,Normal,0.23881698961745057
2020-11-19 13:10:00,9.6,65.62,992.66,3.62,0.0,0,Normal,0.21937346951838865
2020-11-19 13:20:00,9.17,65.21,992.6,3.51,0.0,0,Normal,0.22286799856628203
2020-11-19 13:30:00,9.21,65.44,992.63,2.97,0.0,0,Normal,0.2333065848612788
2020-11-19 13:40:00,9.25,65.51,992.66,4.4,0.0,0,Normal,0.20466071884324177
2020-11-19 13:50:00,9.3,65.76,992.59,4.04,0.0,0,Normal,0.21012237042502102
2020-11-19 14:00:00,9.27,66.2,992.55,4.08,0.0,0,Normal,0.21023045714278843
2020-11-19 14:10:00,9.47,66.04,992.55,3.39,0.0,0,Normal,0.2262179167557687
2020-11-19 14:20:00,10.03,64.41,992.54,4.23,0.0,0,Normal,0.21153865270462113
2020-11-19 14:30:00,10.14,64.49,992.62,3.57,0.0,0,Normal,0.22268700233829397
2020-11-19 14:40:00,9.95,65.12,992.85,2.39,0.0,0,Normal,0.24010587368769848
2020-11-19 14:50:00,9.77,66.13,992.83,2.2,0.0,0,Normal,0.24041604507366438
2020-11-19 15:00:00,9.79,65.91,992.88,2.08,0.0,0,Normal,0.241591073854386
2020-11-19 15:10:00,9.77,66.09,993.01,1.87,0.0,0,Normal,0.2400218633751537
2020-11-19 15:20:00,9.71,66.65,993.09,2.07,0.0,0,Normal,0.24035531619151634
2020-11-19 15:30:00,9.62,67.29,993.23,2.25,0.0,0,Normal,0.23843354983941634
2020-11-19 15:40:00,9.56,67.47,993.25,3.01,0.0,0,Normal,0.23010730166904503
2020-11-19 15:50:00,9.51,67.97,993.33,2.61,0.0,0,Normal,0.23649026370628573
2020-11-19 16:00:00,9.5,68.18,993.36,2.59,0.0,0,Normal,0.23635731586095943
2020-11-19 16:10:00,9.46,67.95,993.49,3.02,0.0,0,Normal,0.2297507761274834
2020-11-19 16:20:00,9.29,68.59,993.59,1.6,0.0,0,Normal,0.24380017695624384
2020-11-19 16:30:00,9.13,69.32,993.67,1.27,0.0,0,Normal,0.24273625388261666
2020-11-19 16:40:00,8.96,70.52,993.81,0.82,0.0,0,Normal,0.24229448997905767
2020-11-19 16:50:00,8.82,70.43,993.92,1.2,0.0,0,Normal,0.24257272989446382
2020-11-19 17:00:00,8.64,71.4,994.03,1.72,0.0,0,Normal,0.24390778020370946
2020-11-19 17:10:00,8.4,72.81,994.09,2.12,0.0,0,Normal,0.24287789061211812
2020-11-19 17:20:00,8.18,74.4,994.32,0.78,0.0,0,Normal,0.23749758028839957
2020-11-19 17:30:00,8.01,75.44,994.57,1.15,0.0,0,Normal,0.24223724134980668
2020-11-19 17:40:00,8.06,75.68,994.65,1.26,0.0,0,Normal,0.242613731511792
2020-11-19 17:50:00,8.01,76.19,994.82,1.05,0.0,0,Normal,0.24036463143539621
2020-11-19 18:00:00,7.99,76.6,995.03,0.84,0.0,0,Normal,0.23919349613335578
2020-11-19 18:10:00,8.02,77.11,995.19,1.38,0.0,0,Normal,0.24342795032351405
2020-11-19 18:20:00,8.07,77.43,995.31,1.7,0.0,0,Normal,0.24190724778883999
2020-11-19 18:30:00,8.15,77.35,995.39,1.64,0.0,0,Normal,0.24137917738378212
2020-11-19 18:40:00,8.25,77.35,995.62,0.67,0.0,0,Normal,0.23368014540651683
2020-11-19 18:50:00,8.33,78.71,995.82,2.11,0.0,0,Normal,0.23855630608558792
2020-11-19 19:00:00,8.13,81.6,996.03,1.17,0.0,0,Normal,0.2377323304565892
2020-11-19 19:10:00,8.14,81.4,996.22,1.08,0.0,0,Normal,0.23807695391733985
2020-11-19 19:20:00,8.26,80.6,996.35,1.16,0.0,0,Normal,0.23720652206027948
2020-11-19 19:30:00,8.33,80.7,996.45,1.15,0.0,0,Normal,0.2368209306218928
2020-11-19 19:40:00,8.37,80.9,996.7,2.0,0.0,0,Normal,0.23659348252327111
2020-11-19 19:50:00,8.15,84.7,997.11,1.46,0.2,0,Normal,0.09907172518011098
2020-11-19 20:00:00,7.58,89.6,997.47,1.61,0.6,1,Anomaly,-0.007604652788277599
2020-11-19 20:10:00,6.74,91.8,997.64,2.51,0.4,0,Normal,0.02104349465612676
2020-11-19 20:20:00,6.38,94.4,997.82,1.93,0.2,0,Normal,0.0756305441242291
2020-11-19 20:30:00,6.24,94.3,998.0,1.58,0.1,0,Normal,0.12098076547177605
2020-11-19 20:40:00,5.9,93.9,998.31,0.87,0.0,0,Normal,0.20209970968646723
2020-11-19 20:50:00,5.71,93.0,998.48,0.87,0.0,0,Normal,0.20075521925734574
2020-11-19 21:00:00,5.63,93.8,998.73,1.0,0.1,0,Normal,0.1174987180790581
2020-11-19 21:10:00,5.62,94.8,998.81,1.05,0.0,0,Normal,0.19377654682936019
2020-11-19 21:20:00,5.51,96.0,998.91,1.08,0.1,0,Normal,0.11122152115811412
2020-11-19 21:30:00,5.5,95.5,998.95,0.82,0.0,0,Normal,0.19144582356968837
2020-11-19 21:40:00,5.54,95.1,998.93,1.57,0.0,0,Normal,0.18950330276036786
2020-11-19 21:50:00,5.58,94.3,998.99,1.78,0.0,0,Normal,0.19064530452028722
2020-11-19 22:00:00,5.57,93.8,999.16,1.82,0.0,0,Normal,0.19502819761340334
2020-11-19 22:10:00,5.54,92.6,999.27,2.06,0.0,0,Normal,0.19659141284652398
2020-11-19 22:20:00,5.43,91.7,999.36,2.22,0.0,0,Normal,0.1950137599810146
2020-11-19 22:30:00,5.35,90.9,999.48,2.23,0.0,0,Normal,0.19703798535996048
2020-11-19 22:40:00,5.24,90.2,999.5,2.02,0.0,0,Normal,0.2022522128263637
2020-11-19 22:50:00,5.11,89.6,999.57,2.22,0.0,0,Normal,0.20105554063722963
2020-11-19 23:00:00,4.94,89.4,999.76,2.26,0.0,0,Normal,0.20023378788723728
2020-11-19 23:10:00,4.81,89.0,999.95,2.1,0.0,0,Normal,0.2026377483023411
2020-11-19 23:20:00,4.63,89.7,1000.1,1.7,0.0,0,Normal,0.20110467661375608
2020-11-19 23:30:00,4.51,89.6,1000.31,1.53,0.0,0,Normal,0.1980797177800413
2020-11-19 23:40:00,4.43,89.2,1000.56,1.55,0.0,0,Normal,0.19770491172361004
2020-11-19 23:50:00,4.37,89.2,1000.76,1.57,0.0,0,Normal,0.19576432676491684
2020-11-20 00:00:00,4.31,88.9,1000.9,2.19,0.0,0,Normal,0.19162913016207145
2020-11-20 00:10:00,4.31,88.0,1000.98,2.42,0.0,0,Normal,0.194278875292338
2020-11-20 00:20:00,4.21,88.9,1001.11,2.26,0.0,0,Normal,0.1891342959479868
2020-11-20 00:30:00,4.1,89.2,1001.16,2.17,0.0,0,Normal,0.19012967539072456
2020-11-20 00:40:00,4.01,88.7,1001.16,2.22,0.0,0,Normal,0.18920113432056335
2020-11-20 00:50:00,3.98,88.0,1001.26,1.92,0.0,0,Normal,0.1946452802151375
2020-11-20 01:00:00,3.81,88.9,1001.31,2.28,0.0,0,Normal,0.18581221483550986
2020-11-20 01:10:00,3.75,89.6,1001.34,2.47,0.0,0,Normal,0.1836239785660182
2020-11-20 01:20:00,3.81,89.3,1001.44,2.47,0.0,0,Normal,0.18370719072937486
2020-11-20 01:30:00,3.82,89.0,1001.54,2.65,0.0,0,Normal,0.1808792133890451
2020-11-20 01:40:00,3.75,89.6,1001.66,2.55,0.0,0,Normal,0.17895197294604853
2020-11-20 01:50:00,3.63,90.2,1001.83,2.28,0.0,0,Normal,0.18094116162748297
2020-11-20 02:00:00,3.51,90.5,1001.94,2.6,0.0,0,Normal,0.1717001621028229
2020-11-20 02:10:00,3.39,91.2,1001.94,2.22,0.0,0,Normal,0.17304101122825838
2020-11-20 02:20:00,3.28,91.4,1002.05,2.33,0.0,0,Normal,0.1726668881994542
2020-11-20 02:30:00,3.28,91.1,1002.06,2.34,0.0,0,Normal,0.17399180202539716
2020-11-20 02:40:00,3.24,91.0,1002.08,2.31,0.0,0,Normal,0.17393172773079218
2020-11-20 02:50:00,3.2,91.0,1002.11,2.27,0.0,0,Normal,0.1741513994402234
2020-11-20 03:00:00,3.12,90.8,1002.24,1.53,0.0,0,Normal,0.17853279856549475
2020-11-20 03:10:00,3.02,90.9,1002.38,1.14,0.0,0,Normal,0.1812045556547801
2020-11-20 03:20:00,2.86,91.7,1002.25,2.14,0.0,0,Normal,0.1726544389540291
2020-11-20 03:30:00,2.74,92.3,1002.2,2.01,0.0,0,Normal,0.17418328198330235
2020-11-20 03:40:00,2.64,92.5,1002.21,2.39,0.0,0,Normal,0.16994786719360866
2020-11-20 03:50:00,2.7,92.1,1002.33,2.58,0.0,0,Normal,0.1659267963796216
2020-11-20 04:00:00,2.72,91.8,1002.41,2.26,0.0,0,Normal,0.17025328773581588
2020-11-20 04:10:00,2.71,91.7,1002.47,2.48,0.0,0,Normal,0.16936718335773232
2020-11-20 04:20:00,2.69,91.5,1002.56,2.5,0.0,0,Normal,0.1695548826263919
2020-11-20 04:30:00,2.59,91.7,1002.74,2.63,0.0,0,Normal,0.1614418582881048
2020-11-20 04:40:00,2.45,92.4,1002.75,3.23,0.0,0,Normal,0.14055190562819908
2020-11-20 04:50:00,2.44,92.3,1002.79,3.21,0.0,0,Normal,0.1417780443539403
2020-11-20 05:00:00,2.41,92.3,1002.85,3.43,0.0,0,Normal,0.1315157923467133
2020-11-20 05:10:00,2.35,92.5,1002.89,3.32,0.0,0,Normal,0.13595449240698182
2020-11-20 05:20:00,2.33,92.2,1002.84,3.28,0.0,0,Normal,0.13725449294205333
2020-11-20 05:30:00,2.34,91.9,1002.74,3.31,0.0,0,Normal,0.13628423048200206
2020-11-20 05:40:00,2.33,91.7,1002.78,3.47,0.0,0,Normal,0.13062993886455654
2020-11-20 05:50:00,2.37,91.2,1002.91,3.49,0.0,0,Normal,0.1316821905991567
2020-11-20 06:00:00,2.34,91.1,1002.95,3.54,0.0,0,Normal,0.1300501321795453
2020-11-20 06:10:00,2.25,91.4,1002.99,3.06,0.0,0,Normal,0.1438138616949769
2020-11-20 06:20:00,2.17,91.4,1003.11,2.39,0.0,0,Normal,0.16182882814424965
2020-11-20 06:30:00,2.09,91.5,1003.29,2.08,0.0,0,Normal,0.16221686995079437
2020-11-20 06:40:00,2.03,91.7,1003.36,2.19,0.0,0,Normal,0.15823365627428848
2020-11-20 06:50:00,2.05,91.6,1003.49,2.49,0.0,0,Normal,0.15828719797244967
2020-11-20 07:00:00,2.03,91.7,1003.71,2.13,0.0,0,Normal,0.15868184341890446
2020-11-20 07:10:00,1.97,91.5,1003.78,1.84,0.0,0,Normal,0.16108963362310325
2020-11-20 07:20:00,1.9,91.8,1003.86,2.02,0.0,0,Normal,0.1579706294910843
2020-11-20 07:30:00,1.79,92.2,1003.92,2.05,0.0,0,Normal,0.1532844731804257
2020-11-20 07:40:00,1.9,92.1,1004.05,1.83,0.0,0,Normal,0.1578897405456236
2020-11-20 07:50:00,2.03,91.9,1004.19,1.47,0.0,0,Normal,0.15981926671038144
2020-11-20 08:00:00,2.05,92.1,1004.32,1.19,0.0,0,Normal,0.16084588038942044
2020-11-20 08:10:00,2.07,92.0,1004.48,1.82,0.0,0,Normal,0.15626329450501947
2020-11-20 08:20:00,2.24,91.1,1004.56,1.95,0.0,0,Normal,0.1596240098052339
2020-11-20 08:30:00,2.33,91.2,1004.69,1.39,0.0,0,Normal,0.16503605311522157
2020-11-20 08:40:00,2.3,91.5,1004.81,0.71,0.0,0,Normal,0.1568132761045946
2020-11-20 08:50:00,2.42,91.5,1004.84,0.72,0.0,0,Normal,0.1563857873265615
2020-11-20 09:00:00,2.57,90.6,1004.9,0.85,0.0,0,Normal,0.1666397171730445
2020-11-20 09:10:00,2.98,88.2,1005.0,1.38,0.0,0,Normal,0.17714373168612207
2020-11-20 09:20:00,3.14,87.7,1005.04,1.01,0.0,0,Normal,0.17253073788007467
2020-11-20 09:30:00,3.14,87.9,1005.02,1.02,0.0,0,Normal,0.1735151296614294
2020-11-20 09:40:00,3.5,86.6,1005.06,1.36,0.0,0,Normal,0.17822015859753043
2020-11-20 09:50:00,3.95,84.7,1005.06,0.88,0.0,0,Normal,0.17741586570075163
2020-11-20 10:00:00,4.17,84.7,1005.2,0.96,0.0,0,Normal,0.17555490067317686
2020-11-20 10:10:00,4.67,81.5,1005.27,1.52,0.0,0,Normal,0.18162321898714762
2020-11-20 10:20:00,4.91,81.1,1005.26,1.53,0.0,0,Normal,0.17881937688523852
2020-11-20 10:30:00,4.84,79.62,1005.35,1.59,0.0,0,Normal,0.18137285626692368
2020-11-20 10:40:00,4.81,80.0,1005.38,1.51,0.0,0,Normal,0.18193013404265657
2020-11-20 10:50:00,4.8,79.56,1005.47,2.45,0.0,0,Normal,0.1770481331762691
2020-11-20 11:00:00,4.68,80.0,1005.55,1.75,0.0,0,Normal,0.1832812751287991
2020-11-20 11:10:00,4.76,80.1,1005.63,1.82,0.0,0,Normal,0.1830044811438568
2020-11-20 11:20:00,4.9,79.72,1005.74,2.39,0.0,0,Normal,0.17409701791686072
2020-11-20 11:30:00,4.79,80.1,1005.72,2.1,0.0,0,Normal,0.18111489507264167
2020-11-20 11:40:00,4.96,80.0,1005.68,1.54,0.0,0,Normal,0.1808636294036885
2020-11-20 11:50:00,5.09,78.76,1005.87,2.73,0.0,0,Normal,0.16470468638932434
2020-11-20 12:00:00,4.96,79.65,1005.86,2.46,0.0,0,Normal,0.17239275983577673
2020-11-20 12:10:00,5.41,77.92,1005.83,2.23,0.0,0,Normal,0.1786672625950364
2020-11-20 12:20:00,5.23,79.77,1005.84,1.89,0.0,0,Normal,0.17813871164887013
2020-11-20 12:30:00,4.95,82.6,1005.76,1.84,0.0,0,Normal,0.17671606884920704
2020-11-20 12:40:00,5.08,81.2,1005.81,1.57,0.0,0,Normal,0.17681820696017297
2020-11-20 12:50:00,5.04,82.7,1005.88,2.41,0.0,0,Normal,0.16941111193722158
2020-11-20 13:00:00,5.18,83.1,1005.77,2.25,0.0,0,Normal,0.1741233106807547
2020-11-20 13:10:00,5.59,81.0,1005.72,1.59,0.0,0,Normal,0.17901396601587638
2020-11-20 13:20:00,5.99,77.15,1005.7,2.77,0.0,0,Normal,0.16499299690928693
2020-11-20 13:30:00,5.33,81.9,1005.75,2.43,0.0,0,Normal,0.17063311432741857
2020-11-20 13:40:00,4.83,87.3,1005.87,1.46,0.0,0,Normal,0.1699162265179891
2020-11-20 13:50:00,4.9,88.1,1005.89,1.29,0.0,0,Normal,0.1703140050856093
2020-11-20 14:00:00,5.03,86.3,1005.85,2.13,0.0,0,Normal,0.16874401486067558
2020-11-20 14:10:00,4.99,85.9,1005.8,2.14,0.1,0,Normal,0.09164046994522534
2020-11-20 14:20:00,4.78,87.8,1005.79,1.75,0.0,0,Normal,0.1688329012192254
2020-11-20 14:30:00,4.58,90.3,1005.82,1.9,0.0,0,Normal,0.16344177305870006
2020-11-20 14:40:00,4.58,91.2,1005.8,2.25,0.1,0,Normal,0.08481030311703686
2020-11-20 14:50:00,4.49,91.8,1005.68,2.06,0.0,0,Normal,0.15744802643042777
2020-11-20 15:00:00,4.41,91.8,1005.67,1.8,0.1,0,Normal,0.09005129114741484
2020-11-20 15:10:00,4.56,91.0,1005.67,2.06,0.0,0,Normal,0.15882438399901672
2020-11-20 15:20:00,4.97,88.1,1005.74,1.57,0.0,0,Normal,0.16709424784667248
2020-11-20 15:30:00,5.0,87.2,1005.74,1.38,0.0,0,Normal,0.1725443356967601
2020-11-20 15:40:00,5.04,85.7,1005.89,1.74,0.0,0,Normal,0.17502329089576052
2020-11-20 15:50:00,4.76,85.9,1005.96,2.2,0.0,0,Normal,0.16991233211292828
2020-11-20 16:00:00,4.47,87.6,1005.89,2.21,0.0,0,Normal,0.16489801555633993
2020-11-20 16:10:00,4.22,88.8,1005.95,1.81,0.0,0,Normal,0.16399600267139014
2020-11-20 16:20:00,4.07,90.0,1006.06,2.0,0.0,0,Normal,0.1639278870679487
2020-11-20 16:30:00,4.04,90.9,1006.27,1.52,0.0,0,Normal,0.16181710135454763
2020-11-20 16:40:00,3.93,91.5,1006.36,2.25,0.0,0,Normal,0.15330843133212502
2020-11-20 16:50:00,3.8,92.3,1006.49,2.46,0.0,0,Normal,0.1492216482780776
2020-11-20 17:00:00,3.84,91.4,1006.77,2.12,0.0,0,Normal,0.152060742649145
2020-11-20 17:10:00,3.86,90.8,1006.99,2.05,0.0,0,Normal,0.15544231595296576
2020-11-20 17:20:00,3.88,90.9,1007.03,2.34,0.0,0,Normal,0.14924462129933014
2020-11-20 17:30:00,4.02,90.3,1007.17,2.38,0.0,0,Normal,0.14930755252927463
2020-11-20 17:40:00,4.09,90.0,1007.33,2.14,0.0,0,Normal,0.15238943264456223
2020-11-20 17:50:00,4.13,89.6,1007.44,1.77,0.0,0,Normal,0.15146560353537925
2020-11-20 18:00:00,4.1,89.9,1007.53,1.53,0.0,0,Normal,0.15208415954253246
2020-11-20 18:10:00,4.07,90.2,1007.63,1.66,0.0,0,Normal,0.15137661426934174
2020-11-20 18:20:00,3.97,90.9,1007.83,1.68,0.0,0,Normal,0.14997253498606306
2020-11-20 18:30:00,4.01,90.9,1007.92,1.78,0.0,0,Normal,0.14828427300386182
2020-11-20 18:40:00,3.96,91.6,1007.99,1.89,0.0,0,Normal,0.14664268197920266
2020-11-20 18:50:00,3.93,91.9,1007.93,1.95,0.0,0,Normal,0.1461284323985066
2020-11-20 19:00:00,3.82,92.2,1007.98,2.58,0.0,0,Normal,0.13467041783888933
2020-11-20 19:10:00,3.76,92.3,1007.98,3.02,0.0,0,Normal,0.12434288073094923
2020-11-20 19:20:00,3.68,92.5,1008.06,2.6,0.0,0,Normal,0.13207888617294206
2020-11-20 19:30:00,3.5,93.1,1008.01,2.22,0.0,0,Normal,0.13527925298927518
2020-11-20 19:40:00,3.29,93.9,1008.0,1.73,0.0,0,Normal,0.1410933062408204
2020-11-20 19:50:00,3.13,94.9,1008.01,1.35,0.0,0,Normal,0.14038924737107844
2020-11-20 20:00:00,3.04,95.1,1007.96,0.54,0.0,0,Normal,0.1315797032193039
2020-11-20 20:10:00,3.08,94.1,1007.96,0.6,0.0,0,Normal,0.13766286521619214
2020-11-20 20:20:00,2.81,94.6,1007.95,1.74,0.0,0,Normal,0.13764756065693495
2020-11-20 20:30:00,2.61,94.9,1008.01,1.8,0.0,0,Normal,0.13382449441252697
2020-11-20 20:40:00,2.15,96.5,1008.02,1.4,0.0,0,Normal,0.1277836733987081
2020-11-20 20:50:00,1.95,97.9,1008.06,0.97,0.0,0,Normal,0.11872788811466128
2020-11-20 21:00:00,1.93,98.0,1008.17,0.44,0.0,0,Normal,0.10722076753573073
2020-11-20 21:10:00,1.7,97.5,1008.17,1.14,0.0,0,Normal,0.1172068934183127
2020-11-20 21:20:00,1.31,99.0,1008.11,1.65,0.0,0,Normal,0.11076515089667449
2020-11-20 21:30:00,1.36,98.5,1008.21,1.21,0.0,0,Normal,0.11616168908002111
2020-11-20 21:40:00,1.17,99.2,1008.34,0.96,0.0,0,Normal,0.10938088979625415
2020-11-20 21:50:00,1.18,99.7,1008.4,0.8,0.0,0,Normal,0.10684824174783003
2020-11-20 22:00:00,1.1,100.0,1008.54,0.84,0.0,0,Normal,0.10550559635948198
2020-11-20 22:10:00,1.05,100.0,1008.56,1.13,0.0,0,Normal,0.10376553053070248
2020-11-20 22:20:00,1.01,100.0,1008.52,0.89,0.0,0,Normal,0.1030650441175277
2020-11-20 22:30:00,0.87,100.0,1008.47,0.99,0.0,0,Normal,0.10455965525695365
2020-11-20 22:40:00,0.58,100.0,1008.53,0.92,0.0,0,Normal,0.10093608892278416
2020-11-20 22:50:00,0.32,100.0,1008.52,0.92,0.0,0,Normal,0.10056126520226283
2020-11-20 23:00:00,0.28,100.0,1008.51,0.55,0.0,0,Normal,0.09391998653209022
2020-11-20 23:10:00,0.06,100.0,1008.58,0.86,0.0,0,Normal,0.0996658660363211
2020-11-20 23:20:00,-0.04,100.0,1008.78,1.25,0.0,0,Normal,0.09975330072399502
2020-11-20 23:30:00,-0.03,100.0,1008.82,1.05,0.0,0,Normal,0.09806816349161507
2020-11-20 23:40:00,-0.02,100.0,1008.86,0.37,0.0,0,Normal,0.07759826193141395
2020-11-20 23:50:00,-0.14,100.0,1008.77,0.25,0.0,0,Normal,0.072937491285051
2020-11-21 00:00:00,-0.22,100.0,1008.77,0.53,0.0,0,Normal,0.08797188630658426
2020-11-21 00:10:00,-0.57,100.0,1008.9,0.78,0.0,0,Normal,0.09201758116565106
2020-11-21 00:20:00,-0.24,100.0,1008.95,0.83,0.0,0,Normal,0.09650843815891785
2020-11-21 00:30:00,-0.2,100.0,1008.86,1.14,0.0,0,Normal,0.09712005494086706
2020-11-21 00:40:00,-0.32,100.0,1008.81,0.69,0.0,0,Normal,0.09272169569165345
2020-11-21 00:50:00,-0.79,100.0,1008.92,1.09,0.0,0,Normal,0.09348871791411462
2020-11-21 01:00:00,-1.1,100.0,1009.08,1.03,0.0,0,Normal,0.09209076130215499
2020-11-21 01:10:00,-1.27,100.0,1009.03,1.12,0.0,0,Normal,0.09198977775457295
2020-11-21 01:20:00,-1.48,100.0,1009.1,1.1,0.0,0,Normal,0.09012225187586231
2020-11-21 01:30:00,-1.63,100.0,1009.11,2.36,0.0,0,Normal,0.07896525329227577
2020-11-21 01:40:00,-1.54,100.0,1008.89,1.5,0.0,0,Normal,0.09010557853149614
2020-11-21 01:50:00,-1.51,100.0,1008.81,1.65,0.0,0,Normal,0.08782872392051755
2020-11-21 02:00:00,-1.64,100.0,1008.71,1.49,0.0,0,Normal,0.09019667272676668
2020-11-21 02:10:00,-1.82,100.0,1008.63,1.73,0.0,0,Normal,0.08737105076557816
2020-11-21 02:20:00,-1.84,100.0,1008.58,1.57,0.0,0,Normal,0.08840910639316402
2020-11-21 02:30:00,-1.76,100.0,1008.67,1.6,0.0,0,Normal,0.08901098851210343
2020-11-21 02:40:00,-1.75,100.0,1008.71,1.4,0.0,0,Normal,0.09219504929499622
2020-11-21 02:50:00,-1.79,100.0,1008.7,1.22,0.0,0,Normal,0.0910275708917444
2020-11-21 03:00:00,-1.97,100.0,1008.71,1.5,0.0,0,Normal,0.08880871868583673
2020-11-21 03:10:00,-2.1,100.0,1008.74,1.2,0.0,0,Normal,0.08909038863571617
2020-11-21 03:20:00,-2.25,100.0,1008.74,0.95,0.0,0,Normal,0.0884766078721726
2020-11-21 03:30:00,-2.23,100.0,1008.66,0.84,0.0,0,Normal,0.08933701330792376
2020-11-21 03:40:00,-2.34,100.0,1008.71,1.18,0.0,0,Normal,0.08821840113009038
2020-11-21 03:50:00,-2.41,100.0,1008.74,1.65,0.0,0,Normal,0.08201131403977369
2020-11-21 04:00:00,-2.46,100.0,1008.63,2.13,0.0,0,Normal,0.07491101120727417
2020-11-21 04:10:00,-2.44,100.0,1008.59,1.62,0.0,0,Normal,0.08324432226139555
2020-11-21 04:20:00,-2.32,100.0,1008.45,1.43,0.0,0,Normal,0.08997160044139674
2020-11-21 04:30:00,-2.47,100.0,1008.29,1.91,0.0,0,Normal,0.08414402081455874
2020-11-21 04:40:00,-2.55,100.0,1008.14,1.96,0.0,0,Normal,0.08288493049492018
2020-11-21 04:50:00,-2.59,100.0,1007.98,1.79,0.0,0,Normal,0.08490070163850749
2020-11-21 05:00:00,-2.55,100.0,1007.79,1.7,0.0,0,Normal,0.08792222977209374
2020-11-21 05:10:00,-2.49,100.0,1007.72,1.38,0.0,0,Normal,0.09451827653094702
2020-11-21 05:20:00,-2.64,100.0,1007.65,1.72,0.0,0,Normal,0.08713831699411156
2020-11-21 05:30:00,-2.6,100.0,1007.6,1.08,0.0,0,Normal,0.09271741807431255
2020-11-21 05:40:00,-2.64,100.0,1007.61,1.45,0.0,0,Normal,0.09326657012517181
2020-11-21 05:50:00,-2.79,100.0,1007.54,1.73,0.0,0,Normal,0.08784867971038224
2020-11-21 06:00:00,-2.76,100.0,1007.4,1.89,0.0,0,Normal,0.08809157684312152
2020-11-21 06:10:00,-2.65,100.0,1007.37,1.6,0.0,0,Normal,0.09364337881863416
2020-11-21 06:20:00,-2.65,100.0,1007.43,1.36,0.0,0,Normal,0.09696279131746421
2020-11-21 06:30:00,-2.54,100.0,1007.48,1.0,0.0,0,Normal,0.09390567332056221
2020-11-21 06:40:00,-2.51,100.0,1007.48,1.14,0.0,0,Normal,0.09444135518901109
2020-11-21 06:50:00,-2.61,100.0,1007.68,0.89,0.0,0,Normal,0.09333771758205445
2020-11-21 07:00:00,-2.73,100.0,1007.69,1.18,0.0,0,Normal,0.09306520550039943
2020-11-21 07:10:00,-2.87,100.0,1007.56,0.68,0.0,0,Normal,0.08840955914120463
2020-11-21 07:20:00,-2.85,100.0,1007.63,0.55,0.0,0,Normal,0.08414585293782872
2020-11-21 07:30:00,-2.74,100.0,1007.73,0.33,0.0,0,Normal,0.06913051377969248
2020-11-21 07:40:00,-2.47,100.0,1007.75,0.75,0.0,0,Normal,0.08943947870039559
2020-11-21 07:50:00,-2.26,100.0,1007.81,1.18,0.0,0,Normal,0.09582991504459948
2020-11-21 08:00:00,-2.08,100.0,1007.95,1.06,0.0,0,Normal,0.09619369900126473
2020-11-21 08:10:00,-1.85,100.0,1007.97,1.47,0.0,0,Normal,0.09574010466931993
2020-11-21 08:20:00,-1.78,100.0,1007.93,1.61,0.0,0,Normal,0.0945710191016379
2020-11-21 08:30:00,-1.71,100.0,1007.82,1.38,0.0,0,Normal,0.1002574687267953
2020-11-21 08:40:00,-1.45,100.0,1007.67,1.39,0.0,0,Normal,0.10162298034821882
2020-11-21 08:50:00,-1.49,100.0,1007.42,1.47,0.0,0,Normal,0.10128411285625838
2020-11-21 09:00:00,-1.36,100.0,1007.27,1.55,0.0,0,Normal,0.10119184608127851
2020-11-21 09:10:00,-1.11,100.0,1007.22,1.48,0.0,0,Normal,0.10439069975993476
2020-11-21 09:20:00,-0.95,100.0,1007.08,1.61,0.0,0,Normal,0.10188777090563872
2020-11-21 09:30:00,-0.85,100.0,1006.91,1.62,0.0,0,Normal,0.10329234281178445
2020-11-21 09:40:00,-0.61,100.0,1006.89,1.31,0.0,0,Normal,0.11012239909182897
2020-11-21 09:50:00,-0.39,100.0,1006.87,0.88,0.0,0,Normal,0.10840774305746759
2020-11-21 10:00:00,-0.26,100.0,1006.84,1.4,0.0,0,Normal,0.1124693006905918
2020-11-21 10:10:00,-0.2,100.0,1006.7,1.69,0.0,0,Normal,0.10768448048487922
2020-11-21 10:20:00,0.04,100.0,1006.62,2.22,0.0,0,Normal,0.09915189479958908
2020-11-21 10:30:00,0.57,100.0,1006.56,1.51,0.0,0,Normal,0.11169871735158465
2020-11-21 10:40:00,1.08,100.0,1006.51,1.55,0.0,0,Normal,0.11343988306307418
2020-11-21 10:50:00,1.89,100.0,1006.36,1.48,0.0,0,Normal,0.12415103034342395
2020-11-21 11:00:00,2.47,99.6,1006.28,2.44,0.0,0,Normal,0.12476702472249668
2020-11-21 11:10:00,2.87,93.4,1006.27,3.25,0.0,0,Normal,0.12442491422200969
2020-11-21 11:20:00,3.27,87.2,1006.3,2.48,0.0,0,Normal,0.16059872824131682
2020-11-21 11:30:00,3.87,81.4,1006.21,2.78,0.0,0,Normal,0.16012461010584628
2020-11-21 11:40:00,4.23,76.83,1006.01,2.86,0.0,0,Normal,0.159421594059451
2020-11-21 11:50:00,4.67,70.19,1005.81,3.47,0.0,0,Normal,0.14615991850029758
2020-11-21 12:00:00,4.78,66.18,1005.73,4.65,0.0,0,Normal,0.12249579266472721
2020-11-21 12:10:00,4.88,65.68,1005.73,4.4,0.0,0,Normal,0.12673250029766353
2020-11-21 12:20:00,5.18,64.57,1005.56,4.0,0.0,0,Normal,0.1347727250350198
2020-11-21 12:30:00,5.27,63.24,1005.48,4.13,0.0,0,Normal,0.1319444400651425
2020-11-21 12:40:00,5.19,62.5,1005.49,4.48,0.0,0,Normal,0.1266235052754715
2020-11-21 12:50:00,5.16,61.83,1005.15,5.29,0.0,0,Normal,0.10182298837283577
2020-11-21 13:00:00,5.12,62.22,1005.0,4.45,0.0,0,Normal,0.13179225023371438
2020-11-21 13:10:00,5.12,62.22,1004.94,4.23,0.0,0,Normal,0.13437992126544523
2020-11-21 13:20:00,5.18,60.98,1004.87,5.08,0.0,0,Normal,0.10776911836619285
2020-11-21 13:30:00,5.29,60.41,1004.88,4.55,0.0,0,Normal,0.12531927055117376
2020-11-21 13:40:00,5.39,59.45,1004.9,5.0,0.0,0,Normal,0.10890537634344466
2020-11-21 13:50:00,5.39,58.23,1004.94,5.19,0.0,0,Normal,0.10171655117916623
2020-11-21 14:00:00,5.53,57.68,1004.79,5.18,0.0,0,Normal,0.10292740804956324
2020-11-21 14:10:00,5.61,56.43,1004.62,5.19,0.0,0,Normal,0.10057257458902513
2020-11-21 14:20:00,5.83,54.42,1004.36,5.62,0.0,0,Normal,0.09624770538472849
2020-11-21 14:30:00,5.78,53.86,1004.2,6.29,0.0,0,Normal,0.08230551243650608
2020-11-21 14:40:00,5.62,53.7,1004.02,6.12,0.0,0,Normal,0.08901474080099836
2020-11-21 14:50:00,5.55,53.7,1003.98,6.05,0.0,0,Normal,0.08931216077376625
2020-11-21 15:00:00,5.57,53.33,1004.2,4.9,0.0,0,Normal,0.10884463618992968
2020-11-21 15:10:00,5.59,53.61,1004.21,4.93,0.0,0,Normal,0.10766546253872034
2020-11-21 15:20:00,5.53,54.31,1004.08,3.54,0.0,0,Normal,0.14674441575420594
2020-11-21 15:30:00,5.41,54.48,1004.04,3.48,0.0,0,Normal,0.14995457520741862
2020-11-21 15:40:00,5.33,54.87,1003.98,2.78,0.0,0,Normal,0.16714719797894523
2020-11-21 15:50:00,5.3,54.72,1003.9,3.12,0.0,0,Normal,0.16249115690470706
2020-11-21 16:00:00,4.97,55.6,1003.8,3.46,0.0,0,Normal,0.15137045299761515
2020-11-21 16:10:00,4.85,56.29,1003.58,2.67,0.0,0,Normal,0.17509772406770713
2020-11-21 16:20:00,4.81,55.95,1003.48,3.52,0.0,0,Normal,0.15548279676661209
2020-11-21 16:30:00,4.73,55.5,1003.35,5.76,0.0,0,Normal,0.09385241597363847
2020-11-21 16:40:00,4.52,56.63,1003.35,4.73,0.0,0,Normal,0.1252877523933711
2020-11-21 16:50:00,4.34,57.55,1003.33,4.82,0.0,0,Normal,0.12317860357525856
2020-11-21 17:00:00,4.21,58.08,1003.36,4.09,0.0,0,Normal,0.13843844242718978
2020-11-21 17:10:00,4.08,58.62,1003.33,3.47,0.0,0,Normal,0.15408038043416117
2020-11-21 17:20:00,4.05,58.38,1003.35,4.7,0.0,0,Normal,0.12269417181208786
2020-11-21 17:30:00,3.97,58.82,1003.44,4.21,0.0,0,Normal,0.1348369047871183
2020-11-21 17:40:00,3.97,58.34,1003.24,5.87,0.0,0,Normal,0.09311158005517384
2020-11-21 17:50:00,4.06,58.2,1003.14,6.09,0.0,0,Normal,0.09478238067151301
2020-11-21 18:00:00,4.06,58.75,1003.12,4.97,0.0,0,Normal,0.11318351870413523
2020-11-21 18:10:00,4.06,58.75,1003.08,3.26,0.0,0,Normal,0.1621745479979695
2020-11-21 18:20:00,4.01,58.83,1002.98,3.93,0.0,0,Normal,0.14482582847310865
2020-11-21 18:30:00,3.99,58.83,1002.9,5.19,0.0,0,Normal,0.11085786193346425
2020-11-21 18:40:00,3.95,59.02,1002.87,5.64,0.0,0,Normal,0.10126715924486318
2020-11-21 18:50:00,3.92,59.33,1002.88,4.08,0.0,0,Normal,0.14186828082755493
2020-11-21 19:00:00,3.92,58.97,1002.83,3.09,0.0,0,Normal,0.16836246350114475
2020-11-21 19:10:00,3.92,59.5,1002.81,2.16,0.0,0,Normal,0.18549542210385578
2020-11-21 19:20:00,3.53,62.6,1002.77,2.39,0.0,0,Normal,0.18982434099044843
2020-11-21 19:30:00,3.08,64.45,1002.74,3.72,0.0,0,Normal,0.158269932388527
2020-11-21 19:40:00,2.95,65.23,1002.7,3.22,0.0,0,Normal,0.1728893948996314
2020-11-21 19:50:00,2.97,65.02,1002.66,3.42,0.0,0,Normal,0.1678403448272306
2020-11-21 20:00:00,2.96,65.2,1002.71,3.11,0.0,0,Normal,0.17715604295689724
2020-11-21 20:10:00,3.03,65.21,1002.73,2.45,0.0,0,Normal,0.19216283931756528
2020-11-21 20:20:00,3.27,63.14,1002.82,2.52,0.0,0,Normal,0.186210631232398
2020-11-21 20:30:00,3.37,63.04,1002.85,1.26,0.0,0,Normal,0.1934674700356131
2020-11-21 20:40:00,3.22,63.75,1002.81,1.94,0.0,0,Normal,0.19518355460061904
2020-11-21 20:50:00,3.23,64.51,1002.64,2.05,0.0,0,Normal,0.19583179694106123
2020-11-21 21:00:00,3.29,64.78,1002.64,1.79,0.0,0,Normal,0.1967287712735058
2020-11-21 21:10:00,3.66,63.43,1002.6,2.63,0.0,0,Normal,0.18813368933112973
2020-11-21 21:20:00,3.99,62.67,1002.69,3.36,0.0,0,Normal,0.1683069308903995
2020-11-21 21:30:00,4.09,62.63,1002.56,4.23,0.0,0,Normal,0.1475396864449222
2020-11-21 21:40:00,4.16,62.41,1002.48,4.4,0.0,0,Normal,0.14465885539938667
2020-11-21 21:50:00,4.19,62.49,1002.41,4.19,0.0,0,Normal,0.15017359954771448
2020-11-21 22:00:00,4.22,62.92,1002.43,3.81,0.0,0,Normal,0.15918868580224105
2020-11-21 22:10:00,4.2,63.31,1002.36,4.1,0.0,0,Normal,0.1513948325923582
2020-11-21 22:20:00,4.16,63.98,1002.32,3.54,0.0,0,Normal,0.16519722245621082
2020-11-21 22:30:00,4.15,64.44,1002.25,4.52,0.0,0,Normal,0.14221711793646596
2020-11-21 22:40:00,4.18,64.65,1002.2,4.18,0.0,0,Normal,0.15137125212053537
2020-11-21 22:50:00,4.17,64.95,1002.12,3.92,0.0,0,Normal,0.15890094207892058
2020-11-21 23:00:00,4.16,65.43,1002.05,3.66,0.0,0,Normal,0.16619211881807594
2020-11-21 23:10:00,4.17,65.95,1002.03,2.99,0.0,0,Normal,0.18300501197454894
2020-11-21 23:20:00,4.03,67.4,1001.98,2.18,0.0,0,Normal,0.20014317140522858
2020-11-21 23:30:00,3.75,69.28,1001.91,2.35,0.0,0,Normal,0.20159484117932824
2020-11-21 23:40:00,3.65,70.0,1001.86,2.55,0.0,0,Normal,0.1976649341919895
2020-11-21 23:50:00,3.91,68.49,1001.79,2.91,0.0,0,Normal,0.18993344409501545
2020-11-22 00:00:00,4.33,66.04,1001.6,4.48,0.0,0,Normal,0.1507041040055747
2020-11-22 00:10:00,4.55,65.52,1001.57,3.7,0.0,0,Normal,0.16945055443274454
2020-11-22 00:20:00,4.62,65.65,1001.52,3.8,0.0,0,Normal,0.17022029468961009
2020-11-22 00:30:00,4.39,67.78,1001.38,2.28,0.0,0,Normal,0.20523000825985072
2020-11-22 00:40:00,4.42,68.25,1001.27,2.68,0.0,0,Normal,0.19750731817236455
2020-11-22 00:50:00,4.49,68.82,1001.17,2.74,0.0,0,Normal,0.2014994137425834
2020-11-22 01:00:00,4.61,68.66,1001.08,3.19,0.0,0,Normal,0.19323091344151516
2020-11-22 01:10:00,4.65,68.84,1001.06,2.9,0.0,0,Normal,0.19999899588352077
2020-11-22 01:20:00,4.46,69.91,1001.0,2.58,0.0,0,Normal,0.20566218459952174
2020-11-22 01:30:00,4.04,72.04,1000.97,1.98,0.0,0,Normal,0.214988600670395
2020-11-22 01:40:00,3.89,72.97,1000.87,2.11,0.0,0,Normal,0.213372314619809
2020-11-22 01:50:00,3.87,72.88,1000.77,2.55,0.0,0,Normal,0.20794001979768884
2020-11-22 02:00:00,3.96,72.52,1000.78,2.77,0.0,0,Normal,0.20203835928501335
2020-11-22 02:10:00,4.02,72.15,1000.71,3.32,0.0,0,Normal,0.18593880316846478
2020-11-22 02:20:00,3.95,72.71,1000.73,3.08,0.0,0,Normal,0.19331949251469738
2020-11-22 02:30:00,3.91,72.91,1000.61,3.96,0.0,0,Normal,0.16999101129325694
2020-11-22 02:40:00,3.73,74.16,1000.58,3.32,0.0,0,Normal,0.18671046897422722
2020-11-22 02:50:00,3.75,74.41,1000.62,2.88,0.0,0,Normal,0.20104889574358226
2020-11-22 03:00:00,3.52,75.76,1000.61,3.64,0.0,0,Normal,0.1755688834856261
2020-11-22 03:10:00,3.31,77.29,1000.53,3.22,0.0,0,Normal,0.189071793736117
2020-11-22 03:20:00,3.33,77.64,1000.36,3.23,0.0,0,Normal,0.18969421706068051
2020-11-22 03:30:00,3.35,77.98,1000.28,2.77,0.0,0,Normal,0.20445313654896907
2020-11-22 03:40:00,3.37,78.55,1000.24,2.33,0.0,0,Normal,0.2123518637787915
2020-11-22 03:50:00,3.38,78.53,1000.18,2.12,0.0,0,Normal,0.21579217949589374
2020-11-22 04:00:00,3.42,78.56,1000.1,2.48,0.0,0,Normal,0.2129139868641679
2020-11-22 04:10:00,3.56,78.26,1000.05,2.54,0.0,0,Normal,0.2113495696792923
2020-11-22 04:20:00,3.76,77.43,1000.05,2.4,0.0,0,Normal,0.21819209838097325
2020-11-22 04:30:00,3.82,77.57,999.99,1.34,0.0,0,Normal,0.22219566587208733
2020-11-22 04:40:00,3.87,77.48,999.92,2.0,0.0,0,Normal,0.22148216725736541
2020-11-22 04:50:00,3.91,77.29,999.89,3.59,0.0,0,Normal,0.1827733127652988
2020-11-22 05:00:00,3.96,77.06,999.93,3.5,0.0,0,Normal,0.18441720783317345
2020-11-22 05:10:00,4.0,76.64,999.97,3.81,0.0,0,Normal,0.17746109151765582
2020-11-22 05:20:00,4.11,76.62,999.95,2.47,0.0,0,Normal,0.21395310788484068
2020-11-22 05:30:00,4.21,76.23,999.87,2.57,0.0,0,Normal,0.2120156255353618
2020-11-22 05:40:00,4.45,74.81,999.88,2.76,0.0,0,Normal,0.21413719570194384
2020-11-22 05:50:00,4.64,73.88,999.82,2.98,0.0,0,Normal,0.20867750349024228
2020-11-22 06:00:00,4.77,73.66,999.76,2.85,0.0,0,Normal,0.21204919335883649
2020-11-22 06:10:00,4.83,74.21,999.64,2.65,0.0,0,Normal,0.21847644943983613
2020-11-22 06:20:00,4.48,76.61,999.65,3.18,0.0,0,Normal,0.20086188531669114
2020-11-22 06:30:00,4.06,78.8,999.58,2.65,0.0,0,Normal,0.21132395481121885
2020-11-22 06:40:00,4.28,77.75,999.52,2.91,0.0,0,Normal,0.2085281732966438
2020-11-22 06:50:00,4.58,75.74,999.55,3.03,0.0,0,Normal,0.20597642123362225
2020-11-22 07:00:00,4.85,74.21,999.56,2.67,0.0,0,Normal,0.21809965509184187
2020-11-22 07:10:00,4.92,72.66,999.39,3.68,0.0,0,Normal,0.19062326237330185
2020-11-22 07:20:00,5.0,71.69,999.43,4.02,0.0,0,Normal,0.1810385521515519
2020-11-22 07:30:00,5.06,71.85,999.48,3.34,0.0,0,Normal,0.19628009096293758
2020-11-22 07:40:00,5.09,72.34,999.4,3.87,0.0,0,Normal,0.18464395018822144
2020-11-22 07:50:00,5.13,72.78,999.33,3.81,0.0,0,Normal,0.18522698272656124
2020-11-22 08:00:00,5.19,73.3,999.31,3.51,0.0,0,Normal,0.1940473987440946
2020-11-22 08:10:00,5.04,74.47,999.32,3.48,0.0,0,Normal,0.19363766971582358
2020-11-22 08:20:00,4.76,76.03,999.26,3.49,0.0,0,Normal,0.19071582767807727
2020-11-22 08:30:00,4.72,77.05,999.21,2.88,0.0,0,Normal,0.21044300027007362
2020-11-22 08:40:00,4.83,76.72,999.2,2.95,0.0,0,Normal,0.2073015307331143
2020-11-22 08:50:00,4.88,77.1,999.14,2.89,0.0,0,Normal,0.21073823511308742
2020-11-22 09:00:00,5.19,77.79,999.11,2.88,0.0,0,Normal,0.21047716646066122
2020-11-22 09:10:00,5.54,76.9,999.11,2.49,0.0,0,Normal,0.21804677933276262
2020-11-22 09:20:00,5.78,76.62,999.02,2.57,0.0,0,Normal,0.21447980099968478
2020-11-22 09:30:00,6.15,77.42,998.93,3.16,0.0,0,Normal,0.20008603036369715
2020-11-22 09:40:00,6.97,75.54,998.95,3.25,0.0,0,Normal,0.20177023908389485
2020-11-22 09:50:00,7.27,74.86,998.98,3.71,0.0,0,Normal,0.19233384098166256
2020-11-22 10:00:00,7.3,75.78,998.99,4.22,0.0,0,Normal,0.17689966712456717
2020-11-22 10:10:00,7.36,76.12,998.99,5.58,0.0,0,Normal,0.13833267723133497
2020-11-22 10:20:00,7.36,76.56,999.0,3.76,0.0,0,Normal,0.18906445633147045
2020-11-22 10:30:00,7.51,76.34,998.98,3.21,0.0,0,Normal,0.20276454530674576
2020-11-22 10:40:00,7.65,76.27,998.97,4.54,0.0,0,Normal,0.17012686542164085
2020-11-22 10:50:00,7.66,76.38,998.89,5.92,0.0,0,Normal,0.13074984185522182
2020-11-22 11:00:00,7.62,76.65,998.81,5.69,0.0,0,Normal,0.13727564627790845
2020-11-22 11:10:00,7.67,76.68,998.71,5.61,0.0,0,Normal,0.1409961130672147
2020-11-22 11:20:00,7.79,76.47,998.69,5.54,0.0,0,Normal,0.14160072907694715
2020-11-22 11:30:00,8.05,75.92,998.68,4.9,0.0,0,Normal,0.157968240725117
2020-11-22 11:40:00,8.24,75.54,998.58,5.11,0.0,0,Normal,0.15336186755205172
2020-11-22 11:50:00,8.5,75.58,998.46,4.72,0.0,0,Normal,0.16945292820106234
2020-11-22 12:00:00,8.9,74.84,998.46,3.51,0.0,0,Normal,0.19584449881424193
2020-11-22 12:10:00,9.3,73.83,998.45,2.82,0.0,0,Normal,0.21572478296348085
2020-11-22 12:20:00,9.37,74.01,998.42,3.82,0.0,0,Normal,0.18712149161075015
2020-11-22 12:30:00,9.26,74.46,998.31,4.44,0.0,0,Normal,0.1785778976140684
2020-11-22 12:40:00,9.18,74.86,998.26,4.26,0.0,0,Normal,0.18171523247759125
2020-11-22 12:50:00,9.16,74.95,998.25,3.65,0.0,0,Normal,0.19295920533671468
2020-11-22 13:00:00,9.21,74.89,998.26,2.1,0.0,0,Normal,0.22735386211100728
2020-11-22 13:10:00,9.37,74.51,998.31,2.1,0.0,0,Normal,0.2271434068148992
2020-11-22 13:20:00,9.36,75.0,998.28,2.3,0.0,0,Normal,0.22601343782091426
2020-11-22 13:30:00,9.44,74.98,998.14,2.16,0.0,0,Normal,0.22770045788187226
2020-11-22 13:40:00,9.49,74.9,998.09,1.8,0.0,0,Normal,0.23102662231405607
2020-11-22 13:50:00,9.39,75.37,998.06,2.49,0.0,0,Normal,0.224234600662081
2020-11-22 14:00:00,9.2,76.03,997.99,1.98,0.0,0,Normal,0.2301879560161934
2020-11-22 14:10:00,9.05,76.73,998.1,2.52,0.0,0,Normal,0.2229571164602454
2020-11-22 14:20:00,8.97,77.15,998.06,1.27,0.0,0,Normal,0.23264323368555295
2020-11-22 14:30:00,9.08,77.05,997.95,0.85,0.0,0,Normal,0.2301126630633492
2020-11-22 14:40:00,9.01,77.55,997.92,1.43,0.0,0,Normal,0.2329295762414479
2020-11-22 14:50:00,8.89,78.22,997.89,2.1,0.0,0,Normal,0.22834363104569833
2020-11-22 15:00:00,8.79,78.83,997.96,1.9,0.0,0,Normal,0.22995916579808834
2020-11-22 15:10:00,8.78,79.29,998.08,0.99,0.0,0,Normal,0.22727353173279086
2020-11-22 15:20:00,8.67,80.2,998.16,1.58,0.0,0,Normal,0.231014392721956
2020-11-22 15:30:00,8.51,81.5,998.27,1.69,0.0,0,Normal,0.2271842155845339
2020-11-22 15:40:00,8.43,82.6,998.28,0.99,0.0,0,Normal,0.22559984432569113
2020-11-22 15:50:00,8.27,83.9,998.32,1.03,0.0,0,Normal,0.22666824053936369
2020-11-22 16:00:00,8.16,84.8,998.28,1.19,0.0,0,Normal,0.22490338488650802
2020-11-22 16:10:00,8.03,85.9,998.45,1.38,0.0,0,Normal,0.2246269086570663
2020-11-22 16:20:00,7.92,86.9,998.44,1.2,0.0,0,Normal,0.21919489245958568
2020-11-22 16:30:00,7.85,87.1,998.51,1.63,0.0,0,Normal,0.21623163957256686
2020-11-22 16:40:00,7.89,86.2,998.59,2.04,0.0,0,Normal,0.21456487452112427
2020-11-22 16:50:00,7.93,85.7,998.62,3.15,0.0,0,Normal,0.19510825560285933
2020-11-22 17:00:00,7.93,85.8,998.71,2.67,0.0,0,Normal,0.20833841385082436
2020-11-22 17:10:00,7.9,86.1,998.71,2.04,0.0,0,Normal,0.2135713649922214
2020-11-22 17:20:00,7.86,86.4,998.68,1.97,0.0,0,Normal,0.21569801965525331
2020-11-22 17:30:00,7.88,86.5,998.82,1.78,0.0,0,Normal,0.21455420252343854
2020-11-22 17:40:00,7.87,86.1,998.78,1.79,0.0,0,Normal,0.21504863875810226
2020-11-22 17:50:00,7.7,85.4,998.8,1.83,0.0,0,Normal,0.21950473886300498
2020-11-22 18:00:00,7.51,85.2,998.8,1.94,0.0,0,Normal,0.21791918574062236
2020-11-22 18:10:00,7.37,85.7,998.81,1.94,0.0,0,Normal,0.21892533428091937
2020-11-22 18:20:00,7.3,86.2,998.9,1.86,0.0,0,Normal,0.21708506879761252
2020-11-22 18:30:00,7.21,87.0,998.89,1.95,0.0,0,Normal,0.21321313060370384
2020-11-22 18:40:00,7.26,87.3,998.87,1.99,0.0,0,Normal,0.21176967013356274
2020-11-22 18:50:00,7.28,86.8,998.87,1.66,0.0,0,Normal,0.21608949736444888
2020-11-22 19:00:00,7.36,84.7,998.89,1.65,0.0,0,Normal,0.21787409116121226
2020-11-22 19:10:00,7.4,83.2,998.95,2.26,0.0,0,Normal,0.22016830806278648
2020-11-22 19:20:00,7.27,82.8,998.9,2.17,0.0,0,Normal,0.22199003862545147
2020-11-22 19:30:00,6.96,83.8,999.01,2.55,0.0,0,Normal,0.21400575111273656
2020-11-22 19:40:00,6.85,84.3,999.1,1.69,0.0,0,Normal,0.21983939590742496
2020-11-22 19:50:00,6.77,84.6,999.07,1.98,0.0,0,Normal,0.21957282554262275
2020-11-22 20:00:00,6.66,84.7,999.09,2.35,0.0,0,Normal,0.21566225313663134
2020-11-22 20:10:00,6.6,84.9,999.1,2.39,0.0,0,Normal,0.21330778862356342
2020-11-22 20:20:00,6.56,85.4,999.09,1.59,0.0,0,Normal,0.2185973894257186
2020-11-22 20:30:00,6.53,85.3,999.04,1.96,0.0,0,Normal,0.21726486422532737
2020-11-22 20:40:00,6.5,85.1,999.1,2.01,0.0,0,Normal,0.21582463998805995
2020-11-22 20:50:00,6.45,85.0,999.1,2.28,0.0,0,Normal,0.2146263957736932
2020-11-22 21:00:00,6.39,85.1,999.09,1.65,0.0,0,Normal,0.21695023963444227
2020-11-22 21:10:00,6.36,85.5,999.07,1.31,0.0,0,Normal,0.21860442107578554
2020-11-22 21:20:00,6.34,85.5,999.0,1.78,0.0,0,Normal,0.21593203931442206
2020-11-22 21:30:00,6.3,85.6,998.91,1.99,0.0,0,Normal,0.21505192659651268
2020-11-22 21:40:00,6.26,86.1,998.99,2.13,0.0,0,Normal,0.21220451214627445
2020-11-22 21:50:00,6.22,86.6,999.01,2.43,0.0,0,Normal,0.20885948134921062
2020-11-22 22:00:00,6.2,88.2,998.94,2.91,0.0,0,Normal,0.19272670330983221
2020-11-22 22:10:00,6.09,90.1,998.88,2.86,0.0,0,Normal,0.19116111192063157
2020-11-22 22:20:00,5.87,93.8,998.93,2.52,0.0,0,Normal,0.18697289227467734
2020-11-22 22:30:00,5.45,97.9,998.91,2.76,0.0,0,Normal,0.1696520078656571
2020-11-22 22:40:00,5.18,100.0,998.78,3.09,0.0,0,Normal,0.14915185949604698
2020-11-22 22:50:00,5.1,100.0,998.75,2.16,0.0,0,Normal,0.1642814297957192
2020-11-22 23:00:00,5.03,100.0,998.6,2.63,0.0,0,Normal,0.16105372314814803
2020-11-22 23:10:00,4.99,100.0,998.53,2.67,0.0,0,Normal,0.16157388915585735
2020-11-22 23:20:00,5.04,99.9,998.54,2.12,0.0,0,Normal,0.1657652909461122
2020-11-22 23:30:00,5.11,99.6,998.49,1.75,0.0,0,Normal,0.17513030782812422
2020-11-22 23:40:00,5.09,99.3,998.41,2.34,0.0,0,Normal,0.16827252874389048
2020-11-22 23:50:00,5.08,98.8,998.35,2.59,0.0,0,Normal,0.16831902363030854
2020-11-23 00:00:00,5.1,98.9,998.35,1.75,0.0,0,Normal,0.1765414693836132
2020-11-23 00:10:00,5.12,98.4,998.24,1.76,0.0,0,Normal,0.1788242358466023
2020-11-23 00:20:00,5.09,98.5,998.26,1.03,0.0,0,Normal,0.18183194830302984
2020-11-23 00:30:00,5.06,98.0,998.37,2.22,0.0,0,Normal,0.17573044846362873
2020-11-23 00:40:00,5.11,97.9,998.39,1.01,0.0,0,Normal,0.18296408068810222
2020-11-23 00:50:00,5.18,97.4,998.27,1.16,0.0,0,Normal,0.18474227904147816
2020-11-23 01:00:00,5.12,97.9,998.2,1.0,0.0,0,Normal,0.18322196508038974
2020-11-23 01:10:00,5.18,97.6,998.2,0.96,0.0,0,Normal,0.18357289131591797
2020-11-23 01:20:00,5.17,97.6,998.14,0.95,0.0,0,Normal,0.18391905248862717
2020-11-23 01:30:00,5.13,97.3,998.05,1.13,0.0,0,Normal,0.18760663071315936
2020-11-23 01:40:00,5.06,97.7,998.09,1.2,0.0,0,Normal,0.18588021509321678
2020-11-23 01:50:00,5.06,97.9,998.1,0.71,0.0,0,Normal,0.18327020465040655
2020-11-23 02:00:00,5.06,97.9,998.11,0.77,0.0,0,Normal,0.1836708308344721
2020-11-23 02:10:00,5.0,98.2,998.13,1.6,0.0,0,Normal,0.18098251449736075
2020-11-23 02:20:00,5.01,98.3,998.15,0.85,0.0,0,Normal,0.18341409766548955
2020-11-23 02:30:00,5.14,97.7,998.11,0.74,0.0,0,Normal,0.1830990908323204
2020-11-23 02:40:00,5.34,96.4,998.05,1.38,0.0,0,Normal,0.19422637539877213
2020-11-23 02:50:00,5.37,96.3,998.04,1.07,0.0,0,Normal,0.1942212832695137
2020-11-23 03:00:00,5.34,96.5,998.05,1.08,0.0,0,Normal,0.19220385496664932
2020-11-23 03:10:00,5.27,96.9,998.01,0.69,0.0,0,Normal,0.1855593456310527
2020-11-23 03:20:00,5.3,96.9,997.98,0.98,0.0,0,Normal,0.1858721088618983
2020-11-23 03:30:00,5.22,97.3,997.99,1.21,0.0,0,Normal,0.18669161626709935
2020-11-23 03:40:00,5.23,97.8,997.97,1.06,0.0,0,Normal,0.18644075551525335
2020-11-23 03:50:00,5.23,98.5,997.9,0.84,0.0,0,Normal,0.18451683671580887
2020-11-23 04:00:00,5.15,99.7,997.76,0.96,0.0,0,Normal,0.18088502189610017
2020-11-23 04:10:00,5.11,100.0,997.79,1.06,0.0,0,Normal,0.1804644110466881
2020-11-23 04:20:00,5.14,100.0,997.89,0.97,0.0,0,Normal,0.17816200978441254
2020-11-23 04:30:00,5.3,99.7,997.91,0.68,0.0,0,Normal,0.17737454803199804
2020-11-23 04:40:00,5.34,99.9,998.04,0.59,0.0,0,Normal,0.1756676018069036
2020-11-23 04:50:00,5.31,100.0,998.08,1.16,0.0,0,Normal,0.17825604511235904
2020-11-23 05:00:00,5.2,100.0,998.08,1.35,0.0,0,Normal,0.1782067883656046
2020-11-23 05:10:00,5.33,100.0,998.2,0.7,0.1,0,Normal,0.09418866623718436
2020-11-23 05:20:00,5.43,100.0,998.22,0.92,0.1,0,Normal,0.0971525681292511
2020-11-23 05:30:00,5.38,100.0,998.3,1.03,0.1,0,Normal,0.0964594272017103
2020-11-23 05:40:00,5.34,100.0,998.35,1.21,0.0,0,Normal,0.1770620961490203
2020-11-23 05:50:00,5.34,100.0,998.42,1.07,0.1,0,Normal,0.09652487851606717
2020-11-23 06:00:00,5.29,100.0,998.54,0.98,0.1,0,Normal,0.09218758529180726
2020-11-23 06:10:00,5.33,100.0,998.58,0.97,0.3,0,Normal,0.025190665850283955
2020-11-23 06:20:00,5.25,100.0,998.67,1.27,0.2,0,Normal,0.049118672021901455
2020-11-23 06:30:00,5.2,100.0,998.69,1.13,0.1,0,Normal,0.0929997961739989
2020-11-23 06:40:00,5.3,100.0,998.69,0.57,0.0,0,Normal,0.1678408604528463
2020-11-23 06:50:00,5.55,100.0,998.69,0.7,0.1,0,Normal,0.09446961982455648
2020-11-23 07:00:00,5.71,100.0,998.78,0.42,0.0,0,Normal,0.1585347879124584
2020-11-23 07:10:00,5.8,100.0,998.9,0.6,0.0,0,Normal,0.17197415745143607
2020-11-23 07:20:00,5.88,100.0,999.03,0.72,0.0,0,Normal,0.1749348859213426
2020-11-23 07:30:00,5.91,99.0,999.11,1.51,0.0,0,Normal,0.17832889954506537
2020-11-23 07:40:00,6.11,96.4,999.06,1.15,0.0,0,Normal,0.18819990541415432
2020-11-23 07:50:00,6.07,96.6,999.18,1.48,0.0,0,Normal,0.184339396310379
2020-11-23 08:00:00,6.08,93.3,999.33,2.03,0.0,0,Normal,0.193319447451756
2020-11-23 08:10:00,6.08,92.6,999.4,1.53,0.0,0,Normal,0.19884521558653412
2020-11-23 08:20:00,6.09,91.6,999.71,1.91,0.0,0,Normal,0.19890680276385708
2020-11-23 08:30:00,6.13,90.4,999.85,1.77,0.0,0,Normal,0.2017356002711796
2020-11-23 08:40:00,6.15,90.3,1000.0,1.52,0.0,0,Normal,0.20145311124964732
2020-11-23 08:50:00,6.08,91.4,1000.08,1.54,0.0,0,Normal,0.1971845703650954
2020-11-23 09:00:00,6.06,92.0,1000.16,0.81,0.0,0,Normal,0.19588998697760496
2020-11-23 09:10:00,6.12,91.7,1000.35,1.04,0.0,0,Normal,0.19345296944223184
2020-11-23 09:20:00,6.16,91.3,1000.38,1.21,0.0,0,Normal,0.19530793831835092
2020-11-23 09:30:00,6.29,90.8,1000.48,0.63,0.0,0,Normal,0.19153383154064435
2020-11-23 09:40:00,6.52,89.3,1000.65,0.78,0.0,0,Normal,0.19849387013180597
2020-11-23 09:50:00,6.55,90.2,1000.71,1.03,0.0,0,Normal,0.20151075755185416
2020-11-23 10:00:00,6.69,88.3,1000.82,1.13,0.0,0,Normal,0.20440576165137353
2020-11-23 10:10:00,6.76,87.3,1001.0,1.32,0.0,0,Normal,0.20392033053539077
2020-11-23 10:20:00,6.88,86.2,1001.05,1.61,0.0,0,Normal,0.20415703392237555
2020-11-23 10:30:00,7.1,84.5,1001.14,2.12,0.0,0,Normal,0.2063757450558621
2020-11-23 10:40:00,7.29,80.4,1001.12,2.55,0.0,0,Normal,0.20418470611187284
2020-11-23 10:50:00,7.44,79.97,1001.13,2.15,0.0,0,Normal,0.21153383060131348
2020-11-23 11:00:00,7.56,78.1,1001.19,1.94,0.0,0,Normal,0.21307470596685651
2020-11-23 11:10:00,7.72,77.47,1001.22,2.21,0.0,0,Normal,0.21137101676879166
2020-11-23 11:20:00,7.85,75.38,1001.25,2.73,0.0,0,Normal,0.20331389094460395
2020-11-23 11:30:00,7.77,75.75,1001.31,2.05,0.0,0,Normal,0.21122095251932127
2020-11-23 11:40:00,7.79,74.67,1001.34,2.39,0.0,0,Normal,0.2081274716777075
2020-11-23 11:50:00,7.81,73.54,1001.28,2.35,0.0,0,Normal,0.21038052138334157
2020-11-23 12:00:00,7.9,72.67,1001.31,2.42,0.0,0,Normal,0.20664399741273048
2020-11-23 12:10:00,8.01,72.38,1001.36,1.82,0.0,0,Normal,0.21315054096939456
2020-11-23 12:20:00,8.35,70.36,1001.35,2.12,0.0,0,Normal,0.20868052753744543
2020-11-23 12:30:00,8.19,69.69,1001.28,2.85,0.0,0,Normal,0.19633432270467638
2020-11-23 12:40:00,8.15,69.98,1001.24,2.18,0.0,0,Normal,0.20738748462958045
2020-11-23 12:50:00,8.32,68.33,1001.19,2.8,0.0,0,Normal,0.19756820151467813
2020-11-23 13:00:00,8.43,67.66,1001.24,2.37,0.0,0,Normal,0.20323012557036807
2020-11-23 13:10:00,8.67,66.76,1001.28,2.29,0.0,0,Normal,0.20495889163301306
2020-11-23 13:20:00,8.34,66.85,1001.32,2.63,0.0,0,Normal,0.1993924217624855
2020-11-23 13:30:00,8.42,66.74,1001.34,3.07,0.0,0,Normal,0.1906866240292227
2020-11-23 13:40:00,8.32,67.22,1001.33,2.94,0.0,0,Normal,0.193075774864445
2020-11-23 13:50:00,8.42,66.51,1001.4,2.75,0.0,0,Normal,0.19937486419771233
2020-11-23 14:00:00,8.37,66.31,1001.39,1.99,0.0,0,Normal,0.20542869731140978
2020-11-23 14:10:00,8.12,68.12,1001.45,1.66,0.0,0,Normal,0.20827719077208967
2020-11-23 14:20:00,8.27,67.9,1001.57,1.56,0.0,0,Normal,0.2080968494033747
2020-11-23 14:30:00,8.13,68.89,1001.58,1.61,0.0,0,Normal,0.21068719308757633
2020-11-23 14:40:00,8.25,67.09,1001.54,1.76,0.0,0,Normal,0.20578225103265374
2020-11-23 14:50:00,8.35,66.43,1001.56,1.49,0.0,0,Normal,0.20651431325301567
2020-11-23 15:00:00,8.43,65.93,1001.52,1.59,0.0,0,Normal,0.2064055168570028
2020-11-23 15:10:00,8.66,64.74,1001.54,1.1,0.0,0,Normal,0.20448160775421476
2020-11-23 15:20:00,8.62,64.08,1001.63,1.45,0.0,0,Normal,0.20555713499062556
2020-11-23 15:30:00,8.18,65.47,1001.7,1.74,0.0,0,Normal,0.2075146399422778
2020-11-23 15:40:00,7.76,67.01,1001.77,0.9,0.0,0,Normal,0.20378147205006636
2020-11-23 15:50:00,7.39,67.99,1001.86,1.32,0.0,0,Normal,0.20685172134921553
2020-11-23 16:00:00,7.04,70.11,1001.91,1.62,0.0,0,Normal,0.2066914266368282
2020-11-23 16:10:00,6.62,73.25,1002.0,1.71,0.0,0,Normal,0.21068060702817526
2020-11-23 16:20:00,6.35,75.01,1002.05,2.37,0.0,0,Normal,0.2031669917275168
2020-11-23 16:30:00,6.19,74.85,1002.13,1.95,0.0,0,Normal,0.20745718000712843
2020-11-23 16:40:00,6.23,72.8,1002.17,2.13,0.0,0,Normal,0.20673472195414305
2020-11-23 16:50:00,6.05,73.95,1002.21,2.36,0.0,0,Normal,0.20380650576523773
2020-11-23 17:00:00,5.77,75.33,1002.32,2.58,0.0,0,Normal,0.1946425714050492
2020-11-23 17:10:00,5.81,75.14,1002.44,1.42,0.0,0,Normal,0.20715988228578575
2020-11-23 17:20:00,6.05,74.71,1002.57,1.87,0.0,0,Normal,0.20378893071024945
2020-11-23 17:30:00,5.76,76.34,1002.62,2.36,0.0,0,Normal,0.20007277174590987
2020-11-23 17:40:00,5.65,76.79,1002.72,2.33,0.0,0,Normal,0.20012061597910896
2020-11-23 17:50:00,5.5,77.48,1002.78,2.03,0.0,0,Normal,0.20323884994196018
2020-11-23 18:00:00,5.14,79.11,1002.87,2.05,0.0,0,Normal,0.19661619780660056
2020-11-23 18:10:00,4.84,80.6,1002.92,1.96,0.0,0,Normal,0.19591300891727442
2020-11-23 18:20:00,4.73,81.0,1002.77,2.87,0.0,0,Normal,0.1798267382874415
2020-11-23 18:30:00,4.63,81.2,1002.68,3.14,0.0,0,Normal,0.17401137743413897
2020-11-23 18:40:00,4.55,81.0,1002.67,3.0,0.0,0,Normal,0.17584288965474537
2020-11-23 18:50:00,4.45,81.2,1002.72,2.39,0.0,0,Normal,0.19458064714831125
2020-11-23 19:00:00,3.67,85.5,1002.73,2.13,0.0,0,Normal,0.19188837227392014
2020-11-23 19:10:00,3.4,88.1,1002.78,1.94,0.0,0,Normal,0.1826306825420348
2020-11-23 19:20:00,3.29,87.0,1002.73,2.11,0.0,0,Normal,0.1858241178736461
2020-11-23 19:30:00,3.21,86.4,1002.71,1.68,0.0,0,Normal,0.19041142608100997
2020-11-23 19:40:00,2.78,89.1,1002.8,1.77,0.0,0,Normal,0.17873527514802962
2020-11-23 19:50:00,2.41,91.5,1002.91,1.5,0.0,0,Normal,0.17039141762427756
2020-11-23 20:00:00,2.2,93.0,1002.92,1.61,0.0,0,Normal,0.16519531226558248
2020-11-23 20:10:00,1.93,93.9,1002.8,1.42,0.0,0,Normal,0.1644671648450759
2020-11-23 20:20:00,1.81,94.7,1002.82,1.1,0.0,0,Normal,0.15850971084509724
2020-11-23 20:30:00,1.68,95.2,1002.93,1.22,0.0,0,Normal,0.15537788674932307
2020-11-23 20:40:00,1.42,96.1,1002.96,0.96,0.0,0,Normal,0.15256311281676066
2020-11-23 20:50:00,1.27,97.1,1003.07,0.91,0.0,0,Normal,0.14292079431498111
2020-11-23 21:00:00,1.17,97.4,1003.26,0.91,0.0,0,Normal,0.14072626283940776
2020-11-23 21:10:00,1.08,97.3,1003.33,1.0,0.0,0,Normal,0.138857268564763
2020-11-23 21:20:00,1.14,97.4,1003.38,0.97,0.0,0,Normal,0.13955354012888715
2020-11-23 21:30:00,1.23,96.6,1003.46,1.49,0.0,0,Normal,0.14171771156105883
2020-11-23 21:40:00,1.02,97.1,1003.48,1.5,0.0,0,Normal,0.1375623206814689
2020-11-23 21:50:00,0.73,98.1,1003.46,1.07,0.0,0,Normal,0.13616544760277233
2020-11-23 22:00:00,0.69,98.0,1003.53,0.72,0.0,0,Normal,0.13221019016218255
2020-11-23 22:10:00,0.54,98.9,1003.67,1.49,0.0,0,Normal,0.12866605191090735
2020-11-23 22:20:00,0.3,99.6,1003.64,0.93,0.0,0,Normal,0.1308962920697233
2020-11-23 22:30:00,0.27,99.9,1003.58,0.81,0.0,0,Normal,0.1296657812200533
2020-11-23 22:40:00,0.25,99.4,1003.45,0.86,0.0,0,Normal,0.13212490334896437
2020-11-23 22:50:00,-0.18,99.7,1003.37,1.84,0.0,0,Normal,0.12148698959087945
2020-11-23 23:00:00,-0.21,100.0,1003.43,1.94,0.0,0,Normal,0.11558849534149418
2020-11-23 23:10:00,-0.27,100.0,1003.52,1.29,0.0,0,Normal,0.12877730071256266
2020-11-23 23:20:00,-0.48,100.0,1003.44,1.28,0.0,0,Normal,0.12694680146538578
2020-11-23 23:30:00,-0.39,100.0,1003.37,0.7,0.0,0,Normal,0.12495772812900707
2020-11-23 23:40:00,-0.13,100.0,1003.39,0.78,0.0,0,Normal,0.12631450438155456
2020-11-23 23:50:00,-0.48,99.5,1003.48,1.22,0.0,0,Normal,0.12816432666985672
2020-11-24 00:00:00,-0.55,100.0,1003.41,0.66,0.0,0,Normal,0.12180081791308495
2020-11-24 00:10:00,-0.47,100.0,1003.48,0.45,0.0,0,Normal,0.11312140297038575
2020-11-24 00:20:00,-0.63,100.0,1003.45,0.94,0.0,0,Normal,0.12521328819951244
2020-11-24 00:30:00,-0.86,100.0,1003.39,1.26,0.0,0,Normal,0.12527063122693977
2020-11-24 00:40:00,-0.95,100.0,1003.28,2.09,0.0,0,Normal,0.11111195049238176
2020-11-24 00:50:00,-0.99,100.0,1003.18,2.56,0.0,0,Normal,0.10754431901262129
2020-11-24 01:00:00,-0.96,100.0,1003.1,1.94,0.0,0,Normal,0.11392000412715053
2020-11-24 01:10:00,-1.02,100.0,1002.95,1.72,0.0,0,Normal,0.11880501201033689
2020-11-24 01:20:00,-1.26,100.0,1002.98,2.03,0.0,0,Normal,0.11192006404422472
2020-11-24 01:30:00,-1.55,100.0,1002.86,2.12,0.0,0,Normal,0.11170550653762379
2020-11-24 01:40:00,-1.6,100.0,1002.67,2.08,0.0,0,Normal,0.11457733143893511
2020-11-24 01:50:00,-1.66,100.0,1002.61,2.39,0.0,0,Normal,0.11537775104286352
2020-11-24 02:00:00,-1.75,100.0,1002.53,1.89,0.0,0,Normal,0.11566251526874916
2020-11-24 02:10:00,-1.89,100.0,1002.51,1.69,0.0,0,Normal,0.11887893240040837
2020-11-24 02:20:00,-1.89,100.0,1002.48,1.36,0.0,0,Normal,0.1250135837473368
2020-11-24 02:30:00,-1.58,100.0,1002.46,1.82,0.0,0,Normal,0.11816895371057345
2020-11-24 02:40:00,-1.34,100.0,1002.39,2.02,0.0,0,Normal,0.11408126710553657
2020-11-24 02:50:00,-1.17,100.0,1002.17,2.29,0.0,0,Normal,0.11744876738387755
2020-11-24 03:00:00,-1.01,100.0,1002.18,2.01,0.0,0,Normal,0.11799956516031085
2020-11-24 03:10:00,-1.0,100.0,1002.2,2.29,0.0,0,Normal,0.11744876738387755
2020-11-24 03:20:00,-1.1,100.0,1002.1,2.19,0.0,0,Normal,0.11696060038885436
2020-11-24 03:30:00,-0.99,100.0,1001.9,1.95,0.0,0,Normal,0.1199961130494257
2020-11-24 03:40:00,-0.95,100.0,1001.78,1.98,0.0,0,Normal,0.12068718083861218
2020-11-24 03:50:00,-1.07,100.0,1001.74,1.52,0.0,0,Normal,0.12752622719082218
2020-11-24 04:00:00,-1.14,100.0,1001.58,1.32,0.0,0,Normal,0.13234483927124224
2020-11-24 04:10:00,-1.26,100.0,1001.45,1.5,0.0,0,Normal,0.13038942633063588
2020-11-24 04:20:00,-1.51,100.0,1001.35,1.0,0.0,0,Normal,0.13161041409639512
2020-11-24 04:30:00,-1.75,100.0,1001.42,0.49,0.0,0,Normal,0.12101040507842842
2020-11-24 04:40:00,-1.84,100.0,1001.51,0.63,0.0,0,Normal,0.1240315425007808
2020-11-24 04:50:00,-2.42,100.0,1001.43,1.22,0.0,0,Normal,0.1226671067649513
2020-11-24 05:00:00,-2.66,100.0,1001.46,1.24,0.0,0,Normal,0.12395888720702797
2020-11-24 05:10:00,-2.54,100.0,1001.47,0.88,0.0,0,Normal,0.12319665577116257
2020-11-24 05:20:00,-2.63,100.0,1001.44,0.7,0.0,0,Normal,0.12194516271284173
2020-11-24 05:30:00,-2.83,100.0,1001.37,0.6,0.0,0,Normal,0.11915208595014415
2020-11-24 05:40:00,-2.73,100.0,1001.32,0.94,0.0,0,Normal,0.1240439881394168
2020-11-24 05:50:00,-2.26,100.0,1001.26,0.87,0.0,0,Normal,0.127105287299412
2020-11-24 06:00:00,-2.04,100.0,1001.2,2.15,0.0,0,Normal,0.11877897670769066
2020-11-24 06:10:00,-1.87,100.0,1001.19,2.01,0.0,0,Normal,0.1186186109552787
2020-11-24 06:20:00,-1.87,100.0,1001.22,1.59,0.0,0,Normal,0.12709666189930147
2020-11-24 06:30:00,-2.0,100.0,1001.17,2.11,0.0,0,Normal,0.11864076201656881
2020-11-24 06:40:00,-2.22,100.0,1001.2,1.75,0.0,0,Normal,0.12122920884598298
2020-11-24 06:50:00,-2.38,100.0,1001.19,1.98,0.0,0,Normal,0.11397253349188197
2020-11-24 07:00:00,-2.54,100.0,1001.18,1.65,0.0,0,Normal,0.11956064669149868
2020-11-24 07:10:00,-2.95,100.0,1001.16,1.06,0.0,0,Normal,0.12528170530238414
2020-11-24 07:20:00,-3.02,100.0,1001.12,1.09,0.0,0,Normal,0.12427935907051502
2020-11-24 07:30:00,-3.04,100.0,1001.03,1.87,0.0,0,Normal,0.11805970067810945
2020-11-24 07:40:00,-3.06,100.0,1000.9,2.31,0.0,0,Normal,0.1129570638054338
2020-11-24 07:50:00,-3.03,100.0,1000.83,2.04,0.0,0,Normal,0.11381905352021837
2020-11-24 08:00:00,-2.92,100.0,1000.77,1.87,0.0,0,Normal,0.11805970067810945
2020-11-24 08:10:00,-2.61,100.0,1000.81,1.92,0.0,0,Normal,0.11818491823728805
2020-11-24 08:20:00,-2.32,100.0,1000.76,1.63,0.0,0,Normal,0.12560207533944634
2020-11-24 08:30:00,-2.3,100.0,1000.81,1.88,0.0,0,Normal,0.12247707283180131
2020-11-24 08:40:00,-2.27,100.0,1000.9,2.23,0.0,0,Normal,0.11918340231812885
2020-11-24 08:50:00,-2.17,100.0,1000.92,1.19,0.0,0,Normal,0.1296963160135839
2020-11-24 09:00:00,-1.55,100.0,1000.85,1.89,0.0,0,Normal,0.1272165964559594
2020-11-24 09:10:00,-1.09,100.0,1000.85,1.93,0.0,0,Normal,0.12693035885322596
2020-11-24 09:20:00,-0.85,100.0,1000.8,1.9,0.0,0,Normal,0.12887296491539457
2020-11-24 09:30:00,-0.48,100.0,1000.86,1.12,0.0,0,Normal,0.13926262269177508
2020-11-24 09:40:00,-0.11,99.4,1000.87,1.63,0.0,0,Normal,0.1377745295957195
2020-11-24 09:50:00,0.14,99.0,1000.9,1.79,0.0,0,Normal,0.13604991766515634
2020-11-24 10:00:00,0.28,98.7,1000.85,1.95,0.0,0,Normal,0.13584688816078427
2020-11-24 10:10:00,0.63,97.7,1000.84,1.55,0.0,0,Normal,0.1480483795357987
2020-11-24 10:20:00,1.26,95.1,1000.88,1.14,0.0,0,Normal,0.16753661262819447
2020-11-24 10:30:00,1.68,93.2,1000.94,1.51,0.0,0,Normal,0.17258685640448201
2020-11-24 10:40:00,1.96,92.2,1000.93,1.86,0.0,0,Normal,0.17781685246777934
2020-11-24 10:50:00,2.3,91.3,1000.83,1.84,0.0,0,Normal,0.18333931288031574
2020-11-24 11:00:00,2.59,90.9,1000.71,2.02,0.0,0,Normal,0.18731424288379328
2020-11-24 11:10:00,2.92,90.1,1000.62,2.58,0.0,0,Normal,0.18798489865901985
2020-11-24 11:20:00,3.3,89.0,1000.49,2.82,0.0,0,Normal,0.1824033631551275
2020-11-24 11:30:00,3.63,88.1,1000.32,3.86,0.0,0,Normal,0.15054730916393905
2020-11-24 11:40:00,3.82,87.6,1000.12,4.44,0.0,0,Normal,0.13728042033120758
2020-11-24 11:50:00,4.01,86.8,1000.0,4.24,0.0,0,Normal,0.14459005659376906
2020-11-24 12:00:00,4.26,85.7,999.89,3.98,0.0,0,Normal,0.1595783166094235
2020-11-24 12:10:00,4.65,84.1,999.79,3.84,0.0,0,Normal,0.17042140830207864
2020-11-24 12:20:00,5.06,82.9,999.77,3.42,0.0,0,Normal,0.1892563055086418
2020-11-24 12:30:00,5.47,81.0,999.6,3.69,0.0,0,Normal,0.18305372908679945
2020-11-24 12:40:00,5.87,78.8,999.48,2.91,0.0,0,Normal,0.20872889425435098
2020-11-24 12:50:00,6.04,78.4,999.34,3.87,0.0,0,Normal,0.17956315551073343
2020-11-24 13:00:00,5.93,79.21,999.24,3.63,0.0,0,Normal,0.18371483433082736
2020-11-24 13:10:00,5.93,79.04,999.13,4.43,0.0,0,Normal,0.16416168462826725
2020-11-24 13:20:00,6.07,78.31,998.98,4.09,0.0,0,Normal,0.17321250373633962
2020-11-24 13:30:00,5.89,79.14,998.85,4.31,0.0,0,Normal,0.1663748144279671
2020-11-24 13:40:00,5.63,80.2,998.76,3.87,0.0,0,Normal,0.1799462213917321
2020-11-24 13:50:00,5.68,80.5,998.63,3.6,0.0,0,Normal,0.18508881638740776
2020-11-24 14:00:00,5.85,80.1,998.47,3.32,0.0,0,Normal,0.19332106544899158
2020-11-24 14:10:00,6.05,79.53,998.32,3.19,0.0,0,Normal,0.2016517673708184
2020-11-24 14:20:00,6.05,79.7,998.15,3.93,0.0,0,Normal,0.1802592826589044
2020-11-24 14:30:00,6.08,79.65,998.07,3.29,0.0,0,Normal,0.19819128799830948
2020-11-24 14:40:00,5.93,80.2,998.0,3.63,0.0,0,Normal,0.1898788806954993
2020-11-24 14:50:00,5.83,80.8,997.9,3.32,0.0,0,Normal,0.1962773286413106
2020-11-24 15:00:00,5.62,81.8,997.81,2.93,0.0,0,Normal,0.20947609322254374
2020-11-24 15:10:00,5.48,82.3,997.79,3.53,0.0,0,Normal,0.19154456807843306
2020-11-24 15:20:00,5.41,82.9,997.75,2.73,0.0,0,Normal,0.21779194198014612
2020-11-24 15:30:00,5.18,83.9,997.73,2.42,0.0,0,Normal,0.22052155850336969
2020-11-24 15:40:00,5.02,84.8,997.64,2.41,0.0,0,Normal,0.21966555838436957
2020-11-24 15:50:00,4.68,86.4,997.53,2.48,0.0,0,Normal,0.21690649857249672
2020-11-24 16:00:00,4.21,88.6,997.47,2.32,0.0,0,Normal,0.20672031991748835
2020-11-24 16:10:00,3.94,90.0,997.39,2.2,0.0,0,Normal,0.20581367990467492
2020-11-24 16:20:00,3.83,90.5,997.36,2.34,0.0,0,Normal,0.20253163231885257
2020-11-24 16:30:00,3.81,90.6,997.3,2.06,0.0,0,Normal,0.20533759377201655
2020-11-24 16:40:00,3.8,90.5,997.24,1.94,0.0,0,Normal,0.20729688676524372
2020-11-24 16:50:00,3.69,91.2,997.18,1.62,0.0,0,Normal,0.2075065749625326
2020-11-24 17:00:00,3.45,92.1,997.17,1.94,0.0,0,Normal,0.20435130084914294
2020-11-24 17:10:00,3.13,93.7,997.16,2.06,0.0,0,Normal,0.19848265653913594
2020-11-24 17:20:00,2.94,94.5,997.15,1.97,0.0,0,Normal,0.19459610249539755
2020-11-24 17:30:00,2.87,94.9,997.16,2.14,0.0,0,Normal,0.19076561864411706
2020-11-24 17:40:00,2.74,95.5,997.2,2.04,0.0,0,Normal,0.18879550926212957
2020-11-24 17:50:00,2.7,95.8,997.16,1.91,0.0,0,Normal,0.19173110525931014
2020-11-24 18:00:00,2.55,96.1,997.17,2.32,0.0,0,Normal,0.18376971143827003
2020-11-24 18:10:00,2.44,96.8,997.19,2.36,0.0,0,Normal,0.17419758601557828
2020-11-24 18:20:00,2.5,96.3,997.19,2.64,0.0,0,Normal,0.17635367899291005
2020-11-24 18:30:00,2.64,95.0,997.17,2.48,0.0,0,Normal,0.1859322876941455
2020-11-24 18:40:00,2.75,94.4,997.1,2.27,0.0,0,Normal,0.19013016216558848
2020-11-24 18:50:00,2.62,94.9,996.99,2.29,0.0,0,Normal,0.18777987997597934
2020-11-24 19:00:00,2.56,95.2,996.93,2.4,0.0,0,Normal,0.18839374260976566
2020-11-24 19:10:00,2.52,95.5,996.92,2.06,0.0,0,Normal,0.19210216991161627
2020-11-24 19:20:00,2.55,95.6,996.86,2.08,0.0,0,Normal,0.19251214200102623
2020-11-24 19:30:00,2.47,96.0,996.85,1.83,0.0,0,Normal,0.1901616230964096
2020-11-24 19:40:00,2.35,96.9,996.82,1.86,0.0,0,Normal,0.17769760913765098
2020-11-24 19:50:00,2.24,97.1,996.74,1.84,0.0,0,Normal,0.17863408244793022
2020-11-24 20:00:00,2.15,97.5,996.66,2.26,0.0,0,Normal,0.17461822463898496
2020-11-24 20:10:00,1.98,97.8,996.63,1.93,0.0,0,Normal,0.17239614401020414
2020-11-24 20:20:00,1.89,98.1,996.67,2.17,0.0,0,Normal,0.16784208525472716
2020-11-24 20:30:00,1.92,97.8,996.63,2.16,0.0,0,Normal,0.17192686037044852
2020-11-24 20:40:00,1.99,96.6,996.59,2.26,0.0,0,Normal,0.17473452767818304
2020-11-24 20:50:00,1.87,96.7,996.51,2.07,0.0,0,Normal,0.17335065349129963
2020-11-24 21:00:00,1.92,96.4,996.49,1.73,0.0,0,Normal,0.18033126119078136
2020-11-24 21:10:00,1.93,96.6,996.46,1.59,0.0,0,Normal,0.17893695871741472
2020-11-24 21:20:00,1.93,96.7,996.53,1.66,0.0,0,Normal,0.17889798797739825
2020-11-24 21:30:00,1.9,96.1,996.47,2.17,0.0,0,Normal,0.18118092648172063
2020-11-24 21:40:00,1.91,96.4,996.43,1.69,0.0,0,Normal,0.1813761428400016
2020-11-24 21:50:00,2.04,96.3,996.41,1.99,0.0,0,Normal,0.18083764920532563
2020-11-24 22:00:00,2.18,95.7,996.31,2.28,0.0,0,Normal,0.18416058073525743
2020-11-24 22:10:00,2.2,95.9,996.24,2.39,0.0,0,Normal,0.18601586240532597
2020-11-24 22:20:00,2.21,95.9,996.09,1.82,0.0,0,Normal,0.18814585847995896
2020-11-24 22:30:00,2.21,96.1,996.02,2.04,0.0,0,Normal,0.18796914731217806
2020-11-24 22:40:00,2.23,96.1,996.0,2.35,0.0,0,Normal,0.18738423303870544
2020-11-24 22:50:00,2.26,95.9,996.02,2.66,0.0,0,Normal,0.18338356043307463
2020-11-24 23:00:00,2.22,95.9,995.98,2.18,0.0,0,Normal,0.18647456862358225
2020-11-24 23:10:00,2.22,95.8,995.87,2.65,0.0,0,Normal,0.18259705690621714
2020-11-24 23:20:00,2.26,95.0,995.82,2.87,0.0,0,Normal,0.17778007620246583
2020-11-24 23:30:00,2.32,94.7,995.73,2.39,0.0,0,Normal,0.18887231054003806
2020-11-24 23:40:00,2.43,94.2,995.69,1.97,0.0,0,Normal,0.1930874220851283
2020-11-24 23:50:00,2.45,94.0,995.68,1.76,0.0,0,Normal,0.19797214948881842
2020-11-25 00:00:00,2.41,93.8,995.7,1.88,0.0,0,Normal,0.196259182343951
2020-11-25 00:10:00,2.43,93.7,995.62,1.76,0.0,0,Normal,0.1969226753101853
2020-11-25 00:20:00,2.43,93.4,995.5,2.11,0.0,0,Normal,0.19551077713611187
2020-11-25 00:30:00,2.44,93.1,995.42,1.79,0.0,0,Normal,0.19759574017993736
2020-11-25 00:40:00,2.47,93.1,995.36,1.76,0.0,0,Normal,0.20029424933946016
2020-11-25 00:50:00,2.49,93.0,995.24,1.8,0.0,0,Normal,0.2017545273512481
2020-11-25 01:00:00,2.48,93.3,995.11,1.82,0.0,0,Normal,0.1999531509468866
2020-11-25 01:10:00,2.45,93.6,994.97,2.36,0.0,0,Normal,0.19726518090016731
2020-11-25 01:20:00,2.44,94.1,994.81,2.74,0.0,0,Normal,0.18829455981333842
2020-11-25 01:30:00,2.52,93.7,994.72,2.72,0.0,0,Normal,0.19120926835480034
2020-11-25 01:40:00,2.55,93.6,994.62,1.87,0.0,0,Normal,0.20223325066632802
2020-11-25 01:50:00,2.54,93.7,994.52,2.1,0.0,0,Normal,0.2010837307926197
2020-11-25 02:00:00,2.5,93.7,994.44,2.28,0.0,0,Normal,0.19741801260900288
2020-11-25 02:10:00,2.53,93.6,994.32,2.37,0.0,0,Normal,0.19713736238860985
2020-11-25 02:20:00,2.46,93.9,994.25,2.14,0.0,0,Normal,0.19679019650325996
2020-11-25 02:30:00,2.38,94.5,994.24,2.29,0.0,0,Normal,0.1888741312313223
2020-11-25 02:40:00,2.32,94.8,994.18,2.58,0.0,0,Normal,0.18514039125976356
2020-11-25 02:50:00,2.28,94.8,994.11,2.6,0.0,0,Normal,0.18530924986547015
2020-11-25 03:00:00,2.25,94.8,994.03,2.46,0.0,0,Normal,0.18673123537667924
2020-11-25 03:10:00,2.32,94.3,993.97,2.29,0.0,0,Normal,0.1899339202748594
2020-11-25 03:20:00,2.33,94.1,993.86,2.66,0.0,0,Normal,0.18719589081203614
2020-11-25 03:30:00,2.19,95.0,993.79,1.72,0.0,0,Normal,0.1907117808703767
2020-11-25 03:40:00,2.09,95.3,993.77,1.71,0.0,0,Normal,0.1883374665100499
2020-11-25 03:50:00,2.08,95.2,993.75,1.95,0.0,0,Normal,0.18635987990914699
2020-11-25 04:00:00,2.0,95.4,993.66,2.18,0.0,0,Normal,0.1827897649266571
2020-11-25 04:10:00,1.85,95.9,993.54,2.88,0.0,0,Normal,0.1705173334311827
2020-11-25 04:20:00,1.59,96.8,993.57,2.61,0.0,0,Normal,0.16577479978944798
2020-11-25 04:30:00,1.3,97.4,993.61,2.71,0.0,0,Normal,0.1600829817401362
2020-11-25 04:40:00,1.05,98.2,993.61,1.93,0.0,0,Normal,0.16257332415198056
2020-11-25 04:50:00,0.96,98.6,993.59,2.0,0.0,0,Normal,0.1602052505359225
2020-11-25 05:00:00,0.91,98.4,993.57,1.76,0.0,0,Normal,0.16511002377703315
2020-11-25 05:10:00,0.81,98.6,993.57,1.6,0.0,0,Normal,0.16533275320158414
2020-11-25 05:20:00,0.78,98.6,993.57,1.8,0.0,0,Normal,0.16080319813697286
2020-11-25 05:30:00,0.7,98.7,993.53,1.69,0.0,0,Normal,0.16247416797954678
2020-11-25 05:40:00,0.61,99.0,993.48,1.32,0.0,0,Normal,0.16700266482412418
2020-11-25 05:50:00,0.53,98.9,993.39,1.46,0.0,0,Normal,0.16381594555130213
2020-11-25 06:00:00,0.51,99.1,993.34,1.51,0.0,0,Normal,0.16479349824699108
2020-11-25 06:10:00,0.43,98.8,993.38,1.49,0.0,0,Normal,0.16353077137246275
2020-11-25 06:20:00,0.14,98.8,993.38,1.38,0.0,0,Normal,0.16446469757592014
2020-11-25 06:30:00,-0.23,100.0,993.4,1.79,0.0,0,Normal,0.14840098869064344
2020-11-25 06:40:00,-0.51,100.0,993.36,1.73,0.0,0,Normal,0.1512274296752812
2020-11-25 06:50:00,-0.58,100.0,993.34,1.99,0.0,0,Normal,0.14542393943112425
2020-11-25 07:00:00,-0.63,100.0,993.34,1.76,0.0,0,Normal,0.15028324748073224
2020-11-25 07:10:00,-0.72,100.0,993.4,0.99,0.0,0,Normal,0.15366242360747684
2020-11-25 07:20:00,-0.83,100.0,993.42,0.95,0.0,0,Normal,0.15323207120942972
2020-11-25 07:30:00,-0.87,100.0,993.51,0.78,0.0,0,Normal,0.15226368146124403
2020-11-25 07:40:00,-0.84,100.0,993.57,1.23,0.0,0,Normal,0.1554289364454245
2020-11-25 07:50:00,-0.76,100.0,993.62,1.02,0.0,0,Normal,0.1542268342626798
2020-11-25 08:00:00,-0.72,100.0,993.67,1.58,0.0,0,Normal,0.15226626013485656
2020-11-25 08:10:00,-0.67,100.0,993.69,1.75,0.0,0,Normal,0.148931554073243
2020-11-25 08:20:00,-0.59,100.0,993.69,1.91,0.0,0,Normal,0.14659730879141636
2020-11-25 08:30:00,-0.57,100.0,993.69,2.87,0.0,0,Normal,0.1307277199740166
2020-11-25 08:40:00,-0.59,100.0,993.67,3.05,0.0,0,Normal,0.12624917466334362
2020-11-25 08:50:00,-0.43,100.0,993.72,2.92,0.0,0,Normal,0.12952815090286035
2020-11-25 09:00:00,-0.32,100.0,993.74,2.67,0.0,0,Normal,0.13845427408353422
2020-11-25 09:10:00,-0.05,99.9,993.76,2.62,0.0,0,Normal,0.13976801912505865
2020-11-25 09:20:00,0.27,99.0,993.72,2.74,0.0,0,Normal,0.14498487079042444
2020-11-25 09:30:00,0.6,97.6,993.72,2.67,0.0,0,Normal,0.15382475072751334
2020-11-25 09:40:00,0.82,96.7,993.75,2.84,0.0,0,Normal,0.154014648381738
2020-11-25 09:50:00,1.1,96.1,993.75,3.11,0.0,0,Normal,0.15932545364707085
2020-11-25 10:00:00,1.4,95.0,993.77,3.29,0.0,0,Normal,0.1577288971055661
2020-11-25 10:10:00,1.84,93.6,993.75,3.27,0.0,0,Normal,0.1654539284974108
2020-11-25 10:20:00,2.42,91.6,993.74,2.73,0.0,0,Normal,0.19350611369913678
2020-11-25 10:30:00,3.02,89.4,993.74,3.29,0.0,0,Normal,0.19118288675424638
2020-11-25 10:40:00,3.55,87.3,993.72,3.04,0.0,0,Normal,0.20227013944719796
2020-11-25 10:50:00,3.91,85.8,993.69,2.96,0.0,0,Normal,0.20999658354367484
2020-11-25 11:00:00,4.23,84.6,993.6,3.4,0.0,0,Normal,0.2020950129904932
2020-11-25 11:10:00,4.44,83.9,993.53,3.28,0.0,0,Normal,0.20876033829977564
2020-11-25 11:20:00,4.8,82.3,993.4,3.73,0.0,0,Normal,0.19960225995847525
2020-11-25 11:30:00,5.06,81.3,993.29,3.7,0.0,0,Normal,0.2050572681472384
2020-11-25 11:40:00,5.32,79.82,993.18,4.87,0.0,0,Normal,0.17005089044995986
2020-11-25 11:50:00,5.41,79.58,993.08,4.5,0.0,0,Normal,0.18607525655148555
2020-11-25 12:00:00,5.7,78.18,993.0,4.52,0.0,0,Normal,0.1893967678035784
2020-11-25 12:10:00,5.94,77.22,992.92,4.49,0.0,0,Normal,0.1931557380633655
2020-11-25 12:20:00,6.47,74.79,992.84,3.45,0.0,0,Normal,0.22467315379547592
2020-11-25 12:30:00,6.89,73.29,992.85,2.91,0.0,0,Normal,0.23637740652382355
2020-11-25 12:40:00,7.31,71.24,992.8,2.97,0.0,0,Normal,0.23530663541524038
2020-11-25 12:50:00,7.56,70.25,992.75,2.99,0.0,0,Normal,0.23524652411280572
2020-11-25 13:00:00,7.46,70.51,992.7,3.21,0.0,0,Normal,0.23241806043657876
2020-11-25 13:10:00,7.74,69.27,992.7,3.32,0.0,0,Normal,0.22887772455388022
2020-11-25 13:20:00,7.97,68.78,992.71,2.9,0.0,0,Normal,0.23748821348656207
2020-11-25 13:30:00,8.04,68.14,992.67,3.34,0.0,0,Normal,0.22691681355468007
2020-11-25 13:40:00,7.95,68.79,992.67,2.94,0.0,0,Normal,0.23579720334581084
2020-11-25 13:50:00,7.98,68.75,992.69,3.01,0.0,0,Normal,0.2342760788545763
2020-11-25 14:00:00,8.21,68.07,992.72,2.54,0.0,0,Normal,0.23694767432287428
2020-11-25 14:10:00,8.5,66.81,992.71,2.46,0.0,0,Normal,0.2376435305325928
2020-11-25 14:20:00,8.46,67.18,992.72,2.57,0.0,0,Normal,0.2362754273938193
2020-11-25 14:30:00,8.49,66.08,992.71,3.08,0.0,0,Normal,0.2311175746355778
2020-11-25 14:40:00,8.42,66.52,992.71,2.15,0.0,0,Normal,0.24059227303175335
2020-11-25 14:50:00,8.29,66.78,992.67,2.7,0.0,0,Normal,0.23632382014800213
2020-11-25 15:00:00,7.99,68.46,992.67,2.15,0.0,0,Normal,0.2440051882867887
2020-11-25 15:10:00,7.76,69.6,992.66,1.8,0.0,0,Normal,0.24301686596523947
2020-11-25 15:20:00,7.63,71.23,992.64,1.83,0.0,0,Normal,0.2445547503548537
2020-11-25 15:30:00,7.44,71.83,992.67,1.78,0.0,0,Normal,0.24446109741622524
2020-11-25 15:40:00,7.4,71.56,992.73,1.73,0.0,0,Normal,0.2445561719183521
2020-11-25 15:50:00,7.24,71.84,992.78,1.82,0.0,0,Normal,0.24475286403751167
2020-11-25 16:00:00,6.86,73.29,992.8,2.47,0.0,0,Normal,0.2413822366078469
2020-11-25 16:10:00,6.69,74.31,992.79,1.85,0.0,0,Normal,0.24565328917102108
2020-11-25 16:20:00,6.54,74.92,992.77,1.96,0.0,0,Normal,0.2456942669228097
2020-11-25 16:30:00,6.36,75.94,992.86,1.59,0.0,0,Normal,0.24228747619022017
2020-11-25 16:40:00,5.93,78.18,992.94,1.93,0.0,0,Normal,0.24014738501099342
2020-11-25 16:50:00,5.36,81.0,993.02,1.95,0.0,0,Normal,0.23944440723043742
2020-11-25 17:00:00,4.84,83.4,993.13,1.97,0.0,0,Normal,0.23587692880597955
2020-11-25 17:10:00,4.52,84.4,993.17,2.37,0.0,0,Normal,0.22967038644222731
2020-11-25 17:20:00,4.19,85.2,993.18,2.56,0.0,0,Normal,0.22223579365749985
2020-11-25 17:30:00,3.86,86.3,993.21,2.44,0.0,0,Normal,0.22217818470693368
2020-11-25 17:40:00,3.56,87.1,993.23,2.15,0.0,0,Normal,0.2207256229241898
2020-11-25 17:50:00,3.21,88.6,993.39,2.1,0.0,0,Normal,0.2183599568607949
2020-11-25 18:00:00,3.08,89.1,993.51,2.29,0.0,0,Normal,0.21480919433238538
2020-11-25 18:10:00,2.99,89.1,993.69,2.45,0.0,0,Normal,0.21365588224686616
2020-11-25 18:20:00,2.79,89.8,993.71,2.51,0.0,0,Normal,0.21041168270314842
2020-11-25 18:30:00,2.65,90.3,993.68,3.07,0.0,0,Normal,0.19401114896188193
2020-11-25 18:40:00,2.7,90.1,993.72,2.89,0.0,0,Normal,0.2016068467129462
2020-11-25 18:50:00,2.56,90.4,993.78,2.46,0.0,0,Normal,0.20718320355010023
2020-11-25 19:00:00,2.35,91.3,993.82,2.68,0.0,0,Normal,0.19349329384461195
2020-11-25 19:10:00,2.22,91.6,993.84,3.07,0.0,0,Normal,0.18163117277689822
2020-11-25 19:20:00,2.01,92.6,993.87,2.73,0.0,0,Normal,0.18719777045884572
2020-11-25 19:30:00,1.99,92.7,993.89,2.48,0.0,0,Normal,0.19044819381523803
2020-11-25 19:40:00,2.1,92.4,993.94,2.24,0.0,0,Normal,0.19538515068609896
2020-11-25 19:50:00,2.1,92.4,993.96,2.36,0.0,0,Normal,0.19464097212317383
2020-11-25 20:00:00,2.19,92.3,993.95,2.64,0.0,0,Normal,0.19223379404174684
2020-11-25 20:10:00,2.13,92.4,993.95,2.68,0.0,0,Normal,0.19047112461923948
2020-11-25 20:20:00,1.94,93.1,994.0,2.57,0.0,0,Normal,0.18726607570314718
2020-11-25 20:30:00,1.81,94.0,994.02,2.87,0.0,0,Normal,0.17447487232797904
2020-11-25 20:40:00,1.67,94.2,994.14,2.14,0.0,0,Normal,0.18249626882078535
2020-11-25 20:50:00,1.63,94.6,994.1,3.03,0.0,0,Normal,0.16335021583986326
2020-11-25 21:00:00,1.44,94.9,994.11,2.46,0.0,0,Normal,0.17720555471742616
2020-11-25 21:10:00,1.33,95.7,994.17,2.78,0.0,0,Normal,0.1706627966210703
2020-11-25 21:20:00,1.38,95.7,994.15,2.86,0.0,0,Normal,0.16688071909712404
2020-11-25 21:30:00,1.44,95.4,994.17,2.58,0.0,0,Normal,0.17436261787065244
2020-11-25 21:40:00,1.38,95.4,994.26,2.29,0.0,0,Normal,0.17735269976467155
2020-11-25 21:50:00,1.18,96.3,994.43,2.14,0.0,0,Normal,0.1733146056508323
2020-11-25 22:00:00,1.17,96.5,994.45,2.12,0.0,0,Normal,0.17199035998922085
2020-11-25 22:10:00,1.12,96.7,994.54,2.28,0.0,0,Normal,0.17000493638603958
2020-11-25 22:20:00,1.12,96.8,994.62,2.31,0.0,0,Normal,0.1690645367293091
2020-11-25 22:30:00,1.19,96.5,994.71,2.57,0.0,0,Normal,0.16726195646994635
2020-11-25 22:40:00,1.18,96.5,994.71,2.27,0.0,0,Normal,0.1715225098272654
2020-11-25 22:50:00,1.09,96.7,994.73,2.39,0.0,0,Normal,0.16934626143576564
2020-11-25 23:00:00,0.95,97.4,994.72,2.2,0.0,0,Normal,0.16512879186431562
2020-11-25 23:10:00,0.87,97.8,994.73,2.36,0.0,0,Normal,0.16551117548446648
2020-11-25 23:20:00,0.75,98.0,994.79,2.19,0.0,0,Normal,0.16087481569042789
2020-11-25 23:30:00,0.63,98.5,994.91,2.22,0.0,0,Normal,0.15699215885813472
2020-11-25 23:40:00,0.56,99.0,994.95,2.78,0.0,0,Normal,0.14717314404521342
2020-11-25 23:50:00,0.49,98.8,994.99,2.39,0.0,0,Normal,0.15345540028549343
2020-11-26 00:00:00,0.33,99.5,995.05,2.57,0.0,0,Normal,0.14670895790578414
2020-11-26 00:10:00,0.28,99.7,995.09,2.15,0.0,0,Normal,0.14978003775326526
2020-11-26 00:20:00,0.27,99.9,995.1,2.22,0.0,0,Normal,0.1478732989788032
2020-11-26 00:30:00,0.34,99.8,995.11,2.31,0.0,0,Normal,0.14913180060213116
2020-11-26 00:40:00,0.31,99.9,995.19,2.26,0.0,0,Normal,0.14660789626320797
2020-11-26 00:50:00,0.33,99.8,995.2,2.47,0.0,0,Normal,0.14716342536153776
2020-11-26 01:00:00,0.27,99.7,995.19,2.47,0.0,0,Normal,0.14640865932836855
2020-11-26 01:10:00,0.19,100.0,995.19,2.35,0.0,0,Normal,0.14407703069507743
2020-11-26 01:20:00,0.17,100.0,995.18,2.34,0.0,0,Normal,0.14478272910099832
2020-11-26 01:30:00,0.07,100.0,995.16,2.56,0.0,0,Normal,0.1408879379179599
2020-11-26 01:40:00,-0.04,100.0,995.21,2.63,0.0,0,Normal,0.13932375328854352
2020-11-26 01:50:00,-0.04,100.0,995.26,2.57,0.0,0,Normal,0.13994759620118946
2020-11-26 02:00:00,-0.04,100.0,995.31,2.45,0.0,0,Normal,0.14186926176324977
2020-11-26 02:10:00,0.03,100.0,995.31,2.58,0.0,0,Normal,0.13994759620118946
2020-11-26 02:20:00,0.1,99.9,995.29,2.1,0.0,0,Normal,0.14688264017156383
2020-11-26 02:30:00,0.01,99.8,995.32,2.17,0.0,0,Normal,0.1476875786201745
2020-11-26 02:40:00,-0.27,100.0,995.25,3.2,0.0,0,Normal,0.12475911793827382
2020-11-26 02:50:00,-0.63,100.0,995.24,2.77,0.0,0,Normal,0.1359413480940106
2020-11-26 03:00:00,-0.84,100.0,995.27,2.2,0.0,0,Normal,0.14200495030800103
2020-11-26 03:10:00,-1.01,100.0,995.2,2.29,0.0,0,Normal,0.14111356314817786
2020-11-26 03:20:00,-1.1,100.0,995.07,2.56,0.0,0,Normal,0.1379936229969
2020-11-26 03:30:00,-1.09,100.0,995.15,2.32,0.0,0,Normal,0.14046200450487234
2020-11-26 03:40:00,-1.03,100.0,995.21,2.01,0.0,0,Normal,0.14195248561437585
2020-11-26 03:50:00,-1.02,100.0,995.21,1.89,0.0,0,Normal,0.1446789804569495
2020-11-26 04:00:00,-1.08,100.0,995.21,2.3,0.0,0,Normal,0.14083499393168591
2020-11-26 04:10:00,-1.15,100.0,995.22,2.12,0.0,0,Normal,0.1411752497294141
2020-11-26 04:20:00,-1.17,100.0,995.3,1.88,0.0,0,Normal,0.1445645098247102
2020-11-26 04:30:00,-1.07,100.0,995.29,2.14,0.0,0,Normal,0.1411752497294141
2020-11-26 04:40:00,-1.0,100.0,995.32,1.54,0.0,0,Normal,0.15044627846074204
2020-11-26 04:50:00,-0.93,100.0,995.36,1.72,0.0,0,Normal,0.14759665123045507
2020-11-26 05:00:00,-0.92,100.0,995.42,0.59,0.0,0,Normal,0.14623848219624103
2020-11-26 05:10:00,-0.85,100.0,995.46,0.5,0.0,0,Normal,0.1428761453936928
2020-11-26 05:20:00,-0.95,100.0,995.45,1.32,0.0,0,Normal,0.15237142129954434
2020-11-26 05:30:00,-0.94,100.0,995.49,1.24,0.0,0,Normal,0.1519204794939254
2020-11-26 05:40:00,-0.8,100.0,995.51,1.16,0.0,0,Normal,0.15173196805066397
2020-11-26 05:50:00,-0.7,100.0,995.61,0.81,0.0,0,Normal,0.15238873666076364
2020-11-26 06:00:00,-0.64,100.0,995.56,1.04,0.0,0,Normal,0.1514201947969392
2020-11-26 06:10:00,-0.68,100.0,995.49,0.65,0.0,0,Normal,0.14820448724889407
2020-11-26 06:20:00,-0.66,99.9,995.36,1.44,0.0,0,Normal,0.15519600615039197
2020-11-26 06:30:00,-0.97,100.0,995.46,1.38,0.0,0,Normal,0.1533510514588775
2020-11-26 06:40:00,-1.34,100.0,995.44,1.7,0.0,0,Normal,0.14578562260051842
2020-11-26 06:50:00,-1.53,100.0,995.51,1.59,0.0,0,Normal,0.14717628759685208
2020-11-26 07:00:00,-1.49,100.0,995.54,1.03,0.0,0,Normal,0.14925968893895203
2020-11-26 07:10:00,-1.51,100.0,995.46,1.28,0.0,0,Normal,0.1515035377321966
2020-11-26 07:20:00,-1.37,100.0,995.42,0.86,0.0,0,Normal,0.15080959868663907
2020-11-26 07:30:00,-1.2,100.0,995.56,1.72,0.0,0,Normal,0.14623411550961374
2020-11-26 07:40:00,-1.15,100.0,995.57,2.07,0.0,0,Normal,0.1396169036650755
2020-11-26 07:50:00,-1.16,100.0,995.68,1.61,0.0,0,Normal,0.14860191323504385
2020-11-26 08:00:00,-1.11,100.0,995.74,2.49,0.0,0,Normal,0.13816865427209074
2020-11-26 08:10:00,-1.11,100.0,995.8,2.51,0.0,0,Normal,0.1381229012293657
2020-11-26 08:20:00,-0.96,100.0,995.84,2.28,0.0,0,Normal,0.14044604971261787
2020-11-26 08:30:00,-0.79,100.0,995.82,2.24,0.0,0,Normal,0.14281474945338085
2020-11-26 08:40:00,-0.64,100.0,995.81,1.36,0.0,0,Normal,0.154680440756843
2020-11-26 08:50:00,-0.33,99.7,995.93,2.26,0.0,0,Normal,0.14578818267295163
2020-11-26 09:00:00,-0.19,99.8,995.93,1.31,0.0,0,Normal,0.1598053522232224
2020-11-26 09:10:00,-0.02,99.3,995.88,1.47,0.0,0,Normal,0.1587026793694012
2020-11-26 09:20:00,0.06,99.3,995.73,1.54,0.0,0,Normal,0.15755938329280023
2020-11-26 09:30:00,0.28,98.7,995.73,1.1,0.0,0,Normal,0.16209478655723614
2020-11-26 09:40:00,0.62,97.9,995.77,0.88,0.0,0,Normal,0.1650366866311055
2020-11-26 09:50:00,1.03,96.5,995.75,1.47,0.0,0,Normal,0.1748487952746855
2020-11-26 10:00:00,1.2,95.9,995.71,1.97,0.0,0,Normal,0.17652354263311054
2020-11-26 10:10:00,1.36,96.0,995.72,1.67,0.0,0,Normal,0.18293550550236437
2020-11-26 10:20:00,1.83,94.5,995.83,1.63,0.0,0,Normal,0.18420451048574538
2020-11-26 10:30:00,2.3,93.1,995.73,1.99,0.0,0,Normal,0.19646413583655215
2020-11-26 10:40:00,2.75,91.2,995.87,1.09,0.0,0,Normal,0.21043175291232236
2020-11-26 10:50:00,3.04,89.4,995.93,1.06,0.0,0,Normal,0.2185185231833051
2020-11-26 11:00:00,3.27,88.9,995.85,1.26,0.0,0,Normal,0.2201503515469257
2020-11-26 11:10:00,3.28,89.3,995.84,1.09,0.0,0,Normal,0.21878793399645302
2020-11-26 11:20:00,3.37,89.5,995.72,0.9,0.0,0,Normal,0.21701263636492546
2020-11-26 11:30:00,3.43,89.7,995.7,1.08,0.0,0,Normal,0.21822863863584624
2020-11-26 11:40:00,3.63,89.5,995.59,1.12,0.0,0,Normal,0.22116600172735285
2020-11-26 11:50:00,3.99,88.0,995.54,0.76,0.0,0,Normal,0.22229752821362114
2020-11-26 12:00:00,4.22,87.0,995.55,1.12,0.0,0,Normal,0.22637810030876904
2020-11-26 12:10:00,4.42,86.8,995.41,1.01,0.0,0,Normal,0.2292639195122353
2020-11-26 12:20:00,4.67,85.9,995.34,1.71,0.0,0,Normal,0.2310837057199016
2020-11-26 12:30:00,4.73,85.6,995.32,1.28,0.0,0,Normal,0.23368159678406442
2020-11-26 12:40:00,4.87,84.4,995.34,1.86,0.0,0,Normal,0.23376694902490663
2020-11-26 12:50:00,4.96,84.1,995.18,1.84,0.0,0,Normal,0.2358258366651091
2020-11-26 13:00:00,5.01,84.3,995.14,1.85,0.0,0,Normal,0.23411846884785126
2020-11-26 13:10:00,5.23,83.8,995.11,0.82,0.0,0,Normal,0.2335015762991352
2020-11-26 13:20:00,5.35,83.5,995.02,1.57,0.0,0,Normal,0.23800189642823993
2020-11-26 13:30:00,5.46,83.8,994.91,1.04,0.0,0,Normal,0.2370801375784905
2020-11-26 13:40:00,5.63,83.0,994.92,0.78,0.0,0,Normal,0.2323865918366686
2020-11-26 13:50:00,5.7,82.8,994.92,1.62,0.0,0,Normal,0.23675852240143141
2020-11-26 14:00:00,5.75,83.0,994.86,1.17,0.0,0,Normal,0.23686322756968686
2020-11-26 14:10:00,5.8,83.0,994.73,1.35,0.0,0,Normal,0.2377530721790923
2020-11-26 14:20:00,5.9,82.5,994.71,1.36,0.0,0,Normal,0.2357302808261974
2020-11-26 14:30:00,5.93,82.8,994.66,1.04,0.0,0,Normal,0.23608872282477394
2020-11-26 14:40:00,6.1,82.7,994.68,0.55,0.0,0,Normal,0.22633679063332507
2020-11-26 14:50:00,6.2,82.1,994.64,0.77,0.0,0,Normal,0.23107501429735472
2020-11-26 15:00:00,6.12,82.3,994.67,1.58,0.0,0,Normal,0.23440901229772587
2020-11-26 15:10:00,6.19,82.8,994.73,0.75,0.0,0,Normal,0.23174359227502755
2020-11-26 15:20:00,6.36,81.8,994.85,0.79,0.0,0,Normal,0.2327079362635675
2020-11-26 15:30:00,6.21,82.2,994.79,1.36,0.0,0,Normal,0.23629552865992076
2020-11-26 15:40:00,6.13,82.9,994.8,1.11,0.0,0,Normal,0.23732819676485212
2020-11-26 15:50:00,6.12,83.4,994.74,1.2,0.0,0,Normal,0.23574128298049563
2020-11-26 16:00:00,6.04,84.7,994.69,1.03,0.0,0,Normal,0.23303771895599046
2020-11-26 16:10:00,6.05,84.3,994.74,0.76,0.0,0,Normal,0.23050049083275587
2020-11-26 16:20:00,6.2,83.8,994.82,0.46,0.0,0,Normal,0.22422593495655052
2020-11-26 16:30:00,6.21,83.6,994.79,0.92,0.0,0,Normal,0.23617263515757125
2020-11-26 16:40:00,6.13,84.2,994.75,0.46,0.0,0,Normal,0.22159501385934044
2020-11-26 16:50:00,6.26,83.8,994.73,0.61,0.0,0,Normal,0.22902161323737807
2020-11-26 17:00:00,6.09,84.6,994.65,1.25,0.0,0,Normal,0.2345448363528545
2020-11-26 17:10:00,6.0,85.6,994.62,0.75,0.0,0,Normal,0.228935718617522
2020-11-26 17:20:00,6.02,85.3,994.61,0.59,0.0,0,Normal,0.2263210281632519
2020-11-26 17:30:00,6.09,84.9,994.64,0.61,0.0,0,Normal,0.22637151137837863
2020-11-26 17:40:00,6.02,85.2,994.71,0.5,0.0,0,Normal,0.22209458697004275
2020-11-26 17:50:00,5.99,84.7,994.77,0.99,0.0,0,Normal,0.23362172882073284
2020-11-26 18:00:00,5.9,85.5,994.84,0.87,0.0,0,Normal,0.23294123368608083
2020-11-26 18:10:00,5.82,86.0,994.94,0.85,0.0,0,Normal,0.23187258336590805
2020-11-26 18:20:00,5.66,86.8,994.99,1.2,0.0,0,Normal,0.23173258623569226
2020-11-26 18:30:00,5.51,88.5,995.05,0.65,0.0,0,Normal,0.2209368529562452
2020-11-26 18:40:00,5.27,90.5,995.07,0.79,0.0,0,Normal,0.21915409364184474
2020-11-26 18:50:00,5.09,88.4,994.99,0.92,0.0,0,Normal,0.22502328764695823
2020-11-26 19:00:00,4.83,86.8,994.92,2.15,0.0,0,Normal,0.22716719130159618
2020-11-26 19:10:00,4.49,86.2,994.88,2.31,0.0,0,Normal,0.22483591001868003
2020-11-26 19:20:00,4.2,86.9,994.84,2.23,0.0,0,Normal,0.22212567845299502
2020-11-26 19:30:00,3.93,87.5,994.87,2.41,0.0,0,Normal,0.2197773743648943
2020-11-26 19:40:00,3.7,87.7,994.9,2.41,0.0,0,Normal,0.22048742244386588
2020-11-26 19:50:00,3.56,88.3,994.95,1.29,0.0,0,Normal,0.22450743968205783
2020-11-26 20:00:00,3.36,88.3,994.93,1.49,0.0,0,Normal,0.22168778716523485
2020-11-26 20:10:00,3.08,89.3,994.87,1.97,0.0,0,Normal,0.21805696258461404
2020-11-26 20:20:00,2.85,89.8,994.95,1.88,0.0,0,Normal,0.21597739686444234
2020-11-26 20:30:00,2.72,90.2,995.04,1.31,0.0,0,Normal,0.2197608591991861
2020-11-26 20:40:00,2.48,92.1,995.08,1.18,0.0,0,Normal,0.20591753647672217
2020-11-26 20:50:00,2.36,92.9,995.05,0.97,0.0,0,Normal,0.20151413417904696
2020-11-26 21:00:00,2.21,93.4,995.03,0.81,0.0,0,Normal,0.1992233734415942
2020-11-26 21:10:00,2.04,94.9,995.01,0.98,0.0,0,Normal,0.18967746830477966
2020-11-26 21:20:00,1.78,95.5,994.88,1.54,0.0,0,Normal,0.18519708011526176
2020-11-26 21:30:00,1.43,95.8,994.82,1.58,0.0,0,Normal,0.18420817378206217
2020-11-26 21:40:00,1.27,95.3,994.9,1.28,0.0,0,Normal,0.18670221217637256
2020-11-26 21:50:00,1.1,95.8,994.96,0.95,0.0,0,Normal,0.1816930455356931
2020-11-26 22:00:00,1.07,95.8,995.01,0.41,0.0,0,Normal,0.16509766863314673
2020-11-26 22:10:00,1.09,95.8,995.08,0.54,0.0,0,Normal,0.1754993772982837
2020-11-26 22:20:00,1.02,96.0,995.07,0.81,0.0,0,Normal,0.18053613930245183
2020-11-26 22:30:00,0.98,96.0,995.14,1.18,0.0,0,Normal,0.18112408613631714
2020-11-26 22:40:00,1.0,95.9,995.17,0.92,0.0,0,Normal,0.18032939917908497
2020-11-26 22:50:00,1.1,95.4,995.11,0.6,0.0,0,Normal,0.18023901941242954
2020-11-26 23:00:00,1.08,95.4,995.11,0.6,0.0,0,Normal,0.17879864351889252
2020-11-26 23:10:00,0.77,98.0,995.03,1.31,0.0,0,Normal,0.16995364588219797
2020-11-26 23:20:00,0.73,98.8,994.98,0.89,0.0,0,Normal,0.162201499894433
2020-11-26 23:30:00,0.69,98.4,994.98,0.85,0.0,0,Normal,0.16530024492316375
2020-11-26 23:40:00,0.63,97.3,994.99,0.58,0.0,0,Normal,0.16369079242373247
2020-11-26 23:50:00,0.48,97.9,994.95,0.6,0.0,0,Normal,0.1613123361902291
2020-11-27 00:00:00,0.33,98.8,994.93,0.49,0.0,0,Normal,0.15281565554187065
2020-11-27 00:10:00,0.16,99.9,994.96,0.83,0.0,0,Normal,0.1572174588063236
2020-11-27 00:20:00,0.23,99.9,994.91,1.01,0.0,0,Normal,0.15607783307359535
2020-11-27 00:30:00,0.17,100.0,994.86,1.45,0.0,0,Normal,0.15627081913349739
2020-11-27 00:40:00,0.02,99.9,994.81,1.87,0.0,0,Normal,0.15011117695346943
2020-11-27 00:50:00,-0.07,100.0,994.73,0.84,0.0,0,Normal,0.15564086863089938
2020-11-27 01:00:00,-0.05,100.0,994.81,0.59,0.0,0,Normal,0.150303225998487
2020-11-27 01:10:00,-0.17,99.9,994.85,0.75,0.0,0,Normal,0.15565021577663035
2020-11-27 01:20:00,-0.34,99.8,994.83,0.61,0.0,0,Normal,0.15250997385433068
2020-11-27 01:30:00,-0.52,100.0,994.95,0.34,0.0,0,Normal,0.13244159079247708
2020-11-27 01:40:00,-0.39,100.0,995.04,0.28,0.0,0,Normal,0.13269710997238804
2020-11-27 01:50:00,-0.41,100.0,995.0,0.78,0.0,0,Normal,0.1529898385730789
2020-11-27 02:00:00,-0.53,100.0,994.96,0.67,0.0,0,Normal,0.15026572696480217
2020-11-27 02:10:00,-0.39,100.0,994.97,0.72,0.0,0,Normal,0.15276777481266468
2020-11-27 02:20:00,-0.38,100.0,994.93,0.92,0.0,0,Normal,0.15376508667366634
2020-11-27 02:30:00,-0.72,100.0,994.88,1.52,0.0,0,Normal,0.1526309146440077
2020-11-27 02:40:00,-0.88,100.0,994.9,0.65,0.0,0,Normal,0.14832242153929898
2020-11-27 02:50:00,-0.94,100.0,994.81,0.84,0.0,0,Normal,0.15315203118922355
2020-11-27 03:00:00,-0.96,100.0,994.82,1.1,0.0,0,Normal,0.15126091835290634
2020-11-27 03:10:00,-0.96,100.0,994.88,0.62,0.0,0,Normal,0.147491362427087
2020-11-27 03:20:00,-0.98,100.0,994.91,0.56,0.0,0,Normal,0.14551571725946089
2020-11-27 03:30:00,-0.98,100.0,994.88,0.99,0.0,0,Normal,0.15104170718714005
2020-11-27 03:40:00,-1.07,100.0,994.74,0.79,0.0,0,Normal,0.15104942527967885
2020-11-27 03:50:00,-1.13,100.0,994.63,1.03,0.0,0,Normal,0.1509489262042043
2020-11-27 04:00:00,-1.01,100.0,994.54,0.74,0.0,0,Normal,0.1511084946775761
2020-11-27 04:10:00,-0.99,100.0,994.54,1.23,0.0,0,Normal,0.1540160211287918
2020-11-27 04:20:00,-1.04,100.0,994.65,0.95,0.0,0,Normal,0.15117553463412475
2020-11-27 04:30:00,-0.92,100.0,994.64,0.95,0.0,0,Normal,0.15117553463412475
2020-11-27 04:40:00,-1.12,100.0,994.6,1.14,0.0,0,Normal,0.15253716466198664
2020-11-27 04:50:00,-1.19,100.0,994.56,1.13,0.0,0,Normal,0.15253716466198664
2020-11-27 05:00:00,-1.15,100.0,994.52,0.86,0.0,0,Normal,0.15228773449996685
2020-11-27 05:10:00,-1.03,100.0,994.51,0.51,0.0,0,Normal,0.14383627016814154
2020-11-27 05:20:00,-0.89,100.0,994.59,0.45,0.0,0,Normal,0.14103647379947742
2020-11-27 05:30:00,-0.68,99.6,994.5,0.7,0.0,0,Normal,0.15505321965733082
2020-11-27 05:40:00,-0.75,100.0,994.45,0.59,0.0,0,Normal,0.1485303040892707
2020-11-27 05:50:00,-0.66,99.9,994.4,0.53,0.0,0,Normal,0.14741119179003104
2020-11-27 06:00:00,-0.56,99.7,994.38,0.86,0.0,0,Normal,0.1566459658889678
2020-11-27 06:10:00,-0.78,100.0,994.35,0.99,0.0,0,Normal,0.15312901993753036
2020-11-27 06:20:00,-0.78,100.0,994.37,0.45,0.0,0,Normal,0.1423189311222604
2020-11-27 06:30:00,-0.62,100.0,994.41,0.67,0.0,0,Normal,0.149943497423277
2020-11-27 06:40:00,-0.51,100.0,994.5,0.96,0.0,0,Normal,0.15320492569073674
2020-11-27 06:50:00,-0.24,99.2,994.54,1.12,0.0,0,Normal,0.16076819742545884
2020-11-27 07:00:00,-0.07,98.5,994.54,0.56,0.0,0,Normal,0.15516148695989435
2020-11-27 07:10:00,0.2,97.1,994.64,0.53,0.0,0,Normal,0.15679852969149005
2020-11-27 07:20:00,0.23,96.9,994.66,0.96,0.0,0,Normal,0.16330090346763892
2020-11-27 07:30:00,0.22,97.5,994.61,0.79,0.0,0,Normal,0.161828068023949
2020-11-27 07:40:00,0.08,98.4,994.61,1.44,0.0,0,Normal,0.1632068871066455
2020-11-27 07:50:00,-0.06,99.1,994.67,1.49,0.0,0,Normal,0.15951776482864066
2020-11-27 08:00:00,0.24,98.0,994.77,0.69,0.0,0,Normal,0.16319562925326114
2020-11-27 08:10:00,0.27,97.0,994.8,1.22,0.0,0,Normal,0.16852637506987328
2020-11-27 08:20:00,0.23,97.7,994.8,1.11,0.0,0,Normal,0.1641982667577852
2020-11-27 08:30:00,0.31,97.8,994.84,0.64,0.0,0,Normal,0.16180035082493488
2020-11-27 08:40:00,0.37,97.6,994.92,0.81,0.0,0,Normal,0.16419253989093102
2020-11-27 08:50:00,0.38,97.1,994.99,0.82,0.0,0,Normal,0.16539463921291175
2020-11-27 09:00:00,0.31,97.3,994.97,0.79,0.0,0,Normal,0.16480425880770144
2020-11-27 09:10:00,0.42,97.6,994.88,0.63,0.0,0,Normal,0.16190438136393526
2020-11-27 09:20:00,0.68,97.0,994.91,0.74,0.0,0,Normal,0.1681323458562632
2020-11-27 09:30:00,0.73,96.8,994.86,1.02,0.0,0,Normal,0.16968585261518082
2020-11-27 09:40:00,0.57,98.3,994.81,1.71,0.0,0,Normal,0.1624317848394924
2020-11-27 09:50:00,0.59,98.7,994.83,0.91,0.0,0,Normal,0.16444264721439011
2020-11-27 10:00:00,0.92,97.3,994.91,0.66,0.0,0,Normal,0.16848103490883048
2020-11-27 10:10:00,1.15,95.6,994.95,1.36,0.0,0,Normal,0.18452045665439626
2020-11-27 10:20:00,1.06,96.1,994.87,1.12,0.0,0,Normal,0.18262677898847252
2020-11-27 10:30:00,1.15,95.7,994.91,1.04,0.0,0,Normal,0.18123836811438132
2020-11-27 10:40:00,1.24,95.7,994.95,0.79,0.0,0,Normal,0.1829227292535614
2020-11-27 10:50:00,1.46,94.5,994.95,0.59,0.0,0,Normal,0.18422572184374242
2020-11-27 11:00:00,1.68,93.7,994.87,0.64,0.0,0,Normal,0.18899295532220012
2020-11-27 11:10:00,2.0,91.8,994.84,0.54,0.0,0,Normal,0.1927828053528297
2020-11-27 11:20:00,1.94,92.0,994.89,0.89,0.0,0,Normal,0.19891210889915906
2020-11-27 11:30:00,2.08,91.5,994.89,0.37,0.0,0,Normal,0.1826850983755151
2020-11-27 11:40:00,2.51,89.6,994.86,0.62,0.0,0,Normal,0.2084567708892317
2020-11-27 11:50:00,2.63,89.2,994.84,0.76,0.0,0,Normal,0.216239321120004
2020-11-27 12:00:00,2.57,89.6,994.84,1.21,0.0,0,Normal,0.21633734617475503
2020-11-27 12:10:00,2.64,89.2,994.83,1.04,0.0,0,Normal,0.21772032164048533
2020-11-27 12:20:00,2.85,88.9,994.76,1.46,0.0,0,Normal,0.2192551351415738
2020-11-27 12:30:00,3.15,88.2,994.66,0.8,0.0,0,Normal,0.2196376704164753
2020-11-27 12:40:00,3.68,86.8,994.65,0.86,0.0,0,Normal,0.22570527357591758
2020-11-27 12:50:00,4.61,83.7,994.64,0.68,0.0,0,Normal,0.2283359120445409
2020-11-27 13:00:00,4.93,81.9,994.52,0.84,0.0,0,Normal,0.23285847115738634
2020-11-27 13:10:00,5.89,77.46,994.38,0.86,0.0,0,Normal,0.23633173161107518
2020-11-27 13:20:00,5.57,79.14,994.25,1.6,0.0,0,Normal,0.23755641273617983
2020-11-27 13:30:00,5.79,78.0,994.15,0.46,0.0,0,Normal,0.22623588965231028
2020-11-27 13:40:00,6.6,74.27,994.07,0.95,0.0,0,Normal,0.24168761891526241
2020-11-27 13:50:00,6.43,74.42,994.02,1.09,0.0,0,Normal,0.24235108788437487
2020-11-27 14:00:00,6.54,74.09,993.9,1.0,0.0,0,Normal,0.24190799314490358
2020-11-27 14:10:00,6.7,73.36,993.83,1.16,0.0,0,Normal,0.24437066020615344
2020-11-27 14:20:00,6.76,73.42,993.8,1.24,0.0,0,Normal,0.24489599074705076
2020-11-27 14:30:00,6.92,72.87,993.84,0.86,0.0,0,Normal,0.2396611622075624
2020-11-27 14:40:00,6.82,72.95,993.89,0.83,0.0,0,Normal,0.23895427860925694
2020-11-27 14:50:00,6.95,72.87,993.96,0.74,0.0,0,Normal,0.23795657155715572
2020-11-27 15:00:00,6.34,75.22,994.02,1.49,0.0,0,Normal,0.24327906238099023
2020-11-27 15:10:00,6.26,75.54,994.04,0.86,0.0,0,Normal,0.23833868665825947
2020-11-27 15:20:00,6.71,73.9,994.12,0.55,0.0,0,Normal,0.23523603243254898
2020-11-27 15:30:00,6.7,73.91,994.18,0.65,0.0,0,Normal,0.23645790257898003
2020-11-27 15:40:00,6.54,74.52,994.12,0.6,0.0,0,Normal,0.23532359532800434
2020-11-27 15:50:00,6.11,76.87,994.02,1.7,0.0,0,Normal,0.24084568863015715
2020-11-27 16:00:00,5.64,79.19,993.97,1.42,0.0,0,Normal,0.23922815451581336
2020-11-27 16:10:00,5.29,80.7,993.96,1.65,0.0,0,Normal,0.23732520669591983
2020-11-27 16:20:00,5.29,81.1,993.96,1.47,0.0,0,Normal,0.23750727435790459
2020-11-27 16:30:00,5.34,81.3,993.91,1.3,0.0,0,Normal,0.239223137742472
2020-11-27 16:40:00,4.72,83.9,993.95,0.48,0.0,0,Normal,0.2234693573401167
2020-11-27 16:50:00,4.16,87.0,994.02,0.8,0.0,0,Normal,0.22740308284613936
2020-11-27 17:00:00,4.15,87.2,994.12,0.6,0.0,0,Normal,0.2217924194757896
2020-11-27 17:10:00,3.99,88.2,994.22,1.16,0.0,0,Normal,0.22421718822743636
2020-11-27 17:20:00,3.98,88.3,994.34,0.65,0.0,0,Normal,0.21814754381983525
2020-11-27 17:30:00,3.88,88.7,994.47,0.8,0.0,0,Normal,0.22101451749541345
2020-11-27 17:40:00,3.42,90.5,994.58,0.59,0.0,0,Normal,0.21102789439037734
2020-11-27 17:50:00,3.21,92.4,994.72,0.69,0.0,0,Normal,0.20843488222461393
2020-11-27 18:00:00,3.34,91.2,994.8,0.46,0.0,0,Normal,0.20244539277318796
2020-11-27 18:10:00,3.18,92.7,994.77,0.48,0.0,0,Normal,0.20137198895778402
2020-11-27 18:20:00,3.31,92.3,994.76,0.33,0.0,0,Normal,0.18978363246986618
2020-11-27 18:30:00,3.2,92.5,994.89,1.12,0.0,0,Normal,0.2122299114754807
2020-11-27 18:40:00,3.09,94.7,994.87,0.76,0.0,0,Normal,0.20348679641186335
2020-11-27 18:50:00,3.01,94.9,994.86,0.62,0.0,0,Normal,0.19838282661589524
2020-11-27 19:00:00,2.86,96.7,994.83,0.81,0.0,0,Normal,0.1935680230729453
2020-11-27 19:10:00,2.94,94.6,994.86,0.25,0.0,0,Normal,0.17663460121532937
2020-11-27 19:20:00,2.63,96.1,994.98,0.78,0.0,0,Normal,0.19878996282783384
2020-11-27 19:30:00,2.29,98.3,995.05,0.65,0.0,0,Normal,0.1769831028482527
2020-11-27 19:40:00,2.01,96.6,995.1,0.28,0.0,0,Normal,0.1641966925633745
2020-11-27 19:50:00,1.74,97.8,995.2,0.33,0.0,0,Normal,0.15702346764770497
2020-11-27 20:00:00,1.83,97.1,995.17,0.36,0.0,0,Normal,0.15842366904193206
2020-11-27 20:10:00,1.64,99.3,995.06,1.43,0.0,0,Normal,0.17158185889127853
2020-11-27 20:20:00,1.62,99.9,995.04,0.91,0.0,0,Normal,0.1661914262396194
2020-11-27 20:30:00,1.45,99.4,995.07,0.67,0.0,0,Normal,0.16685667023128442
2020-11-27 20:40:00,1.17,99.2,995.13,0.39,0.0,0,Normal,0.14959559461279143
2020-11-27 20:50:00,1.13,100.0,995.19,0.75,0.0,0,Normal,0.16083613039709632
2020-11-27 21:00:00,1.28,99.4,995.23,0.31,0.0,0,Normal,0.1472848781624423
2020-11-27 21:10:00,1.29,99.0,995.24,0.33,0.0,0,Normal,0.14858488593488367
2020-11-27 21:20:00,1.11,99.8,995.23,0.44,0.0,0,Normal,0.15449809600875486
2020-11-27 21:30:00,1.09,100.0,995.18,0.55,0.0,0,Normal,0.155162429600966
2020-11-27 21:40:00,1.12,100.0,995.18,1.06,0.0,0,Normal,0.16338312063853483
2020-11-27 21:50:00,1.41,99.5,995.1,0.46,0.0,0,Normal,0.16166671104630065
2020-11-27 22:00:00,1.43,98.6,995.04,0.47,0.0,0,Normal,0.16478786914210397
2020-11-27 22:10:00,1.29,98.8,995.03,0.37,0.0,0,Normal,0.14908766273519636
2020-11-27 22:20:00,1.0,99.8,995.0,0.61,0.0,0,Normal,0.1604071088181409
2020-11-27 22:30:00,0.89,99.9,994.96,0.84,0.0,0,Normal,0.16320832916089645
2020-11-27 22:40:00,0.96,99.8,994.94,0.37,0.0,0,Normal,0.14400794928299493
2020-11-27 22:50:00,0.93,99.7,994.95,0.51,0.0,0,Normal,0.15718636991642188
2020-11-27 23:00:00,0.94,99.7,994.99,0.61,0.0,0,Normal,0.16042998871718406
2020-11-27 23:10:00,0.77,100.0,995.0,0.6,0.0,0,Normal,0.15449663852040307
2020-11-27 23:20:00,0.85,100.0,995.1,0.32,0.0,0,Normal,0.1409671171105315
2020-11-27 23:30:00,1.0,99.5,995.21,0.32,0.0,0,Normal,0.14558286953596966
2020-11-27 23:40:00,0.79,99.8,995.18,0.36,0.0,0,Normal,0.14149130648984115
2020-11-27 23:50:00,0.66,100.0,995.17,0.91,0.0,0,Normal,0.15835304133502748
2020-11-28 00:00:00,0.5,100.0,995.19,0.72,0.0,0,Normal,0.15587636274314026
2020-11-28 00:10:00,0.31,100.0,995.18,0.76,0.0,0,Normal,0.15727536610942672
2020-11-28 00:20:00,0.42,100.0,995.04,0.48,0.0,0,Normal,0.14813219177760262
2020-11-28 00:30:00,0.48,100.0,994.98,0.93,0.0,0,Normal,0.1572468409470812
2020-11-28 00:40:00,0.38,100.0,994.89,0.78,0.0,0,Normal,0.15544843332046365
2020-11-28 00:50:00,0.36,100.0,994.86,0.43,0.0,0,Normal,0.141804140186592
2020-11-28 01:00:00,0.45,100.0,994.84,0.46,0.0,0,Normal,0.14792139155482498
2020-11-28 01:10:00,0.34,100.0,994.89,1.05,0.0,0,Normal,0.15768284652812337
2020-11-28 01:20:00,0.2,100.0,994.97,1.26,0.0,0,Normal,0.15704016318069725
2020-11-28 01:30:00,-0.01,100.0,994.95,1.24,0.0,0,Normal,0.1567262478215743
2020-11-28 01:40:00,-0.06,100.0,995.0,0.69,0.0,0,Normal,0.1536806859029501
2020-11-28 01:50:00,-0.04,100.0,995.11,0.68,0.0,0,Normal,0.15308227825880028
2020-11-28 02:00:00,-0.08,100.0,995.16,0.95,0.0,0,Normal,0.15388996413870598
2020-11-28 02:10:00,-0.13,100.0,995.17,0.86,0.0,0,Normal,0.15499577189743208
2020-11-28 02:20:00,-0.16,100.0,995.19,0.96,0.0,0,Normal,0.15254871727993613
2020-11-28 02:30:00,-0.23,100.0,995.19,1.32,0.0,0,Normal,0.15533089442476528
2020-11-28 02:40:00,-0.33,100.0,995.24,2.01,0.0,0,Normal,0.1441182814654683
2020-11-28 02:50:00,-0.41,100.0,995.27,1.8,0.0,0,Normal,0.14832849421187694
2020-11-28 03:00:00,-0.4,100.0,995.3,1.07,0.0,0,Normal,0.1540893612559564
2020-11-28 03:10:00,-0.35,100.0,995.28,0.68,0.0,0,Normal,0.1520193189206161
2020-11-28 03:20:00,-0.3,100.0,995.23,0.66,0.0,0,Normal,0.15069565365644005
2020-11-28 03:30:00,-0.24,100.0,995.19,0.8,0.0,0,Normal,0.15341989929244698
2020-11-28 03:40:00,-0.22,100.0,995.1,0.59,0.0,0,Normal,0.149248775141896
2020-11-28 03:50:00,-0.25,100.0,995.03,0.85,0.0,0,Normal,0.1549731441981606
2020-11-28 04:00:00,-0.22,100.0,995.0,0.45,0.0,0,Normal,0.1431563648138795
2020-11-28 04:10:00,-0.2,100.0,994.95,0.45,0.0,0,Normal,0.14332022696851388
2020-11-28 04:20:00,-0.22,100.0,994.97,0.88,0.0,0,Normal,0.15356689331697004
2020-11-28 04:30:00,-0.27,100.0,995.01,0.91,0.0,0,Normal,0.15413833029229407
2020-11-28 04:40:00,-0.31,100.0,995.05,0.79,0.0,0,Normal,0.1537168768581184
2020-11-28 04:50:00,-0.31,100.0,995.08,1.21,0.0,0,Normal,0.15431462821495356
2020-11-28 05:00:00,-0.3,100.0,995.1,1.22,0.0,0,Normal,0.154831023298946
2020-11-28 05:10:00,-0.33,100.0,995.06,1.22,0.0,0,Normal,0.1550800932734097
2020-11-28 05:20:00,-0.38,100.0,995.0,1.21,0.0,0,Normal,0.15342649345963205
2020-11-28 05:30:00,-0.4,100.0,994.95,1.13,0.0,0,Normal,0.1537377242229776
2020-11-28 05:40:00,-0.4,100.0,994.88,1.1,0.0,0,Normal,0.15338484665136703
2020-11-28 05:50:00,-0.36,100.0,994.94,1.04,0.0,0,Normal,0.15306255104613065
2020-11-28 06:00:00,-0.34,100.0,995.1,1.5,0.0,0,Normal,0.15313897941432963
2020-11-28 06:10:00,-0.38,100.0,995.25,2.16,0.0,0,Normal,0.14378396581167086
2020-11-28 06:20:00,-0.42,100.0,995.41,2.42,0.0,0,Normal,0.1431463585033666
2020-11-28 06:30:00,-0.5,100.0,995.52,2.65,0.0,0,Normal,0.13783433824807723
2020-11-28 06:40:00,-0.58,100.0,995.58,1.43,0.0,0,Normal,0.1526987599259913
2020-11-28 06:50:00,-0.57,100.0,995.65,0.81,0.0,0,Normal,0.15225246214348714
2020-11-28 07:00:00,-0.49,100.0,995.54,0.91,0.0,0,Normal,0.15264975963348748
2020-11-28 07:10:00,-0.48,100.0,995.58,1.35,0.0,0,Normal,0.15423056865765988
2020-11-28 07:20:00,-0.46,100.0,995.66,1.29,0.0,0,Normal,0.15451478953990722
2020-11-28 07:30:00,-0.37,100.0,995.78,1.62,0.0,0,Normal,0.15133020948995363
2020-11-28 07:40:00,-0.35,100.0,995.82,1.4,0.0,0,Normal,0.15598386199322212
2020-11-28 07:50:00,-0.31,100.0,995.87,0.9,0.0,0,Normal,0.1533428121110843
2020-11-28 08:00:00,-0.27,100.0,996.0,0.91,0.0,0,Normal,0.15329295021727074
2020-11-28 08:10:00,-0.27,100.0,996.09,1.05,0.0,0,Normal,0.1548218994477562
2020-11-28 08:20:00,-0.31,100.0,996.19,0.94,0.0,0,Normal,0.15244657047634402
2020-11-28 08:30:00,-0.27,100.0,996.27,0.82,0.0,0,Normal,0.15238162221990098
2020-11-28 08:40:00,-0.24,100.0,996.32,0.59,0.0,0,Normal,0.14746237484485986
2020-11-28 08:50:00,-0.22,100.0,996.29,0.8,0.0,0,Normal,0.15222222762811816
2020-11-28 09:00:00,-0.22,100.0,996.35,0.74,0.0,0,Normal,0.15149895118550327
2020-11-28 09:10:00,-0.21,100.0,996.51,0.75,0.0,0,Normal,0.15169476122135683
2020-11-28 09:20:00,-0.19,100.0,996.64,0.51,0.0,0,Normal,0.1432546626114678
2020-11-28 09:30:00,-0.14,100.0,996.71,0.34,0.0,0,Normal,0.12927611261025995
2020-11-28 09:40:00,-0.08,100.0,996.78,0.66,0.0,0,Normal,0.14821065673367212
2020-11-28 09:50:00,0.31,100.0,996.85,0.36,0.0,0,Normal,0.13046848001483297
2020-11-28 10:00:00,0.36,100.0,996.86,0.57,0.0,0,Normal,0.14848320871303927
2020-11-28 10:10:00,0.32,100.0,996.85,0.92,0.0,0,Normal,0.1536247924471515
2020-11-28 10:20:00,0.4,100.0,996.87,1.08,0.0,0,Normal,0.15357498993216295
2020-11-28 10:30:00,0.61,100.0,996.88,0.67,0.0,0,Normal,0.15181804835582324
2020-11-28 10:40:00,0.92,100.0,996.89,0.47,0.0,0,Normal,0.14882557091548226
2020-11-28 10:50:00,1.02,100.0,996.89,0.65,0.0,0,Normal,0.1541050224448765
2020-11-28 11:00:00,1.02,100.0,996.87,0.63,0.0,0,Normal,0.15359278268448384
2020-11-28 11:10:00,1.23,100.0,996.86,0.29,0.0,0,Normal,0.13806003064330818
2020-11-28 11:20:00,1.47,100.0,996.93,0.56,0.0,0,Normal,0.15600532594792177
2020-11-28 11:30:00,1.56,100.0,996.94,0.79,0.0,0,Normal,0.16098613931884354
2020-11-28 11:40:00,1.37,100.0,997.0,1.4,0.0,0,Normal,0.16242365640525408
2020-11-28 11:50:00,1.37,100.0,996.94,0.79,0.0,0,Normal,0.16135823577009156
2020-11-28 12:00:00,1.41,100.0,996.85,0.73,0.0,0,Normal,0.16102655725019938
2020-11-28 12:10:00,1.5,100.0,996.84,1.34,0.0,0,Normal,0.1629009008478135
2020-11-28 12:20:00,1.58,100.0,996.77,1.5,0.0,0,Normal,0.16009095197064832
2020-11-28 12:30:00,1.66,100.0,996.69,1.47,0.0,0,Normal,0.16255901897999636
2020-11-28 12:40:00,1.75,100.0,996.73,2.58,0.0,0,Normal,0.15150577859583442
2020-11-28 12:50:00,1.86,98.6,996.72,2.22,0.0,0,Normal,0.16389724086406826
2020-11-28 13:00:00,1.98,95.1,996.64,2.76,0.0,0,Normal,0.1731688195387337
2020-11-28 13:10:00,2.04,91.7,996.63,3.47,0.0,0,Normal,0.16131652518341888
2020-11-28 13:20:00,2.02,90.4,996.62,3.54,0.0,0,Normal,0.16531206264616766
2020-11-28 13:30:00,2.05,90.6,996.54,2.61,0.0,0,Normal,0.1915497492014942
2020-11-28 13:40:00,2.07,90.9,996.52,2.66,0.0,0,Normal,0.19140218402278586
2020-11-28 13:50:00,2.17,91.0,996.48,2.62,0.0,0,Normal,0.19344925987833045
2020-11-28 14:00:00,2.2,90.0,996.48,2.6,0.0,0,Normal,0.19911867934583993
2020-11-28 14:10:00,2.13,89.7,996.39,3.08,0.0,0,Normal,0.18406073651255073
2020-11-28 14:20:00,2.07,89.7,996.42,3.38,0.0,0,Normal,0.1734292282121629
2020-11-28 14:30:00,2.02,89.1,996.43,3.94,0.0,0,Normal,0.1568746153629489
2020-11-28 14:40:00,1.98,88.8,996.39,3.56,0.0,0,Normal,0.16806181896124223
2020-11-28 14:50:00,1.96,89.0,996.43,3.31,0.0,0,Normal,0.1752700417493357
2020-11-28 15:00:00,1.97,89.2,996.47,2.96,0.0,0,Normal,0.18546021097759907
2020-11-28 15:10:00,1.98,88.8,996.5,2.48,0.0,0,Normal,0.19954571561228474
2020-11-28 15:20:00,1.99,88.7,996.52,2.54,0.0,0,Normal,0.1961257962412135
2020-11-28 15:30:00,1.92,88.4,996.55,2.85,0.0,0,Normal,0.18829516393302864
2020-11-28 15:40:00,1.87,88.8,996.61,2.13,0.0,0,Normal,0.19776412254906195
2020-11-28 15:50:00,1.82,88.4,996.69,3.25,0.0,0,Normal,0.17349123793509907
2020-11-28 16:00:00,1.79,88.5,996.84,2.66,0.0,0,Normal,0.18790436275872124
2020-11-28 16:10:00,1.78,87.7,996.98,2.65,0.0,0,Normal,0.19059165832603886
2020-11-28 16:20:00,1.77,87.4,997.06,2.43,0.0,0,Normal,0.19333832623276737
2020-11-28 16:30:00,1.8,87.1,997.12,2.45,0.0,0,Normal,0.1947778918153344
2020-11-28 16:40:00,1.84,87.4,997.19,1.66,0.0,0,Normal,0.19870826682437492
2020-11-28 16:50:00,1.89,86.1,997.26,2.56,0.0,0,Normal,0.19612736549764803
2020-11-28 17:00:00,1.93,85.3,997.29,2.81,0.0,0,Normal,0.19358670289563046
2020-11-28 17:10:00,1.97,85.2,997.28,2.33,0.0,0,Normal,0.20408650143345924
2020-11-28 17:20:00,2.01,85.2,997.28,2.3,0.0,0,Normal,0.20559267273686815
2020-11-28 17:30:00,2.05,85.2,997.28,2.13,0.0,0,Normal,0.20677192736530786
2020-11-28 17:40:00,2.04,85.4,997.29,1.88,0.0,0,Normal,0.20804161409804683
2020-11-28 17:50:00,2.06,85.7,997.42,1.58,0.0,0,Normal,0.2095829950737121
2020-11-28 18:00:00,2.06,85.4,997.53,1.73,0.0,0,Normal,0.20897808805794932
2020-11-28 18:10:00,2.01,85.1,997.58,2.09,0.0,0,Normal,0.20558501044681476
2020-11-28 18:20:00,2.01,85.2,997.68,1.94,0.0,0,Normal,0.20675141664973806
2020-11-28 18:30:00,1.97,85.3,997.8,2.48,0.0,0,Normal,0.20125282286466523
2020-11-28 18:40:00,1.95,85.0,997.9,3.14,0.0,0,Normal,0.18042174141086859
2020-11-28 18:50:00,1.87,84.2,997.9,3.2,0.0,0,Normal,0.1773471119253736
2020-11-28 19:00:00,1.84,84.4,997.95,2.65,0.0,0,Normal,0.19356846820204548
2020-11-28 19:10:00,1.83,84.2,997.98,2.6,0.0,0,Normal,0.19444291266751557
2020-11-28 19:20:00,1.83,84.3,997.96,2.4,0.0,0,Normal,0.1992395283078235
2020-11-28 19:30:00,1.8,83.3,997.98,3.57,0.0,0,Normal,0.16890968389915456
2020-11-28 19:40:00,1.69,82.5,998.05,4.07,0.0,0,Normal,0.14765536940901802
2020-11-28 19:50:00,1.6,82.0,998.15,3.94,0.0,0,Normal,0.15205513906494916
2020-11-28 20:00:00,1.55,82.3,998.24,3.3,0.0,0,Normal,0.16997939986615684
2020-11-28 20:10:00,1.48,80.0,998.28,3.99,0.0,0,Normal,0.15457467217469278
2020-11-28 20:20:00,1.42,79.63,998.37,3.4,0.0,0,Normal,0.17324130654756315
2020-11-28 20:30:00,1.42,79.64,998.42,2.16,0.0,0,Normal,0.20272743631638185
2020-11-28 20:40:00,1.45,79.34,998.49,2.81,0.0,0,Normal,0.1863933693523615
2020-11-28 20:50:00,1.46,79.01,998.5,2.9,0.0,0,Normal,0.18517523803172886
2020-11-28 21:00:00,1.51,78.67,998.57,2.33,0.0,0,Normal,0.20024518170521388
2020-11-28 21:10:00,1.58,77.69,998.61,2.69,0.0,0,Normal,0.19466531543536875
2020-11-28 21:20:00,1.63,76.63,998.61,2.06,0.0,0,Normal,0.20105312947240844
2020-11-28 21:30:00,1.73,76.02,998.66,1.73,0.0,0,Normal,0.20443467275701455
2020-11-28 21:40:00,1.75,75.64,998.69,1.83,0.0,0,Normal,0.20446853063846976
2020-11-28 21:50:00,1.79,75.12,998.71,2.11,0.0,0,Normal,0.20518907077452664
2020-11-28 22:00:00,1.81,74.58,998.66,2.16,0.0,0,Normal,0.2047813784579089
2020-11-28 22:10:00,1.85,74.22,998.61,2.04,0.0,0,Normal,0.20497950451914382
2020-11-28 22:20:00,1.85,73.91,998.55,2.26,0.0,0,Normal,0.20654662495011067
2020-11-28 22:30:00,1.85,74.39,998.64,1.93,0.0,0,Normal,0.2065675775628068
2020-11-28 22:40:00,1.87,73.98,998.68,2.09,0.0,0,Normal,0.20561677202496764
2020-11-28 22:50:00,1.89,73.52,998.72,2.29,0.0,0,Normal,0.2077011316383225
2020-11-28 23:00:00,1.89,74.13,998.79,1.89,0.0,0,Normal,0.2078884619742704
2020-11-28 23:10:00,1.88,73.84,998.84,1.88,0.0,0,Normal,0.2072107073448216
2020-11-28 23:20:00,1.85,73.68,998.89,1.89,0.0,0,Normal,0.2075095302749651
2020-11-28 23:30:00,1.87,74.87,998.9,1.06,0.0,0,Normal,0.20678170087232495
2020-11-28 23:40:00,1.9,74.73,998.9,1.06,0.0,0,Normal,0.20852262010247397
2020-11-28 23:50:00,1.87,73.65,998.97,1.64,0.0,0,Normal,0.20721592732281813
2020-11-29 00:00:00,1.94,72.86,999.03,1.74,0.0,0,Normal,0.21043044538595435
2020-11-29 00:10:00,1.97,73.08,999.02,1.66,0.0,0,Normal,0.2111232552751719
2020-11-29 00:20:00,1.98,73.28,998.94,1.25,0.0,0,Normal,0.21109245314322594
2020-11-29 00:30:00,1.94,73.3,998.81,0.96,0.0,0,Normal,0.20695160648969058
2020-11-29 00:40:00,1.97,72.8,998.65,0.93,0.0,0,Normal,0.20754392946217748
2020-11-29 00:50:00,1.85,74.66,998.59,1.07,0.0,0,Normal,0.2065924712386435
2020-11-29 01:00:00,1.74,74.74,998.47,0.82,0.0,0,Normal,0.20270963108663326
2020-11-29 01:10:00,1.86,74.58,998.43,0.72,0.0,0,Normal,0.20261674373283145
2020-11-29 01:20:00,1.72,76.13,998.51,0.88,0.0,0,Normal,0.20186564147471664
2020-11-29 01:30:00,1.56,77.36,998.53,0.52,0.0,0,Normal,0.19570936986368492
2020-11-29 01:40:00,1.57,78.2,998.53,0.55,0.0,0,Normal,0.19638885338938455
2020-11-29 01:50:00,1.67,78.0,998.58,0.78,0.0,0,Normal,0.2016334880872327
2020-11-29 02:00:00,1.37,79.86,998.6,0.6,0.0,0,Normal,0.19452188701093226
2020-11-29 02:10:00,1.28,79.62,998.59,0.99,0.0,0,Normal,0.20032431998143818
2020-11-29 02:20:00,1.28,79.23,998.53,1.07,0.0,0,Normal,0.2008787832393904
2020-11-29 02:30:00,1.32,78.1,998.53,1.1,0.0,0,Normal,0.2060437123311824
2020-11-29 02:40:00,1.39,77.07,998.56,0.96,0.0,0,Normal,0.20234421438367622
2020-11-29 02:50:00,1.39,77.01,998.53,0.99,0.0,0,Normal,0.2033890625587464
2020-11-29 03:00:00,1.33,77.2,998.5,1.0,0.0,0,Normal,0.20449875978794418
2020-11-29 03:10:00,1.32,77.87,998.45,0.54,0.0,0,Normal,0.19602279120328026
2020-11-29 03:20:00,1.22,80.3,998.44,0.92,0.0,0,Normal,0.1993210990723001
2020-11-29 03:30:00,1.36,79.98,998.46,0.71,0.0,0,Normal,0.19799077382939329
2020-11-29 03:40:00,1.15,81.8,998.47,1.13,0.0,0,Normal,0.20048389007976103
2020-11-29 03:50:00,1.13,82.5,998.45,0.69,0.0,0,Normal,0.1931149736695436
2020-11-29 04:00:00,1.19,81.9,998.36,1.13,0.0,0,Normal,0.2021995454637815
2020-11-29 04:10:00,1.23,82.0,998.33,0.51,0.0,0,Normal,0.19150894120003625
2020-11-29 04:20:00,1.31,81.4,998.28,0.38,0.0,0,Normal,0.18373568492085746
2020-11-29 04:30:00,1.31,81.8,998.26,0.7,0.0,0,Normal,0.19696411231763328
2020-11-29 04:40:00,1.29,81.0,998.25,0.89,0.0,0,Normal,0.19950795078781625
2020-11-29 04:50:00,1.27,83.0,998.33,0.47,0.0,0,Normal,0.19058668923759436
2020-11-29 05:00:00,1.24,83.6,998.36,0.27,0.0,0,Normal,0.17799619085865132
2020-11-29 05:10:00,1.23,83.4,998.27,0.67,0.0,0,Normal,0.19558405593946732
2020-11-29 05:20:00,1.25,83.1,998.29,0.29,0.0,0,Normal,0.17930906562409088
2020-11-29 05:30:00,1.27,82.7,998.26,0.62,0.0,0,Normal,0.19284931903697916
2020-11-29 05:40:00,1.24,81.9,998.21,1.21,0.0,0,Normal,0.20121027716858553
2020-11-29 05:50:00,1.21,85.0,998.28,0.44,0.0,0,Normal,0.18787306847862228
2020-11-29 06:00:00,1.18,84.2,998.32,1.0,0.0,0,Normal,0.19853861982897908
2020-11-29 06:10:00,1.19,84.8,998.37,1.01,0.0,0,Normal,0.19952700563778214
2020-11-29 06:20:00,1.18,84.7,998.36,1.23,0.0,0,Normal,0.20077195522605312
2020-11-29 06:30:00,1.19,85.0,998.4,1.54,0.0,0,Normal,0.1991162244474352
2020-11-29 06:40:00,1.17,85.1,998.47,1.8,0.0,0,Normal,0.1957943614677476
2020-11-29 06:50:00,1.14,85.9,998.48,2.3,0.0,0,Normal,0.18806999325783302
2020-11-29 07:00:00,1.13,86.6,998.58,1.61,0.0,0,Normal,0.19330321609538992
2020-11-29 07:10:00,1.14,87.1,998.7,2.09,0.0,0,Normal,0.18399356050284926
2020-11-29 07:20:00,1.2,87.3,998.78,2.21,0.0,0,Normal,0.18082110122418366
2020-11-29 07:30:00,1.22,87.5,998.83,2.52,0.0,0,Normal,0.17747013954081903
2020-11-29 07:40:00,1.18,87.9,998.9,1.81,0.0,0,Normal,0.18605596065402408
2020-11-29 07:50:00,1.18,88.1,998.96,1.59,0.0,0,Normal,0.18775376470029564
2020-11-29 08:00:00,1.35,86.9,999.0,0.84,0.0,0,Normal,0.19410329155354178
2020-11-29 08:10:00,1.37,87.4,999.05,0.87,0.0,0,Normal,0.1907840485646194
2020-11-29 08:20:00,1.34,87.8,999.08,0.86,0.0,0,Normal,0.19075677651772005
2020-11-29 08:30:00,1.35,88.2,999.18,1.36,0.0,0,Normal,0.1924257693436741
2020-11-29 08:40:00,1.35,88.5,999.26,1.29,0.0,0,Normal,0.19065376872604994
2020-11-29 08:50:00,1.39,88.3,999.34,0.79,0.0,0,Normal,0.18819387416158567
2020-11-29 09:00:00,1.52,87.8,999.35,0.81,0.0,0,Normal,0.18947423158530824
2020-11-29 09:10:00,1.58,87.0,999.36,0.84,0.0,0,Normal,0.19384332265530757
2020-11-29 09:20:00,1.71,86.5,999.52,0.99,0.0,0,Normal,0.19682794380957352
2020-11-29 09:30:00,1.77,85.1,999.58,1.08,0.0,0,Normal,0.20055121884195276
2020-11-29 09:40:00,1.94,84.8,999.61,1.22,0.0,0,Normal,0.20400921008362527
2020-11-29 09:50:00,1.96,85.8,999.68,1.19,0.0,0,Normal,0.20145172851237664
2020-11-29 10:00:00,1.88,86.9,999.73,1.45,0.0,0,Normal,0.19874639939272398
2020-11-29 10:10:00,1.97,86.0,999.79,2.28,0.0,0,Normal,0.1962245228656771
2020-11-29 10:20:00,1.98,85.7,999.82,2.62,0.0,0,Normal,0.19303996614684538
2020-11-29 10:30:00,1.94,85.5,999.84,2.45,0.0,0,Normal,0.1973813513015476
2020-11-29 10:40:00,1.98,86.3,999.82,2.03,0.0,0,Normal,0.19533268652050884
2020-11-29 10:50:00,2.05,85.6,999.81,1.58,0.0,0,Normal,0.20374502435370795
2020-11-29 11:00:00,2.05,86.3,999.8,1.83,0.0,0,Normal,0.198056251657948
2020-11-29 11:10:00,2.1,84.6,999.81,2.0,0.0,0,Normal,0.2032464084002667
2020-11-29 11:20:00,2.19,84.0,999.76,2.06,0.0,0,Normal,0.20607794266434332
2020-11-29 11:30:00,2.27,81.9,999.67,1.77,0.0,0,Normal,0.20887150530532228
2020-11-29 11:40:00,2.4,80.1,999.61,2.11,0.0,0,Normal,0.21252653797262144
2020-11-29 11:50:00,2.41,80.5,999.56,2.3,0.0,0,Normal,0.2120605392154435
2020-11-29 12:00:00,2.5,75.7,999.53,2.08,0.0,0,Normal,0.21618785380106115
2020-11-29 12:10:00,2.67,71.39,999.57,2.17,0.0,0,Normal,0.21968026626897064
2020-11-29 12:20:00,2.69,70.27,999.48,1.85,0.0,0,Normal,0.21994883056303616
2020-11-29 12:30:00,2.77,67.78,999.49,2.04,0.0,0,Normal,0.21500049304616053
2020-11-29 12:40:00,2.81,65.64,999.43,2.31,0.0,0,Normal,0.21179285304582346
2020-11-29 12:50:00,2.92,66.28,999.35,2.76,0.0,0,Normal,0.20778714852001762
2020-11-29 13:00:00,2.92,65.41,999.24,2.78,0.0,0,Normal,0.20539769609307856
2020-11-29 13:10:00,2.9,65.18,999.18,2.21,0.0,0,Normal,0.21199101503468532
2020-11-29 13:20:00,2.96,63.88,999.13,1.59,0.0,0,Normal,0.21402462304353198
2020-11-29 13:30:00,3.03,62.26,999.06,2.73,0.0,0,Normal,0.2050353638883315
2020-11-29 13:40:00,3.02,62.35,999.05,2.22,0.0,0,Normal,0.21182356216936388
2020-11-29 13:50:00,3.12,62.68,999.01,1.95,0.0,0,Normal,0.21460585146361388
2020-11-29 14:00:00,3.24,62.3,998.91,1.79,0.0,0,Normal,0.2138902362302716
2020-11-29 14:10:00,3.33,62.29,998.84,1.92,0.0,0,Normal,0.21477776877695154
2020-11-29 14:20:00,3.37,61.78,998.78,2.13,0.0,0,Normal,0.21145843950301363
2020-11-29 14:30:00,3.33,62.49,998.82,2.18,0.0,0,Normal,0.21212918970475814
2020-11-29 14:40:00,3.42,62.68,998.78,1.08,0.0,0,Normal,0.21161014086143975
2020-11-29 14:50:00,3.46,62.57,998.73,1.22,0.0,0,Normal,0.21168745711725334
2020-11-29 15:00:00,3.37,62.12,998.67,1.43,0.0,0,Normal,0.21339130539366447
2020-11-29 15:10:00,3.38,62.21,998.74,1.07,0.0,0,Normal,0.2113315222770814
2020-11-29 15:20:00,3.41,62.68,998.83,0.83,0.0,0,Normal,0.20863343280913133
2020-11-29 15:30:00,3.42,62.36,998.9,1.43,0.0,0,Normal,0.2145605532692737
2020-11-29 15:40:00,3.33,62.46,998.9,1.48,0.0,0,Normal,0.21402262480451228
2020-11-29 15:50:00,3.38,62.63,998.93,0.85,0.0,0,Normal,0.20830835625068578
2020-11-29 16:00:00,3.35,62.43,998.89,0.77,0.0,0,Normal,0.20616059626069894
2020-11-29 16:10:00,3.37,62.79,998.91,0.9,0.0,0,Normal,0.20889156556317023
2020-11-29 16:20:00,3.17,67.7,998.94,1.32,0.0,0,Normal,0.21653690848879503
2020-11-29 16:30:00,3.21,65.09,998.92,0.68,0.0,0,Normal,0.20656522908274155
2020-11-29 16:40:00,3.15,67.1,998.96,0.84,0.0,0,Normal,0.21356561063423363
2020-11-29 16:50:00,3.06,67.4,998.98,0.85,0.0,0,Normal,0.21280068950679232
2020-11-29 17:00:00,3.04,65.95,998.94,0.93,0.0,0,Normal,0.2137128578147437
2020-11-29 17:10:00,2.86,71.11,999.05,1.66,0.0,0,Normal,0.22191025871308445
2020-11-29 17:20:00,2.72,69.66,999.13,0.92,0.0,0,Normal,0.2154343371786545
2020-11-29 17:30:00,2.68,69.83,999.18,0.82,0.0,0,Normal,0.21339389067488934
2020-11-29 17:40:00,2.64,69.75,999.22,0.63,0.0,0,Normal,0.20727976465634185
2020-11-29 17:50:00,2.61,69.72,999.35,0.8,0.0,0,Normal,0.21096299527219936
2020-11-29 18:00:00,2.58,70.32,999.45,0.96,0.0,0,Normal,0.21351386748455942
2020-11-29 18:10:00,2.54,72.41,999.51,1.12,0.0,0,Normal,0.2179912183698015
2020-11-29 18:20:00,2.49,74.04,999.56,1.42,0.0,0,Normal,0.21960228048310815
2020-11-29 18:30:00,2.52,73.96,999.65,1.18,0.0,0,Normal,0.21960921324599691
2020-11-29 18:40:00,2.55,73.53,999.64,1.06,0.0,0,Normal,0.2185730304091159
2020-11-29 18:50:00,2.67,72.49,999.68,0.82,0.0,0,Normal,0.2160376990319533
2020-11-29 19:00:00,2.67,70.98,999.64,1.03,0.0,0,Normal,0.21839119064977924
2020-11-29 19:10:00,2.69,69.41,999.58,0.9,0.0,0,Normal,0.21440037337474105
2020-11-29 19:20:00,2.71,69.27,999.53,1.02,0.0,0,Normal,0.21619036214963028
2020-11-29 19:30:00,2.74,69.03,999.56,0.48,0.0,0,Normal,0.20319228147730606
2020-11-29 19:40:00,2.84,67.61,999.59,0.8,0.0,0,Normal,0.210740140460137
2020-11-29 19:50:00,2.8,67.93,999.7,1.09,0.0,0,Normal,0.21436591146659517
2020-11-29 20:00:00,2.81,67.94,999.7,0.75,0.0,0,Normal,0.20853014087003446
2020-11-29 20:10:00,2.79,67.09,999.74,1.0,0.0,0,Normal,0.21210648759896772
2020-11-29 20:20:00,2.61,72.1,999.81,0.96,0.0,0,Normal,0.2149376595092901
2020-11-29 20:30:00,2.56,70.78,999.86,1.0,0.0,0,Normal,0.21476817558513744
2020-11-29 20:40:00,2.59,71.57,999.87,1.16,0.0,0,Normal,0.21592250703913446
2020-11-29 20:50:00,2.54,73.96,999.85,1.09,0.0,0,Normal,0.21815086622676633
2020-11-29 21:00:00,2.55,76.15,999.87,1.11,0.0,0,Normal,0.21543485047663385
2020-11-29 21:10:00,2.52,76.87,999.94,1.48,0.0,0,Normal,0.21719634295967655
2020-11-29 21:20:00,2.44,78.78,999.96,1.34,0.0,0,Normal,0.21344678470841105
2020-11-29 21:30:00,2.49,75.85,1000.01,1.07,0.0,0,Normal,0.21239887012190378
2020-11-29 21:40:00,2.37,80.5,1000.1,1.4,0.0,0,Normal,0.21008741246159485
2020-11-29 21:50:00,2.36,78.32,1000.11,1.16,0.0,0,Normal,0.2106387283871492
2020-11-29 22:00:00,2.44,77.93,1000.12,1.04,0.0,0,Normal,0.21025068842390848
2020-11-29 22:10:00,2.46,77.27,1000.12,1.16,0.0,0,Normal,0.21308380814976124
2020-11-29 22:20:00,2.44,77.02,1000.07,0.86,0.0,0,Normal,0.20949317295344705
2020-11-29 22:30:00,2.43,82.2,1000.1,0.79,0.0,0,Normal,0.20322667576886594
2020-11-29 22:40:00,2.34,83.7,1000.0,0.84,0.0,0,Normal,0.20781166614628105
2020-11-29 22:50:00,2.3,84.2,999.95,0.64,0.0,0,Normal,0.19939612324289202
2020-11-29 23:00:00,2.25,83.4,999.83,0.64,0.0,0,Normal,0.20322126203441898
2020-11-29 23:10:00,2.05,84.3,999.83,0.41,0.0,0,Normal,0.1855548536061647
2020-11-29 23:20:00,2.02,84.9,999.81,0.39,0.0,0,Normal,0.1846393707039779
2020-11-29 23:30:00,2.06,83.9,999.73,0.83,0.0,0,Normal,0.203487324429173
2020-11-29 23:40:00,2.1,83.8,999.74,0.75,0.0,0,Normal,0.20316178458792
2020-11-29 23:50:00,2.25,82.4,999.73,0.75,0.0,0,Normal,0.20395480816381806
2020-11-30 00:00:00,1.85,82.2,999.73,0.93,0.0,0,Normal,0.20221360066606908
2020-11-30 00:10:00,1.7,82.5,999.8,1.32,0.0,0,Normal,0.2016827891601088
2020-11-30 00:20:00,1.76,82.4,999.86,0.84,0.0,0,Normal,0.19931297597745373
2020-11-30 00:30:00,1.72,82.0,999.85,0.51,0.0,0,Normal,0.19222725435931898
2020-11-30 00:40:00,1.76,80.7,999.81,0.79,0.0,0,Normal,0.1973505666656591
2020-11-30 00:50:00,1.94,75.85,999.77,1.32,0.0,0,Normal,0.2085124536275733
2020-11-30 01:00:00,1.86,79.08,999.7,2.11,0.0,0,Normal,0.2045393689035504
2020-11-30 01:10:00,1.7,79.77,999.62,1.93,0.0,0,Normal,0.20333797394778058
2020-11-30 01:20:00,1.67,78.79,999.54,1.47,0.0,0,Normal,0.20593138259518662
2020-11-30 01:30:00,1.59,82.3,999.56,0.48,0.0,0,Normal,0.1889917510569108
2020-11-30 01:40:00,1.54,82.4,999.58,0.79,0.0,0,Normal,0.19491728235617584
2020-11-30 01:50:00,1.48,84.2,999.61,0.77,0.0,0,Normal,0.19450307554041046
2020-11-30 02:00:00,1.46,84.8,999.59,0.52,0.0,0,Normal,0.18932005790691542
2020-11-30 02:10:00,1.4,85.8,999.67,0.3,0.0,0,Normal,0.172026455718376
2020-11-30 02:20:00,1.55,85.0,999.74,0.33,0.0,0,Normal,0.17615755463709176
2020-11-30 02:30:00,1.36,86.2,999.69,0.54,0.0,0,Normal,0.18747793865731038
2020-11-30 02:40:00,1.25,83.7,999.68,0.7,0.0,0,Normal,0.19328192820116263
2020-11-30 02:50:00,1.27,83.8,999.68,0.54,0.0,0,Normal,0.18949538084476925
2020-11-30 03:00:00,1.23,86.8,999.64,0.88,0.0,0,Normal,0.19354394691341492
2020-11-30 03:10:00,1.15,88.2,999.57,0.58,0.0,0,Normal,0.18390037504288143
2020-11-30 03:20:00,1.1,88.0,999.53,0.71,0.0,0,Normal,0.1872281937678577
2020-11-30 03:30:00,1.22,86.8,999.5,0.34,0.0,0,Normal,0.16972474542301808
2020-11-30 03:40:00,1.14,87.2,999.5,0.64,0.0,0,Normal,0.1851186629219334
2020-11-30 03:50:00,0.94,88.6,999.48,0.79,0.0,0,Normal,0.18303771463333202
2020-11-30 04:00:00,0.97,89.1,999.41,0.77,0.0,0,Normal,0.18426961153016563
2020-11-30 04:10:00,0.96,89.5,999.4,0.22,0.0,0,Normal,0.15573850578989434
2020-11-30 04:20:00,1.06,88.4,999.44,0.47,0.0,0,Normal,0.17651961286177215
2020-11-30 04:30:00,1.01,87.8,999.45,0.63,0.0,0,Normal,0.1832018185287354
2020-11-30 04:40:00,1.01,88.2,999.45,0.44,0.0,0,Normal,0.1744270849975893
2020-11-30 04:50:00,0.85,90.0,999.43,0.63,0.0,0,Normal,0.17924752607684163
2020-11-30 05:00:00,0.92,89.3,999.45,0.43,0.0,0,Normal,0.16887426538554795
2020-11-30 05:10:00,0.95,89.8,999.44,0.48,0.0,0,Normal,0.1752771063418599
2020-11-30 05:20:00,0.84,90.3,999.49,0.58,0.0,0,Normal,0.17719651879218223
2020-11-30 05:30:00,0.78,90.5,999.6,0.6,0.0,0,Normal,0.17692673834350847
2020-11-30 05:40:00,0.78,90.4,999.66,0.51,0.0,0,Normal,0.17473300766602418
2020-11-30 05:50:00,0.78,90.2,999.63,0.86,0.0,0,Normal,0.18402215212585105
2020-11-30 06:00:00,0.64,90.5,999.53,1.08,0.0,0,Normal,0.18353683236703378
2020-11-30 06:10:00,0.6,90.6,999.55,0.69,0.0,0,Normal,0.17726185182388293
2020-11-30 06:20:00,0.59,89.4,999.54,1.14,0.0,0,Normal,0.18463206223565926
2020-11-30 06:30:00,0.39,90.2,999.53,0.62,0.0,0,Normal,0.1738088053891944
2020-11-30 06:40:00,0.21,91.0,999.53,0.77,0.0,0,Normal,0.17333955228789766
2020-11-30 06:50:00,0.17,89.5,999.54,0.58,0.0,0,Normal,0.17207401854541082
2020-11-30 07:00:00,0.03,86.3,999.58,0.72,0.0,0,Normal,0.18335909517709176
2020-11-30 07:10:00,-0.47,85.7,999.55,0.92,0.0,0,Normal,0.18828470573749473
2020-11-30 07:20:00,-0.35,85.0,999.64,0.87,0.0,0,Normal,0.18736868613992674
2020-11-30 07:30:00,-0.5,83.9,999.61,1.42,0.0,0,Normal,0.1917632141732381
2020-11-30 07:40:00,-0.48,84.3,999.64,1.59,0.0,0,Normal,0.1887903666608864
2020-11-30 07:50:00,-0.52,85.2,999.69,1.02,0.0,0,Normal,0.1877439582821327
2020-11-30 08:00:00,-0.64,86.4,999.65,1.66,0.0,0,Normal,0.1845902015602371
2020-11-30 08:10:00,-0.82,89.2,999.65,1.43,0.0,0,Normal,0.1773694691947561
2020-11-30 08:20:00,-0.96,89.4,999.67,1.17,0.0,0,Normal,0.1755704618138791
2020-11-30 08:30:00,-0.98,87.2,999.61,0.93,0.0,0,Normal,0.18116950841013552
2020-11-30 08:40:00,-0.94,86.3,999.64,1.17,0.0,0,Normal,0.18404135829142698
2020-11-30 08:50:00,-0.9,87.5,999.68,0.89,0.0,0,Normal,0.17905863203450756
2020-11-30 09:00:00,-1.02,88.3,999.74,0.79,0.0,0,Normal,0.17390490376372875
2020-11-30 09:10:00,-1.05,90.5,999.74,1.02,0.0,0,Normal,0.1718682823413401
2020-11-30 09:20:00,-0.85,89.4,999.76,0.84,0.0,0,Normal,0.17429384189405528
2020-11-30 09:30:00,-0.63,88.4,999.69,1.01,0.0,0,Normal,0.17767934074740427
2020-11-30 09:40:00,-0.51,87.9,999.62,1.18,0.0,0,Normal,0.1819518381522916
2020-11-30 09:50:00,-0.21,86.6,999.59,1.07,0.0,0,Normal,0.18871058314478856
2020-11-30 10:00:00,-0.34,87.1,999.47,1.81,0.0,0,Normal,0.1784388699687285
2020-11-30 10:10:00,-0.28,86.9,999.46,1.51,0.0,0,Normal,0.18565839850171756
2020-11-30 10:20:00,0.07,86.3,999.55,0.85,0.0,0,Normal,0.1876429888566159
2020-11-30 10:30:00,0.39,85.5,999.55,1.25,0.0,0,Normal,0.19339010076164675
2020-11-30 10:40:00,0.57,85.1,999.44,1.4,0.0,0,Normal,0.19472643622921565
2020-11-30 10:50:00,0.55,84.8,999.46,1.42,0.0,0,Normal,0.196032636331809
2020-11-30 11:00:00,0.89,83.2,999.38,1.55,0.0,0,Normal,0.19831052345962275
2020-11-30 11:10:00,1.45,80.8,999.28,0.97,0.0,0,Normal,0.19882703433232707
2020-11-30 11:20:00,1.63,79.97,999.08,1.36,0.0,0,Normal,0.20358280917955268
2020-11-30 11:30:00,1.82,78.54,998.98,1.07,0.0,0,Normal,0.20485349386699708
2020-11-30 11:40:00,2.49,74.7,998.76,1.54,0.0,0,Normal,0.21735061047665571
2020-11-30 11:50:00,2.92,70.82,998.51,1.97,0.0,0,Normal,0.22210471559325845
2020-11-30 12:00:00,3.21,66.14,998.33,3.01,0.0,0,Normal,0.20255275759988528
2020-11-30 12:10:00,3.39,64.07,998.22,4.29,0.0,0,Normal,0.16464191854716853
2020-11-30 12:20:00,3.42,63.69,998.02,4.5,0.0,0,Normal,0.16203009213995961
2020-11-30 12:30:00,3.59,63.73,997.82,3.57,0.0,0,Normal,0.18672659621880666
2020-11-30 12:40:00,3.86,62.7,997.78,3.11,0.0,0,Normal,0.20316683202955732
2020-11-30 12:50:00,3.9,62.49,997.52,3.77,0.0,0,Normal,0.18868981893510334
2020-11-30 13:00:00,3.64,63.14,997.35,4.37,0.0,0,Normal,0.16883927637519047
2020-11-30 13:10:00,3.71,62.94,997.23,3.5,0.0,0,Normal,0.19261814420519563
2020-11-30 13:20:00,4.11,62.11,997.01,2.55,0.0,0,Normal,0.21811136490602834
2020-11-30 13:30:00,4.06,61.81,996.84,4.38,0.0,0,Normal,0.17703167412304288
2020-11-30 13:40:00,3.73,63.2,996.68,3.49,0.0,0,Normal,0.19843114985880533
2020-11-30 13:50:00,3.91,62.54,996.49,3.29,0.0,0,Normal,0.20399424513266334
2020-11-30 14:00:00,3.86,62.32,996.24,4.5,0.0,0,Normal,0.17532769123391745
2020-11-30 14:10:00,4.13,61.51,995.98,3.62,0.0,0,Normal,0.1984097434531149
2020-11-30 14:20:00,4.42,60.75,995.99,2.73,0.0,0,Normal,0.22055587227914442
2020-11-30 14:30:00,4.59,60.44,995.94,2.75,0.0,0,Normal,0.22110376210796334
2020-11-30 14:40:00,4.49,61.04,995.77,3.01,0.0,0,Normal,0.21644879801648348
2020-11-30 14:50:00,4.36,61.86,995.66,2.79,0.0,0,Normal,0.2198456456117991
2020-11-30 15:00:00,4.31,62.5,995.55,2.55,0.0,0,Normal,0.2229625435395935
2020-11-30 15:10:00,4.18,63.65,995.48,2.09,0.0,0,Normal,0.22852046020983635
2020-11-30 15:20:00,4.29,63.42,995.47,2.26,0.0,0,Normal,0.22750311366944143
2020-11-30 15:30:00,4.02,64.36,995.43,1.81,0.0,0,Normal,0.2268493742733117
2020-11-30 15:40:00,3.88,64.77,995.47,1.38,0.0,0,Normal,0.22873295870067745
2020-11-30 15:50:00,3.65,63.61,995.45,1.78,0.0,0,Normal,0.22784840764446007
2020-11-30 16:00:00,3.24,63.87,995.39,3.03,0.0,0,Normal,0.2136615055955493
2020-11-30 16:10:00,2.85,65.63,995.35,2.65,0.0,0,Normal,0.22030189144800355
2020-11-30 16:20:00,2.69,66.63,995.31,1.92,0.0,0,Normal,0.22807350634957807
2020-11-30 16:30:00,2.72,67.32,995.05,1.97,0.0,0,Normal,0.2281076640740078
2020-11-30 16:40:00,2.58,67.56,994.95,2.02,0.0,0,Normal,0.22416001706071226
2020-11-30 16:50:00,2.63,66.56,994.81,3.4,0.0,0,Normal,0.20636995171688072
2020-11-30 17:00:00,2.55,67.14,994.61,3.31,0.0,0,Normal,0.20663961017281957
2020-11-30 17:10:00,2.6,66.69,994.6,2.46,0.0,0,Normal,0.2219660788759233
2020-11-30 17:20:00,2.56,66.83,994.49,3.25,0.0,0,Normal,0.20891648120284068
2020-11-30 17:30:00,2.51,67.46,994.39,2.59,0.0,0,Normal,0.21903530540304011
2020-11-30 17:40:00,2.48,67.63,994.37,2.37,0.0,0,Normal,0.2213481787854465
2020-11-30 17:50:00,2.45,67.89,994.18,2.79,0.0,0,Normal,0.21690011983767804
2020-11-30 18:00:00,2.33,69.3,994.11,2.51,0.0,0,Normal,0.21989378992090974
2020-11-30 18:10:00,2.15,70.84,994.08,2.4,0.0,0,Normal,0.2234882832976378
2020-11-30 18:20:00,2.03,71.18,994.08,2.67,0.0,0,Normal,0.21713097949726262
2020-11-30 18:30:00,1.99,71.25,994.07,2.59,0.0,0,Normal,0.21741883144685425
2020-11-30 18:40:00,1.95,71.99,993.95,2.23,0.0,0,Normal,0.2217575069966513
2020-11-30 18:50:00,1.79,72.56,993.85,2.13,0.0,0,Normal,0.2187001696720079
2020-11-30 19:00:00,1.62,73.16,993.76,2.03,0.0,0,Normal,0.21617784962091324
2020-11-30 19:10:00,1.57,73.07,993.61,2.39,0.0,0,Normal,0.2166589815998924
2020-11-30 19:20:00,1.62,72.33,993.52,2.67,0.0,0,Normal,0.21167611720965623
2020-11-30 19:30:00,1.62,71.85,993.26,3.16,0.0,0,Normal,0.20248638361593757
2020-11-30 19:40:00,1.68,70.68,993.21,3.18,0.0,0,Normal,0.2038459685089954
2020-11-30 19:50:00,1.77,70.47,993.07,2.95,0.0,0,Normal,0.20577251111737577
2020-11-30 20:00:00,1.73,71.27,992.95,2.86,0.0,0,Normal,0.2118178405167015
2020-11-30 20:10:00,1.56,73.12,992.79,3.23,0.0,0,Normal,0.2045636548264435
2020-11-30 20:20:00,1.42,74.32,992.65,3.22,0.0,0,Normal,0.20596291568556696
2020-11-30 20:30:00,1.34,74.55,992.49,3.26,0.0,0,Normal,0.20539515271597508
2020-11-30 20:40:00,1.29,74.74,992.35,2.95,0.0,0,Normal,0.20460504861303636
2020-11-30 20:50:00,1.26,74.84,992.22,2.89,0.0,0,Normal,0.20720869137103565
2020-11-30 21:00:00,1.29,74.37,992.24,3.13,0.0,0,Normal,0.20306363594699578
2020-11-30 21:10:00,1.41,73.96,992.2,2.38,0.0,0,Normal,0.21653366362665977
2020-11-30 21:20:00,1.45,73.82,992.11,2.57,0.0,0,Normal,0.21536559167723268
2020-11-30 21:30:00,1.49,74.45,991.87,2.74,0.0,0,Normal,0.21475528261531096
2020-11-30 21:40:00,1.51,73.95,991.63,3.71,0.0,0,Normal,0.19645658004866867
2020-11-30 21:50:00,1.55,73.45,991.59,3.25,0.0,0,Normal,0.20673431277073628
2020-11-30 22:00:00,1.59,73.2,991.49,3.74,0.0,0,Normal,0.19515518059463105
2020-11-30 22:10:00,1.55,74.01,991.34,3.51,0.0,0,Normal,0.19919922492158115
2020-11-30 22:20:00,1.45,75.04,991.26,3.17,0.0,0,Normal,0.20819197851859306
2020-11-30 22:30:00,1.42,75.33,991.23,3.83,0.0,0,Normal,0.19308388733755844
2020-11-30 22:40:00,1.36,75.46,991.16,3.64,0.0,0,Normal,0.19582020327057165
2020-11-30 22:50:00,1.31,75.59,991.05,3.98,0.0,0,Normal,0.18396568940821506
2020-11-30 23:00:00,1.26,75.67,990.96,3.81,0.0,0,Normal,0.1867978032773669
2020-11-30 23:10:00,1.28,76.02,990.9,2.62,0.0,0,Normal,0.2107811517366494
2020-11-30 23:20:00,1.32,75.23,990.83,3.44,0.0,0,Normal,0.1996976398746142
2020-11-30 23:30:00,1.34,74.83,990.65,3.96,0.0,0,Normal,0.18788448864746055
2020-11-30 23:40:00,1.37,74.49,990.58,4.01,0.0,0,Normal,0.1851504790895016
2020-11-30 23:50:00,1.34,76.48,990.43,4.36,0.0,0,Normal,0.1713907542139962
2020-12-01 00:00:00,0.9,83.6,990.31,3.5,0.0,0,Normal,0.18088416031115
2020-12-01 00:10:00,0.64,86.1,990.12,3.07,0.0,0,Normal,0.179731571403617
2020-12-01 00:20:00,0.7,85.4,990.02,3.32,0.0,0,Normal,0.1787092532370318
2020-12-01 00:30:00,0.79,85.5,989.98,3.43,0.0,0,Normal,0.17872184915452533
2020-12-01 00:40:00,0.7,88.1,989.77,2.91,0.0,0,Normal,0.1831667277341294
2020-12-01 00:50:00,0.6,88.7,989.53,3.39,0.0,0,Normal,0.16999460518267773
2020-12-01 01:00:00,0.46,89.5,989.36,4.29,0.0,0,Normal,0.1383435637877905
2020-12-01 01:10:00,0.25,91.4,989.19,4.45,0.0,0,Normal,0.12426670756100167
2020-12-01 01:20:00,0.2,92.1,989.11,3.85,0.0,0,Normal,0.142453126179578
2020-12-01 01:30:00,0.23,91.8,989.02,3.72,0.0,0,Normal,0.14623146356488403
2020-12-01 01:40:00,0.27,91.5,988.94,3.2,0.0,0,Normal,0.16192180247700655
2020-12-01 01:50:00,0.33,91.6,988.89,2.69,0.0,0,Normal,0.17117298508228113
2020-12-01 02:00:00,0.31,92.3,988.84,2.61,0.2,0,Normal,0.048625989249763024
2020-12-01 02:10:00,0.25,92.8,988.71,2.67,0.2,0,Normal,0.04709893518910668
2020-12-01 02:20:00,0.29,92.6,988.58,3.1,0.2,0,Normal,0.04530936611765912
2020-12-01 02:30:00,0.29,92.9,988.47,3.55,0.2,0,Normal,0.03443999613458315
2020-12-01 02:40:00,0.28,93.2,988.32,3.59,0.0,0,Normal,0.1493403671679473
2020-12-01 02:50:00,0.28,92.7,988.23,4.04,0.0,0,Normal,0.13498005217700398
2020-12-01 03:00:00,0.25,92.4,988.17,4.88,0.0,0,Normal,0.11394200943730382
2020-12-01 03:10:00,0.28,91.6,988.11,3.69,0.0,0,Normal,0.14895550994126266
2020-12-01 03:20:00,0.31,90.7,988.12,3.2,0.0,0,Normal,0.16606480213762453
2020-12-01 03:30:00,0.32,89.8,988.02,3.01,0.0,0,Normal,0.16860532533835243
2020-12-01 03:40:00,0.39,88.4,987.84,3.64,0.0,0,Normal,0.15769252406957351
2020-12-01 03:50:00,0.43,87.6,987.71,3.38,0.0,0,Normal,0.16942591914748534
2020-12-01 04:00:00,0.41,87.3,987.58,2.99,0.0,0,Normal,0.1759334977638667
2020-12-01 04:10:00,0.46,86.8,987.55,2.68,0.0,0,Normal,0.18732994561093086
2020-12-01 04:20:00,0.53,86.2,987.55,2.42,0.0,0,Normal,0.18958667751471658
2020-12-01 04:30:00,0.65,84.8,987.47,2.95,0.0,0,Normal,0.1839571867928455
2020-12-01 04:40:00,0.71,83.7,987.37,3.48,0.0,0,Normal,0.17388090941487244
2020-12-01 04:50:00,0.79,82.6,987.33,3.73,0.0,0,Normal,0.16984430564701647
2020-12-01 05:00:00,0.84,82.2,987.36,2.99,0.0,0,Normal,0.18614718846906392
2020-12-01 05:10:00,0.87,82.6,987.39,2.48,0.0,0,Normal,0.1954540034157301
2020-12-01 05:20:00,0.87,83.1,987.43,2.5,0.0,0,Normal,0.19817504390050644
2020-12-01 05:30:00,0.71,86.4,987.31,3.21,0.0,0,Normal,0.17620330741500073
2020-12-01 05:40:00,0.44,90.5,987.21,3.15,0.0,0,Normal,0.1665513943794803
2020-12-01 05:50:00,0.18,93.6,987.17,2.42,0.0,0,Normal,0.1657220971327023
2020-12-01 06:00:00,0.1,94.6,987.17,2.65,0.0,0,Normal,0.15720948128840656
2020-12-01 06:10:00,-0.04,95.3,987.14,3.56,0.0,0,Normal,0.1364767033920649
2020-12-01 06:20:00,-0.07,96.2,987.15,2.92,0.0,0,Normal,0.14767449131374494
2020-12-01 06:30:00,-0.1,96.7,987.16,2.73,0.0,0,Normal,0.14801472414032718
2020-12-01 06:40:00,-0.13,97.0,987.23,2.61,0.0,0,Normal,0.14500103353207078
2020-12-01 06:50:00,-0.09,96.9,987.27,2.55,0.0,0,Normal,0.1461707836835034
2020-12-01 07:00:00,-0.02,96.8,987.28,2.43,0.0,0,Normal,0.14964568649427068
2020-12-01 07:10:00,-0.05,97.5,987.34,2.02,0.0,0,Normal,0.1496596654603013
2020-12-01 07:20:00,-0.02,97.2,987.35,1.76,0.0,0,Normal,0.15677025857609606
2020-12-01 07:30:00,0.02,96.9,987.38,1.91,0.0,0,Normal,0.155340460051673
2020-12-01 07:40:00,0.11,96.0,987.37,1.74,0.0,0,Normal,0.1671781495520856
2020-12-01 07:50:00,0.25,93.9,987.36,2.25,0.0,0,Normal,0.1698566737956973
2020-12-01 08:00:00,0.27,93.5,987.38,1.89,0.0,0,Normal,0.17445167691751517
2020-12-01 08:10:00,0.3,93.3,987.45,1.63,0.0,0,Normal,0.17735511973316243
2020-12-01 08:20:00,0.37,93.1,987.52,1.73,0.0,0,Normal,0.1773054297849359
2020-12-01 08:30:00,0.43,92.8,987.54,1.25,0.0,0,Normal,0.18408153322640636
2020-12-01 08:40:00,0.48,92.6,987.54,1.65,0.0,0,Normal,0.18286405565142894
2020-12-01 08:50:00,0.44,92.0,987.68,1.64,0.0,0,Normal,0.1816370813718997
2020-12-01 09:00:00,0.58,91.1,987.8,1.11,0.0,0,Normal,0.18926438774066934
2020-12-01 09:10:00,0.59,91.5,987.79,1.35,0.0,0,Normal,0.1875634238527275
2020-12-01 09:20:00,0.55,91.2,987.84,1.66,0.0,0,Normal,0.18458905650002366
2020-12-01 09:30:00,0.57,91.1,987.89,1.62,0.0,0,Normal,0.18791831792222757
2020-12-01 09:40:00,0.71,91.1,987.95,1.68,0.0,0,Normal,0.18851484150871411
2020-12-01 09:50:00,0.84,90.7,988.01,1.45,0.0,0,Normal,0.19543287329980769
2020-12-01 10:00:00,0.92,90.9,988.08,1.69,0.0,0,Normal,0.19315243253527348
2020-12-01 10:10:00,0.92,91.4,988.17,1.61,0.0,0,Normal,0.19227697073544303
2020-12-01 10:20:00,1.04,92.0,988.26,1.82,0.0,0,Normal,0.18832646235884543
2020-12-01 10:30:00,1.1,91.9,988.29,1.91,0.0,0,Normal,0.18845385627044542
2020-12-01 10:40:00,1.08,91.3,988.36,2.86,0.0,0,Normal,0.17673078271135434
2020-12-01 10:50:00,1.1,92.6,988.37,2.24,0.0,0,Normal,0.18607283928479462
2020-12-01 11:00:00,1.24,93.5,988.37,2.5,0.0,0,Normal,0.18363354121699715
2020-12-01 11:10:00,1.15,94.6,988.37,2.46,0.0,0,Normal,0.17552695837902305
2020-12-01 11:20:00,1.14,95.9,988.35,1.72,0.0,0,Normal,0.18109205788812394
2020-12-01 11:30:00,1.23,95.9,988.33,1.69,0.0,0,Normal,0.1828251073880165
2020-12-01 11:40:00,1.31,96.2,988.36,2.15,0.0,0,Normal,0.17750039408850887
2020-12-01 11:50:00,1.32,95.0,988.37,2.84,0.0,0,Normal,0.17287681086417894
2020-12-01 12:00:00,1.38,94.7,988.33,1.78,0.0,0,Normal,0.1848570966143182
2020-12-01 12:10:00,1.52,94.0,988.37,2.02,0.0,0,Normal,0.18675905994432607
2020-12-01 12:20:00,1.54,93.2,988.46,2.44,0.0,0,Normal,0.1859524641062596
2020-12-01 12:30:00,1.61,92.9,988.53,2.36,0.0,0,Normal,0.18811054966937518
2020-12-01 12:40:00,1.71,92.0,988.49,2.23,0.0,0,Normal,0.18996739718166777
2020-12-01 12:50:00,1.73,91.2,988.58,2.32,0.0,0,Normal,0.18963550023008285
2020-12-01 13:00:00,1.82,90.8,988.6,1.85,0.0,0,Normal,0.19910919410570482
2020-12-01 13:10:00,1.9,90.8,988.6,1.68,0.0,0,Normal,0.20499476869861477
2020-12-01 13:20:00,1.91,91.3,988.64,1.61,0.0,0,Normal,0.20257233153965926
2020-12-01 13:30:00,1.85,91.8,988.72,1.4,0.0,0,Normal,0.20139904258932378
2020-12-01 13:40:00,1.95,91.4,988.73,1.6,0.0,0,Normal,0.20283590341069252
2020-12-01 13:50:00,2.08,90.6,988.74,1.57,0.0,0,Normal,0.20712110008002793
2020-12-01 14:00:00,2.04,90.7,988.84,2.21,0.0,0,Normal,0.20191506086051753
2020-12-01 14:10:00,1.99,91.2,988.86,1.71,0.0,0,Normal,0.20160516841512277
2020-12-01 14:20:00,2.0,91.4,988.94,1.59,0.0,0,Normal,0.20243543295798283
2020-12-01 14:30:00,2.06,90.6,988.96,1.71,0.0,0,Normal,0.20457764794884503
2020-12-01 14:40:00,2.05,90.4,988.98,2.17,0.0,0,Normal,0.20224917017108196
2020-12-01 14:50:00,2.03,90.8,989.06,1.74,0.0,0,Normal,0.2039967166901921
2020-12-01 15:00:00,2.19,89.9,989.21,1.56,0.0,0,Normal,0.2116474748043755
2020-12-01 15:10:00,2.25,89.2,989.38,2.11,0.0,0,Normal,0.20827878175607117
2020-12-01 15:20:00,2.21,89.5,989.53,2.0,0.0,0,Normal,0.2087581418654385
2020-12-01 15:30:00,2.16,90.0,989.6,1.57,0.0,0,Normal,0.21130539585162222
2020-12-01 15:40:00,2.18,89.8,989.72,1.73,0.0,0,Normal,0.20859859671603076
2020-12-01 15:50:00,2.14,90.0,989.77,1.84,0.0,0,Normal,0.20895533373883673
2020-12-01 16:00:00,2.04,89.7,989.86,1.86,0.0,0,Normal,0.204714583541807
2020-12-01 16:10:00,1.98,90.6,989.95,1.55,0.0,0,Normal,0.20453308554353328
2020-12-01 16:20:00,1.99,89.7,990.07,1.47,0.0,0,Normal,0.2074213336401619
2020-12-01 16:30:00,2.0,89.9,990.2,1.53,0.0,0,Normal,0.20731957253444228
2020-12-01 16:40:00,1.98,90.7,990.32,1.49,0.0,0,Normal,0.20478744752425998
2020-12-01 16:50:00,1.97,92.2,990.43,1.38,0.0,0,Normal,0.2022257825650008
2020-12-01 17:00:00,1.99,93.7,990.52,1.09,0.0,0,Normal,0.1973467538587076
2020-12-01 17:10:00,1.96,94.7,990.61,1.24,0.0,0,Normal,0.1936088027073964
2020-12-01 17:20:00,1.81,96.5,990.76,1.34,0.0,0,Normal,0.18282175938452244
2020-12-01 17:30:00,1.71,97.9,990.94,1.19,0.0,0,Normal,0.1763028133948466
2020-12-01 17:40:00,1.67,98.5,991.02,1.07,0.0,0,Normal,0.17512784256739522
2020-12-01 17:50:00,1.58,99.5,991.13,1.17,0.0,0,Normal,0.17443274112979562
2020-12-01 18:00:00,1.52,100.0,991.22,1.15,0.0,0,Normal,0.1681091440962723
2020-12-01 18:10:00,1.45,100.0,991.4,1.11,0.0,0,Normal,0.16874686271862344
2020-12-01 18:20:00,1.41,100.0,991.46,1.14,0.0,0,Normal,0.17066616808657764
2020-12-01 18:30:00,1.39,100.0,991.59,0.99,0.0,0,Normal,0.16836197357039645
2020-12-01 18:40:00,1.43,100.0,991.7,0.97,0.0,0,Normal,0.16855664169429324
2020-12-01 18:50:00,1.44,100.0,991.76,0.96,0.1,0,Normal,0.09181171922758702
2020-12-01 19:00:00,1.53,100.0,991.86,1.05,0.0,0,Normal,0.16901681802220098
2020-12-01 19:10:00,1.54,100.0,991.9,1.28,0.0,0,Normal,0.17015643954533166
2020-12-01 19:20:00,1.41,100.0,991.94,1.99,0.0,0,Normal,0.1608117751800371
2020-12-01 19:30:00,1.29,100.0,991.92,2.31,0.0,0,Normal,0.15582885290314608
2020-12-01 19:40:00,1.18,100.0,992.02,2.26,0.0,0,Normal,0.15380522530829577
2020-12-01 19:50:00,1.08,100.0,992.14,2.14,0.0,0,Normal,0.1531395853715204
2020-12-01 20:00:00,1.03,100.0,992.27,2.07,0.0,0,Normal,0.1539205763129815
2020-12-01 20:10:00,1.07,100.0,992.33,1.73,0.0,0,Normal,0.16006300336217527
2020-12-01 20:20:00,1.15,100.0,992.4,1.66,0.0,0,Normal,0.16353244887343754
2020-12-01 20:30:00,1.11,100.0,992.47,1.93,0.0,0,Normal,0.15718724307113424
2020-12-01 20:40:00,1.13,100.0,992.57,1.37,0.0,0,Normal,0.16674806720052182
2020-12-01 20:50:00,1.17,100.0,992.73,1.12,0.0,0,Normal,0.16633547630766155
2020-12-01 21:00:00,1.2,100.0,992.88,1.11,0.0,0,Normal,0.16499628752606066
2020-12-01 21:10:00,1.33,100.0,992.94,1.1,0.0,0,Normal,0.16842156564055188
2020-12-01 21:20:00,1.3,100.0,992.95,1.25,0.0,0,Normal,0.16774744323974622
2020-12-01 21:30:00,1.27,100.0,993.01,1.13,0.0,0,Normal,0.1663329092237555
2020-12-01 21:40:00,1.22,100.0,993.07,0.91,0.0,0,Normal,0.1643585374241034
2020-12-01 21:50:00,1.26,100.0,993.13,0.92,0.0,0,Normal,0.16415238380886693
2020-12-01 22:00:00,1.29,100.0,993.12,1.38,0.0,0,Normal,0.16718016864468943
2020-12-01 22:10:00,1.22,100.0,993.11,1.62,0.0,0,Normal,0.16229863388414795
2020-12-01 22:20:00,1.28,99.2,993.22,1.18,0.0,0,Normal,0.17238435949589592
2020-12-01 22:30:00,1.3,99.0,993.36,0.79,0.0,0,Normal,0.16953328973879722
2020-12-01 22:40:00,1.34,99.0,993.43,1.15,0.0,0,Normal,0.1741157487047315
2020-12-01 22:50:00,1.4,98.9,993.48,0.58,0.0,0,Normal,0.1674734489132414
2020-12-01 23:00:00,1.34,99.1,993.5,1.12,0.0,0,Normal,0.1749331727596738
2020-12-01 23:10:00,1.38,98.9,993.51,0.86,0.0,0,Normal,0.1715473016435315
2020-12-01 23:20:00,1.35,98.9,993.49,1.04,0.0,0,Normal,0.17124542472582294
2020-12-01 23:30:00,1.38,98.8,993.62,1.14,0.0,0,Normal,0.17447772589588822
2020-12-01 23:40:00,1.33,98.7,993.69,1.42,0.0,0,Normal,0.1757115934220489
2020-12-01 23:50:00,1.28,98.7,993.73,0.93,0.0,0,Normal,0.17117603671481157
2020-12-02 00:00:00,1.3,98.5,993.73,0.82,0.0,0,Normal,0.17154606024675667
2020-12-02 00:10:00,1.33,98.5,993.7,0.91,0.0,0,Normal,0.17355595222400305
2020-12-02 00:20:00,1.26,97.5,993.64,2.03,0.0,0,Normal,0.1679639014668119
2020-12-02 00:30:00,1.12,97.2,993.7,2.12,0.0,0,Normal,0.1677664729393638
2020-12-02 00:40:00,1.05,97.4,993.73,1.45,0.0,0,Normal,0.17265332404233125
2020-12-02 00:50:00,1.0,97.3,993.74,1.38,0.0,0,Normal,0.17532210661377173
2020-12-02 01:00:00,0.98,96.8,993.73,1.15,0.0,0,Normal,0.1757443159938084
2020-12-02 01:10:00,0.91,96.7,993.77,1.72,0.0,0,Normal,0.17202491718465696
2020-12-02 01:20:00,0.81,97.2,993.78,2.05,0.0,0,Normal,0.1626289409486908
2020-12-02 01:30:00,0.72,97.1,993.75,1.56,0.0,0,Normal,0.16902230146153263
2020-12-02 01:40:00,0.7,96.9,993.78,1.25,0.0,0,Normal,0.17309994489214697
2020-12-02 01:50:00,0.69,96.8,993.8,1.27,0.0,0,Normal,0.1734725034191577
2020-12-02 02:00:00,0.68,97.0,993.77,1.02,0.0,0,Normal,0.16825241823944836
2020-12-02 02:10:00,0.8,96.6,993.83,0.66,0.0,0,Normal,0.1703114052242099
2020-12-02 02:20:00,0.78,96.5,993.88,0.95,0.0,0,Normal,0.17277208519313292
2020-12-02 02:30:00,0.7,96.4,993.89,1.02,0.0,0,Normal,0.1734213553029556
2020-12-02 02:40:00,0.69,96.0,993.85,0.85,0.0,0,Normal,0.17875809858345104
2020-12-02 02:50:00,0.75,95.3,993.76,0.96,0.0,0,Normal,0.18054707064042774
2020-12-02 03:00:00,0.79,94.6,993.69,0.89,0.0,0,Normal,0.1813121260868678
2020-12-02 03:10:00,0.82,94.3,993.7,1.01,0.0,0,Normal,0.1837333100160896
2020-12-02 03:20:00,0.88,94.1,993.64,0.66,0.0,0,Normal,0.18484039792378165
2020-12-02 03:30:00,0.95,94.4,993.54,0.87,0.0,0,Normal,0.18528218103606042
2020-12-02 03:40:00,0.87,94.6,993.56,1.19,0.0,0,Normal,0.1848227548368056
2020-12-02 03:50:00,0.9,94.6,993.51,0.57,0.0,0,Normal,0.1808910788968715
2020-12-02 04:00:00,0.79,97.8,993.49,1.24,0.0,0,Normal,0.17268214895648765
2020-12-02 04:10:00,0.64,98.7,993.5,1.21,0.0,0,Normal,0.16682749631676824
2020-12-02 04:20:00,0.77,96.4,993.51,0.75,0.0,0,Normal,0.17442711568363006
2020-12-02 04:30:00,0.83,97.2,993.53,1.14,0.0,0,Normal,0.17264793050688754
2020-12-02 04:40:00,0.8,98.6,993.42,1.08,0.0,0,Normal,0.16820810414894793
2020-12-02 04:50:00,0.8,99.1,993.37,0.76,0.0,0,Normal,0.16585372259929043
2020-12-02 05:00:00,0.8,99.1,993.34,0.63,0.0,0,Normal,0.16208113053047063
2020-12-02 05:10:00,0.83,98.4,993.33,1.07,0.0,0,Normal,0.16940553072797881
2020-12-02 05:20:00,0.82,98.4,993.27,1.39,0.0,0,Normal,0.17085381973417058
2020-12-02 05:30:00,0.84,97.6,993.22,0.8,0.0,0,Normal,0.17023988836474285
2020-12-02 05:40:00,0.87,97.3,993.14,0.81,0.0,0,Normal,0.1716048574595903
2020-12-02 05:50:00,0.77,98.0,993.19,1.19,0.0,0,Normal,0.16988117505123201
2020-12-02 06:00:00,0.86,97.3,993.22,1.44,0.0,0,Normal,0.17418413536985078
2020-12-02 06:10:00,0.92,96.1,993.19,1.9,0.0,0,Normal,0.17640910374012597
2020-12-02 06:20:00,0.93,96.9,993.24,1.88,0.0,0,Normal,0.16724515157186864
2020-12-02 06:30:00,0.87,97.8,993.2,2.0,0.0,0,Normal,0.1659023247220191
2020-12-02 06:40:00,0.88,97.3,993.21,2.09,0.0,0,Normal,0.16601805955912075
2020-12-02 06:50:00,0.92,96.5,993.19,1.82,0.0,0,Normal,0.17155480219891783
2020-12-02 07:00:00,0.91,97.0,993.17,1.55,0.0,0,Normal,0.17232216077284285
2020-12-02 07:10:00,0.9,97.1,993.18,1.55,0.0,0,Normal,0.1722142990781535
2020-12-02 07:20:00,0.88,96.9,993.09,1.79,0.0,0,Normal,0.1684842808574053
2020-12-02 07:30:00,0.87,96.9,993.0,1.68,0.0,0,Normal,0.1721086633161883
2020-12-02 07:40:00,0.86,97.1,992.96,1.76,0.0,0,Normal,0.17012550031039425
2020-12-02 07:50:00,0.79,97.0,992.87,1.95,0.0,0,Normal,0.16364834769608905
2020-12-02 08:00:00,0.72,97.4,992.79,1.23,0.0,0,Normal,0.17312187188782474
2020-12-02 08:10:00,0.68,97.8,992.7,0.93,0.0,0,Normal,0.16954114843509954
2020-12-02 08:20:00,0.63,99.0,992.64,0.46,0.0,0,Normal,0.15572664291587796
2020-12-02 08:30:00,0.7,98.5,992.65,0.3,0.0,0,Normal,0.14461993395133554
2020-12-02 08:40:00,0.66,98.3,992.65,0.33,0.0,0,Normal,0.14482575052018315
2020-12-02 08:50:00,0.56,98.9,992.62,0.33,0.0,0,Normal,0.14148148931401444
2020-12-02 09:00:00,0.5,99.8,992.54,0.74,0.0,0,Normal,0.1611468069305238
2020-12-02 09:10:00,0.43,100.0,992.5,1.22,0.0,0,Normal,0.1597568068655656
2020-12-02 09:20:00,0.21,100.0,992.47,2.04,0.0,0,Normal,0.14502270247989507
2020-12-02 09:30:00,0.02,100.0,992.46,2.07,0.0,0,Normal,0.14434122126364185
2020-12-02 09:40:00,0.07,100.0,992.44,1.39,0.0,0,Normal,0.15851059111774574
2020-12-02 09:50:00,0.11,100.0,992.38,1.24,0.0,0,Normal,0.15901809295574676
2020-12-02 10:00:00,0.11,100.0,992.38,1.38,0.0,0,Normal,0.15936335512934052
2020-12-02 10:10:00,0.03,100.0,992.38,1.35,0.0,0,Normal,0.1584164860849004
2020-12-02 10:20:00,0.07,100.0,992.27,1.24,0.0,0,Normal,0.15901809295574676
2020-12-02 10:30:00,0.22,100.0,992.16,1.56,0.0,0,Normal,0.1547673133851305
2020-12-02 10:40:00,0.2,100.0,992.05,2.34,0.0,0,Normal,0.14382817004966558
2020-12-02 10:50:00,0.26,100.0,991.91,2.36,0.0,0,Normal,0.14703304193365513
2020-12-02 11:00:00,0.3,100.0,991.88,2.16,0.0,0,Normal,0.1478980294335815
2020-12-02 11:10:00,0.09,100.0,991.83,2.18,0.0,0,Normal,0.14448010081279755
2020-12-02 11:20:00,0.07,100.0,991.66,2.26,0.0,0,Normal,0.14304448830448835
2020-12-02 11:30:00,0.17,100.0,991.52,2.2,0.0,0,Normal,0.14439433286143127
2020-12-02 11:40:00,0.16,100.0,991.35,1.96,0.0,0,Normal,0.1459307710197965
2020-12-02 11:50:00,0.25,100.0,991.18,1.5,0.0,0,Normal,0.15756207031199504
2020-12-02 12:00:00,0.42,100.0,990.94,1.32,0.0,0,Normal,0.16070040440350286
2020-12-02 12:10:00,0.48,100.0,990.76,1.6,0.0,0,Normal,0.15628993016668685
2020-12-02 12:20:00,0.64,99.8,990.62,1.29,0.0,0,Normal,0.1649509616942772
2020-12-02 12:30:00,0.69,99.4,990.52,1.81,0.0,0,Normal,0.15679032167740264
2020-12-02 12:40:00,0.63,99.5,990.36,1.86,0.0,0,Normal,0.15660560652471395
2020-12-02 12:50:00,0.84,98.9,990.25,1.88,0.0,0,Normal,0.15961341679734925
2020-12-02 13:00:00,0.96,97.4,990.2,1.99,0.0,0,Normal,0.1652548043797042
2020-12-02 13:10:00,0.61,98.9,990.1,2.29,0.0,0,Normal,0.15320530174589136
2020-12-02 13:20:00,0.35,100.0,989.96,2.11,0.0,0,Normal,0.14703083109561382
2020-12-02 13:30:00,0.27,100.0,989.8,2.36,0.0,0,Normal,0.1465589067766087
2020-12-02 13:40:00,0.2,100.0,989.69,2.17,0.0,0,Normal,0.14425557541223882
2020-12-02 13:50:00,0.12,100.0,989.56,2.44,0.0,0,Normal,0.14150120663716992
2020-12-02 14:00:00,0.2,100.0,989.47,2.57,0.0,0,Normal,0.14058324918713294
2020-12-02 14:10:00,0.32,99.5,989.39,2.56,0.0,0,Normal,0.14866700823631457
2020-12-02 14:20:00,0.37,99.6,989.32,2.32,0.0,0,Normal,0.14941270597631523
2020-12-02 14:30:00,0.27,99.8,989.37,1.79,0.0,0,Normal,0.15531943680817217
2020-12-02 14:40:00,0.17,99.9,989.33,1.47,0.0,0,Normal,0.15476081452142515
2020-12-02 14:50:00,0.09,100.0,989.31,1.49,0.0,0,Normal,0.15315408301435157
2020-12-02 15:00:00,-0.04,100.0,989.26,2.07,0.0,0,Normal,0.14315300639573397
2020-12-02 15:10:00,-0.01,100.0,989.26,2.24,0.0,0,Normal,0.14325960341005528
2020-12-02 15:20:00,-0.01,99.8,989.13,2.45,0.0,0,Normal,0.14451321735807254
2020-12-02 15:30:00,0.06,99.8,989.04,1.88,0.0,0,Normal,0.15145289617376928
2020-12-02 15:40:00,0.09,99.4,989.01,1.81,0.0,0,Normal,0.15271805880848865
2020-12-02 15:50:00,-0.08,100.0,989.0,2.25,0.0,0,Normal,0.14212972439217392
2020-12-02 16:00:00,-0.27,100.0,988.92,2.33,0.0,0,Normal,0.1416339951064357
2020-12-02 16:10:00,-0.35,100.0,988.83,2.19,0.0,0,Normal,0.14468170988160112
2020-12-02 16:20:00,-0.35,100.0,988.74,1.82,0.0,0,Normal,0.1492241763699056
2020-12-02 16:30:00,-0.26,100.0,988.65,2.0,0.0,0,Normal,0.1438758419230115
2020-12-02 16:40:00,-0.24,100.0,988.61,0.96,0.0,0,Normal,0.15025809645355442
2020-12-02 16:50:00,-0.2,100.0,988.59,1.19,0.0,0,Normal,0.15176097874614702
2020-12-02 17:00:00,-0.18,100.0,988.55,0.74,0.0,0,Normal,0.15037237641432322
2020-12-02 17:10:00,-0.24,100.0,988.52,0.91,0.0,0,Normal,0.15090338869090597
2020-12-02 17:20:00,-0.3,100.0,988.43,0.44,0.0,0,Normal,0.1393869560873961
2020-12-02 17:30:00,-0.37,99.6,988.33,0.5,0.0,0,Normal,0.14640553551593716
2020-12-02 17:40:00,-0.64,99.5,988.23,0.57,0.0,0,Normal,0.14775377277626184
2020-12-02 17:50:00,-0.75,97.9,988.21,1.06,0.0,0,Normal,0.15665615673928723
2020-12-02 18:00:00,-0.89,96.7,988.19,1.1,0.0,0,Normal,0.16210513016020045
2020-12-02 18:10:00,-1.0,93.5,988.16,0.98,0.0,0,Normal,0.17342324443304225
2020-12-02 18:20:00,-1.09,87.9,988.26,1.06,0.0,0,Normal,0.19018260376975726
2020-12-02 18:30:00,-1.23,86.8,988.29,0.87,0.0,0,Normal,0.19216698515522562
2020-12-02 18:40:00,-1.4,86.9,988.25,1.01,0.0,0,Normal,0.19081616530955625
2020-12-02 18:50:00,-1.53,86.5,988.18,1.52,0.0,0,Normal,0.19276896211543898
2020-12-02 19:00:00,-1.59,86.0,988.03,2.09,0.0,0,Normal,0.18196934873481563
2020-12-02 19:10:00,-1.56,84.8,987.89,2.23,0.0,0,Normal,0.18333464052045073
2020-12-02 19:20:00,-1.58,84.9,987.87,1.61,0.0,0,Normal,0.19166468332152653
2020-12-02 19:30:00,-1.68,85.1,987.81,1.32,0.0,0,Normal,0.1891985361063907
2020-12-02 19:40:00,-1.71,84.9,987.71,1.26,0.0,0,Normal,0.18902199622832533
2020-12-02 19:50:00,-1.68,83.7,987.65,1.31,0.0,0,Normal,0.18930514646658853
2020-12-02 20:00:00,-1.59,82.2,987.59,1.69,0.0,0,Normal,0.18813016466014093
2020-12-02 20:10:00,-1.56,82.9,987.52,1.02,0.0,0,Normal,0.1884968991716895
2020-12-02 20:20:00,-1.53,82.2,987.46,1.3,0.0,0,Normal,0.18943575979592486
2020-12-02 20:30:00,-1.45,80.2,987.54,2.4,0.0,0,Normal,0.1844564261476876
2020-12-02 20:40:00,-1.34,78.1,987.47,2.73,0.0,0,Normal,0.18218883530365643
2020-12-02 20:50:00,-1.28,77.92,987.4,1.93,0.0,0,Normal,0.18886808085468582
2020-12-02 21:00:00,-1.29,78.75,987.27,2.11,0.0,0,Normal,0.1867233457352533
2020-12-02 21:10:00,-1.26,78.28,987.19,2.23,0.0,0,Normal,0.18712101070993853
2020-12-02 21:20:00,-1.23,77.68,987.16,2.41,0.0,0,Normal,0.1864726639717686
2020-12-02 21:30:00,-1.22,77.48,987.12,2.3,0.0,0,Normal,0.18727402098507495
2020-12-02 21:40:00,-1.21,77.25,987.09,2.49,0.0,0,Normal,0.18402495435968574
2020-12-02 21:50:00,-1.2,77.92,986.98,2.3,0.0,0,Normal,0.18743958126400873
2020-12-02 22:00:00,-1.24,78.85,986.98,2.05,0.0,0,Normal,0.1866721259531855
2020-12-02 22:10:00,-1.2,78.13,986.96,2.7,0.0,0,Normal,0.18318390618018426
2020-12-02 22:20:00,-1.19,77.71,986.79,2.63,0.0,0,Normal,0.18511712396535918
2020-12-02 22:30:00,-1.22,77.96,986.6,2.21,0.0,0,Normal,0.19010491834705645
2020-12-02 22:40:00,-1.23,77.96,986.43,1.8,0.0,0,Normal,0.19157028774147
2020-12-02 22:50:00,-1.24,78.58,986.25,1.41,0.0,0,Normal,0.19346573848711018
2020-12-02 23:00:00,-1.18,78.96,986.01,1.46,0.0,0,Normal,0.19195638781465424
2020-12-02 23:10:00,-1.14,79.18,985.84,1.67,0.0,0,Normal,0.1890920421093712
2020-12-02 23:20:00,-1.12,79.0,985.82,1.75,0.0,0,Normal,0.18704741451888102
2020-12-02 23:30:00,-1.1,79.02,985.92,1.44,0.0,0,Normal,0.18985900101821496
2020-12-02 23:40:00,-1.12,79.26,985.93,2.08,0.0,0,Normal,0.186016698367446
2020-12-02 23:50:00,-1.06,80.1,986.0,2.13,0.0,0,Normal,0.1875427301241263
2020-12-03 00:00:00,-1.0,79.87,986.04,2.6,0.0,0,Normal,0.18276862606199384
2020-12-03 00:10:00,-1.01,79.94,985.91,2.68,0.0,0,Normal,0.18196148254200284
2020-12-03 00:20:00,-1.05,79.3,985.83,2.85,0.0,0,Normal,0.17663595575170515
2020-12-03 00:30:00,-1.08,78.9,985.82,3.24,0.0,0,Normal,0.17188029229758617
2020-12-03 00:40:00,-1.11,78.95,985.72,2.57,0.0,0,Normal,0.18118547921059097
2020-12-03 00:50:00,-1.12,78.9,985.67,3.15,0.0,0,Normal,0.17087957583512914
2020-12-03 01:00:00,-1.13,78.22,985.71,3.73,0.0,0,Normal,0.16613629202164004
2020-12-03 01:10:00,-1.14,77.58,985.54,3.62,0.0,0,Normal,0.16529569653920345
2020-12-03 01:20:00,-1.14,77.47,985.44,3.67,0.0,0,Normal,0.16565147478775816
2020-12-03 01:30:00,-1.14,77.58,985.34,3.32,0.0,0,Normal,0.16861406064417755
2020-12-03 01:40:00,-1.16,77.4,985.19,4.05,0.0,0,Normal,0.1555396889709933
2020-12-03 01:50:00,-1.18,77.53,985.16,4.51,0.0,0,Normal,0.14559704561163495
2020-12-03 02:00:00,-1.19,78.14,985.06,4.1,0.0,0,Normal,0.15101031683254318
2020-12-03 02:10:00,-1.21,78.3,984.92,4.17,0.0,0,Normal,0.15064712823289528
2020-12-03 02:20:00,-1.21,78.57,984.81,3.85,0.0,0,Normal,0.15926753157971912
2020-12-03 02:30:00,-1.23,78.43,984.64,4.19,0.0,0,Normal,0.14914466567552248
2020-12-03 02:40:00,-1.25,78.58,984.46,3.32,0.0,0,Normal,0.1654634867838377
2020-12-03 02:50:00,-1.27,78.49,984.38,2.79,0.0,0,Normal,0.17526518371380279
2020-12-03 03:00:00,-1.23,78.12,984.31,1.8,0.0,0,Normal,0.18303599772322543
2020-12-03 03:10:00,-1.05,78.32,984.13,0.84,0.0,0,Normal,0.17896754381198587
2020-12-03 03:20:00,-1.09,78.14,984.03,1.64,0.0,0,Normal,0.1853984415760978
2020-12-03 03:30:00,-1.21,77.62,983.83,2.03,0.0,0,Normal,0.17895889927138342
2020-12-03 03:40:00,-1.28,77.87,983.64,1.78,0.0,0,Normal,0.18075012138008445
2020-12-03 03:50:00,-1.3,77.58,983.54,1.47,0.0,0,Normal,0.18205716048329396
2020-12-03 04:00:00,-1.29,77.45,983.51,1.48,0.0,0,Normal,0.18215249849837334
2020-12-03 04:10:00,-1.26,77.08,983.48,1.46,0.0,0,Normal,0.18130623980980815
2020-12-03 04:20:00,-1.25,77.13,983.4,1.91,0.0,0,Normal,0.17800583452310004
2020-12-03 04:30:00,-1.27,77.05,983.3,2.34,0.0,0,Normal,0.17697392521665717
2020-12-03 04:40:00,-1.32,77.23,983.17,3.37,0.0,0,Normal,0.16303767676382702
2020-12-03 04:50:00,-1.34,77.35,983.11,3.57,0.0,0,Normal,0.15876512826773176
2020-12-03 05:00:00,-1.33,77.57,983.08,3.01,0.0,0,Normal,0.1668061553140005
2020-12-03 05:10:00,-1.3,77.83,982.99,3.05,0.0,0,Normal,0.1668836825222348
2020-12-03 05:20:00,-1.29,77.89,982.85,3.97,0.0,0,Normal,0.15129637744572771
2020-12-03 05:30:00,-1.28,77.86,982.81,4.53,0.0,0,Normal,0.13757184605717138
2020-12-03 05:40:00,-1.27,78.11,982.83,3.62,0.0,0,Normal,0.15731693150391995
2020-12-03 05:50:00,-1.26,77.65,982.7,4.24,0.0,0,Normal,0.14425861453489702
2020-12-03 06:00:00,-1.26,77.62,982.7,4.23,0.0,0,Normal,0.14393427364462286
2020-12-03 06:10:00,-1.26,77.41,982.73,3.8,0.0,0,Normal,0.15570768548990754
2020-12-03 06:20:00,-1.29,76.9,982.78,4.17,0.0,0,Normal,0.14846799302755537
2020-12-03 06:30:00,-1.33,76.73,982.66,3.58,0.0,0,Normal,0.15934352041894595
2020-12-03 06:40:00,-1.36,76.26,982.69,4.17,0.0,0,Normal,0.14673619248624836
2020-12-03 06:50:00,-1.42,75.53,982.57,4.76,0.0,0,Normal,0.13590917950764803
2020-12-03 07:00:00,-1.46,75.46,982.42,4.5,0.0,0,Normal,0.1403611785937241
2020-12-03 07:10:00,-1.48,75.86,982.42,3.89,0.0,0,Normal,0.1531284690752367
2020-12-03 07:20:00,-1.49,75.89,982.27,4.28,0.0,0,Normal,0.13954607678192266
2020-12-03 07:30:00,-1.47,76.12,981.98,4.0,0.0,0,Normal,0.14699979253838563
2020-12-03 07:40:00,-1.47,75.97,981.86,4.64,0.0,0,Normal,0.13325366904568314
2020-12-03 07:50:00,-1.48,75.98,981.74,4.28,0.0,0,Normal,0.13600736397262475
2020-12-03 08:00:00,-1.49,75.95,981.69,4.28,0.0,0,Normal,0.13615855129690546
2020-12-03 08:10:00,-1.5,75.86,981.69,4.22,0.0,0,Normal,0.1414932822910397
2020-12-03 08:20:00,-1.51,75.56,981.66,3.55,0.0,0,Normal,0.15444584976648718
2020-12-03 08:30:00,-1.45,76.11,981.68,2.63,0.0,0,Normal,0.16767331426479049
2020-12-03 08:40:00,-1.39,76.04,981.49,2.88,0.0,0,Normal,0.16482568155080002
2020-12-03 08:50:00,-1.33,76.37,981.44,2.79,0.0,0,Normal,0.16521275340570885
2020-12-03 09:00:00,-1.28,76.2,981.36,2.31,0.0,0,Normal,0.1692285320304529
2020-12-03 09:10:00,-1.19,76.38,981.34,2.12,0.0,0,Normal,0.17012852967157854
2020-12-03 09:20:00,-1.08,76.28,981.34,1.91,0.0,0,Normal,0.16885747634034926
2020-12-03 09:30:00,-1.02,76.2,981.25,2.53,0.0,0,Normal,0.16726564776147884
2020-12-03 09:40:00,-1.01,76.03,981.25,3.25,0.0,0,Normal,0.16022196526885962
2020-12-03 09:50:00,-0.99,76.23,981.06,3.57,0.0,0,Normal,0.1553682006250926
2020-12-03 10:00:00,-0.94,76.57,980.94,3.47,0.0,0,Normal,0.15695989892848938
2020-12-03 10:10:00,-0.81,76.68,980.82,3.0,0.0,0,Normal,0.1628344894534713
2020-12-03 10:20:00,-0.79,76.69,980.63,3.5,0.0,0,Normal,0.15629852837842056
2020-12-03 10:30:00,-0.71,77.03,980.51,2.76,0.0,0,Normal,0.16796601475810452
2020-12-03 10:40:00,-0.63,76.98,980.34,3.12,0.0,0,Normal,0.16161543895781288
2020-12-03 10:50:00,-0.56,77.18,980.17,3.38,0.0,0,Normal,0.1576192320441922
2020-12-03 11:00:00,-0.51,77.21,980.06,3.6,0.0,0,Normal,0.15437172029460955
2020-12-03 11:10:00,-0.49,77.46,979.91,3.94,0.0,0,Normal,0.14774596577062415
2020-12-03 11:20:00,-0.48,77.71,979.72,3.33,0.0,0,Normal,0.15791654825936552
2020-12-03 11:30:00,-0.33,77.86,979.45,2.78,0.0,0,Normal,0.16806770798150827
2020-12-03 11:40:00,-0.24,77.25,979.23,3.13,0.0,0,Normal,0.16130003070507715
2020-12-03 11:50:00,-0.28,77.34,979.08,3.67,0.0,0,Normal,0.15317320417107405
2020-12-03 12:00:00,-0.21,77.05,978.91,3.99,0.0,0,Normal,0.1438398754498375
2020-12-03 12:10:00,-0.14,77.08,978.81,3.4,0.0,0,Normal,0.15611748180716206
2020-12-03 12:20:00,-0.06,77.03,978.7,3.38,0.0,0,Normal,0.15673985644008975
2020-12-03 12:30:00,0.0,76.88,978.6,3.86,0.0,0,Normal,0.1467968676674673
2020-12-03 12:40:00,0.11,77.17,978.53,3.29,0.0,0,Normal,0.15645959873755022
2020-12-03 12:50:00,0.21,76.77,978.43,5.28,0.0,0,Normal,0.11930841383478785
2020-12-03 13:00:00,0.27,77.11,978.31,4.86,0.0,0,Normal,0.1246395185831834
2020-12-03 13:10:00,0.36,77.2,978.11,4.86,0.0,0,Normal,0.1246395185831834
2020-12-03 13:20:00,0.29,77.67,978.01,5.56,0.0,0,Normal,0.1151418792408494
2020-12-03 13:30:00,0.31,78.08,977.92,5.11,0.0,0,Normal,0.1210261415112146
2020-12-03 13:40:00,0.28,78.33,977.77,6.35,0.0,0,Normal,0.09948050126661445
2020-12-03 13:50:00,0.3,78.69,977.59,5.75,0.0,0,Normal,0.10762077579987961
2020-12-03 14:00:00,0.35,78.77,977.49,5.68,0.0,0,Normal,0.11206642649792853
2020-12-03 14:10:00,0.42,78.99,977.47,4.85,0.0,0,Normal,0.12039593015253025
2020-12-03 14:20:00,0.48,79.08,977.44,3.9,0.0,0,Normal,0.14530777356115088
2020-12-03 14:30:00,0.58,79.06,977.4,2.7,0.0,0,Normal,0.16342600236164911
2020-12-03 14:40:00,0.66,78.67,977.29,2.93,0.0,0,Normal,0.16425336043929306
2020-12-03 14:50:00,0.68,78.83,977.17,2.97,0.0,0,Normal,0.16257300608197378
2020-12-03 15:00:00,0.76,78.83,977.1,3.08,0.0,0,Normal,0.16063176631973025
2020-12-03 15:10:00,0.7,79.27,977.07,3.84,0.0,0,Normal,0.14401762374816174
2020-12-03 15:20:00,0.67,79.79,976.91,3.57,0.0,0,Normal,0.14404825027836426
2020-12-03 15:30:00,0.63,80.0,976.77,4.08,0.0,0,Normal,0.13376630830354147
2020-12-03 15:40:00,0.61,79.88,976.68,4.48,0.0,0,Normal,0.12279641538266473
2020-12-03 15:50:00,0.55,79.85,976.47,4.98,0.0,0,Normal,0.11089245404674197
2020-12-03 16:00:00,0.52,80.1,976.34,4.47,0.0,0,Normal,0.11831224505549764
2020-12-03 16:10:00,0.43,80.6,976.12,4.13,0.0,0,Normal,0.1276950640120929
2020-12-03 16:20:00,0.3,81.4,976.1,3.01,0.0,0,Normal,0.14535135740550875
2020-12-03 16:30:00,0.23,81.7,976.01,2.84,0.0,0,Normal,0.15031522948619508
2020-12-03 16:40:00,0.13,82.3,975.84,2.91,0.0,0,Normal,0.14835688627792004
2020-12-03 16:50:00,0.03,82.8,975.84,2.31,0.0,0,Normal,0.15479727312592845
2020-12-03 17:00:00,-0.06,82.8,975.81,2.5,0.0,0,Normal,0.15383677722962913
2020-12-03 17:10:00,-0.13,82.9,975.77,2.26,0.0,0,Normal,0.15599932474261696
2020-12-03 17:20:00,-0.18,82.4,975.67,2.48,0.0,0,Normal,0.15261780809660824
2020-12-03 17:30:00,-0.19,82.0,975.52,3.17,0.0,0,Normal,0.141941759917181
2020-12-03 17:40:00,-0.16,81.5,975.41,3.29,0.0,0,Normal,0.1410675147048635
2020-12-03 17:50:00,-0.09,80.9,975.36,4.28,0.0,0,Normal,0.11798370843775474
2020-12-03 18:00:00,-0.01,80.5,975.42,5.4,0.0,0,Normal,0.09861247590376121
2020-12-03 18:10:00,0.16,79.83,975.53,3.94,0.0,0,Normal,0.1303805525655557
2020-12-03 18:20:00,0.22,79.71,975.43,3.44,0.0,0,Normal,0.1405332548389937
2020-12-03 18:30:00,0.26,79.53,975.33,3.12,0.0,0,Normal,0.1451552017425391
2020-12-03 18:40:00,0.28,79.07,975.16,3.52,0.0,0,Normal,0.13768172972272014
2020-12-03 18:50:00,0.26,79.19,975.02,2.88,0.0,0,Normal,0.14985026625812353
2020-12-03 19:00:00,0.27,79.83,974.91,2.24,0.0,0,Normal,0.15222618821292183
2020-12-03 19:10:00,0.2,80.4,974.7,2.04,0.0,0,Normal,0.1475581818274489
2020-12-03 19:20:00,0.14,80.3,974.61,2.32,0.0,0,Normal,0.14757203584860074
2020-12-03 19:30:00,0.07,79.75,974.53,2.6,0.0,0,Normal,0.14587892915225142
2020-12-03 19:40:00,0.04,78.79,974.36,3.13,0.0,0,Normal,0.1437962235226175
2020-12-03 19:50:00,0.01,77.28,974.13,3.53,0.0,0,Normal,0.1379234309576119
2020-12-03 20:00:00,0.08,75.62,973.89,2.99,0.0,0,Normal,0.14766625135750883
2020-12-03 20:10:00,0.13,75.1,973.63,2.48,0.0,0,Normal,0.1508500344931153
2020-12-03 20:20:00,0.24,73.22,973.35,2.58,0.0,0,Normal,0.14845949999035224
2020-12-03 20:30:00,0.29,72.36,973.07,3.39,0.0,0,Normal,0.13682786222731042
2020-12-03 20:40:00,0.32,72.72,972.96,2.84,0.0,0,Normal,0.14294463019264014
2020-12-03 20:50:00,0.35,72.77,972.89,3.08,0.0,0,Normal,0.13751325840157785
2020-12-03 21:00:00,0.45,73.22,972.82,3.0,0.0,0,Normal,0.13963631974166402
2020-12-03 21:10:00,0.55,73.6,972.71,2.74,0.0,0,Normal,0.14244612359402437
2020-12-03 21:20:00,0.55,74.13,972.53,2.19,0.0,0,Normal,0.14439692747451044
2020-12-03 21:30:00,0.5,74.54,972.25,2.63,0.0,0,Normal,0.14211749125307638
2020-12-03 21:40:00,0.39,75.5,971.9,2.67,0.0,0,Normal,0.1360633739894303
2020-12-03 21:50:00,0.33,76.2,971.7,2.41,0.0,0,Normal,0.13433211505257076
2020-12-03 22:00:00,0.24,76.86,971.67,2.32,0.0,0,Normal,0.1345057787141743
2020-12-03 22:10:00,0.1,77.48,971.59,1.8,0.0,0,Normal,0.1321186620330454
2020-12-03 22:20:00,0.03,77.2,971.45,3.0,0.0,0,Normal,0.1262099497633336
2020-12-03 22:30:00,-0.16,78.02,971.28,2.73,0.0,0,Normal,0.12906579561141784
2020-12-03 22:40:00,-0.29,78.76,971.17,2.52,0.0,0,Normal,0.13133797055573165
2020-12-03 22:50:00,-0.39,79.38,971.03,2.39,0.0,0,Normal,0.12608521962826308
2020-12-03 23:00:00,-0.51,79.88,970.88,2.32,0.0,0,Normal,0.12411094184981664
2020-12-03 23:10:00,-0.58,80.3,970.7,2.42,0.0,0,Normal,0.12095734141706471
2020-12-03 23:20:00,-0.67,80.9,970.47,2.5,0.0,0,Normal,0.1175941769237151
2020-12-03 23:30:00,-0.7,81.4,970.2,2.76,0.0,0,Normal,0.10870963704930148
2020-12-03 23:40:00,-0.72,81.9,969.98,3.48,0.0,0,Normal,0.09328440404141203
2020-12-03 23:50:00,-0.56,81.5,969.88,3.54,0.0,0,Normal,0.09185941994484703
2020-12-04 00:00:00,-0.51,81.4,969.82,3.45,0.0,0,Normal,0.09510060547563082
2020-12-04 00:10:00,-0.49,81.5,969.78,3.6,0.0,0,Normal,0.09210754587355963
2020-12-04 00:20:00,-0.52,81.8,969.63,3.42,0.0,0,Normal,0.09498343232624284
2020-12-04 00:30:00,-0.47,81.7,969.44,3.02,0.0,0,Normal,0.0989361686485456
2020-12-04 00:40:00,-0.48,81.9,969.27,2.6,0.0,0,Normal,0.10449361623196707
2020-12-04 00:50:00,-0.46,81.9,969.21,2.12,0.0,0,Normal,0.107374334081069
2020-12-04 01:00:00,-0.45,81.8,969.17,2.3,0.0,0,Normal,0.10674557379330174
2020-12-04 01:10:00,-0.45,82.0,969.16,1.85,0.0,0,Normal,0.10857380284823737
2020-12-04 01:20:00,-0.27,80.7,969.09,1.77,0.0,0,Normal,0.1062251247243543
2020-12-04 01:30:00,-0.15,80.2,968.97,3.36,0.0,0,Normal,0.09498225260011539
2020-12-04 01:40:00,-0.07,79.64,968.88,2.9,0.0,0,Normal,0.10203586065801151
2020-12-04 01:50:00,-0.16,79.62,968.84,3.79,0.0,0,Normal,0.09018279364812254
2020-12-04 02:00:00,-0.23,79.72,968.7,3.74,0.0,0,Normal,0.0889422656747525
2020-12-04 02:10:00,-0.34,80.2,968.54,3.18,0.0,0,Normal,0.09519351247376795
2020-12-04 02:20:00,-0.4,80.6,968.45,2.71,0.0,0,Normal,0.09952907783869158
2020-12-04 02:30:00,-0.46,81.0,968.36,2.71,0.0,0,Normal,0.09771071659018726
2020-12-04 02:40:00,-0.51,80.8,968.26,3.19,0.0,0,Normal,0.09222537717571944
2020-12-04 02:50:00,-0.5,80.3,968.21,3.14,0.0,0,Normal,0.0923565852428554
2020-12-04 03:00:00,-0.44,79.49,968.1,2.73,0.0,0,Normal,0.09693404418964335
2020-12-04 03:10:00,-0.33,78.05,967.9,2.9,0.0,0,Normal,0.09594143327038351
2020-12-04 03:20:00,-0.23,76.81,967.72,2.78,0.0,0,Normal,0.09471970801378105
2020-12-04 03:30:00,-0.22,76.85,967.55,2.22,0.0,0,Normal,0.09917399998764442
2020-12-04 03:40:00,-0.16,76.14,967.3,2.2,0.0,0,Normal,0.09892166847991091
2020-12-04 03:50:00,-0.03,75.07,967.2,2.44,0.0,0,Normal,0.09803218450164863
2020-12-04 04:00:00,0.03,74.64,967.06,2.9,0.0,0,Normal,0.09250951102428495
2020-12-04 04:10:00,0.1,74.25,967.01,3.06,0.0,0,Normal,0.09032557802290053
2020-12-04 04:20:00,0.15,73.63,967.07,3.34,0.0,0,Normal,0.08641190198138227
2020-12-04 04:30:00,0.14,73.6,966.9,4.18,0.0,0,Normal,0.07298898139675614
2020-12-04 04:40:00,0.13,73.58,966.78,4.01,0.0,0,Normal,0.07230014085983738
2020-12-04 04:50:00,0.15,73.75,966.81,3.02,0.0,0,Normal,0.09011506369016864
2020-12-04 05:00:00,0.19,73.98,966.8,2.54,0.0,0,Normal,0.09381280897878219
2020-12-04 05:10:00,0.24,73.87,966.82,2.86,0.0,0,Normal,0.09156585865088485
2020-12-04 05:20:00,0.36,72.9,966.75,3.1,0.0,0,Normal,0.08916554483761008
2020-12-04 05:30:00,0.42,72.8,966.67,3.02,0.0,0,Normal,0.09091807087926007
2020-12-04 05:40:00,0.44,72.45,966.62,2.79,0.0,0,Normal,0.0907302870098654
2020-12-04 05:50:00,0.47,72.58,966.57,1.74,0.0,0,Normal,0.09715103157314164
2020-12-04 06:00:00,0.49,72.31,966.4,2.51,0.0,0,Normal,0.09111330025150477
2020-12-04 06:10:00,0.49,72.78,966.24,2.33,0.0,0,Normal,0.08482955700766581
2020-12-04 06:20:00,0.51,72.84,966.15,2.28,0.0,0,Normal,0.08664532796120439
2020-12-04 06:30:00,0.52,72.78,966.02,2.25,0.0,0,Normal,0.08707378703930602
2020-12-04 06:40:00,0.5,73.08,966.03,2.66,0.0,0,Normal,0.08290429314373726
2020-12-04 06:50:00,0.53,72.66,966.09,2.7,0.0,0,Normal,0.08272139087090447
2020-12-04 07:00:00,0.56,72.44,966.1,2.6,0.0,0,Normal,0.08301473191108844
2020-12-04 07:10:00,0.61,72.42,966.08,2.66,0.0,0,Normal,0.08451403470287377
2020-12-04 07:20:00,0.59,73.14,966.07,2.34,0.0,0,Normal,0.08522029513854157
2020-12-04 07:30:00,0.57,73.58,966.14,2.31,0.0,0,Normal,0.0862314025510672
2020-12-04 07:40:00,0.62,73.82,966.13,2.16,0.0,0,Normal,0.08854470269308912
2020-12-04 07:50:00,0.72,73.65,966.08,2.33,0.0,0,Normal,0.0877566532976819
2020-12-04 08:00:00,0.8,73.62,966.09,2.54,0.0,0,Normal,0.08753255463845311
2020-12-04 08:10:00,0.9,73.29,966.23,2.64,0.0,0,Normal,0.08862642594955494
2020-12-04 08:20:00,0.89,73.47,966.42,2.73,0.0,0,Normal,0.09583349628106108
2020-12-04 08:30:00,0.92,73.5,966.57,2.74,0.0,0,Normal,0.09601196356855757
2020-12-04 08:40:00,0.96,73.63,966.68,2.57,0.0,0,Normal,0.0975686506918152
2020-12-04 08:50:00,1.01,73.44,966.66,2.77,0.0,0,Normal,0.09546203492728245
2020-12-04 09:00:00,1.0,73.67,966.69,2.5,0.0,0,Normal,0.09730565058216012
2020-12-04 09:10:00,1.06,73.11,966.65,3.61,0.0,0,Normal,0.08825906915770965
2020-12-04 09:20:00,1.17,72.16,966.64,4.13,0.0,0,Normal,0.07804101902361293
2020-12-04 09:30:00,1.21,71.93,966.72,3.6,0.0,0,Normal,0.09137231880470398
2020-12-04 09:40:00,1.23,71.6,966.89,4.88,0.0,0,Normal,0.0629653668771013
2020-12-04 09:50:00,1.3,71.72,967.01,3.47,0.0,0,Normal,0.09316819661577003
2020-12-04 10:00:00,1.31,72.08,967.06,3.71,0.0,0,Normal,0.09221547417998188
2020-12-04 10:10:00,1.29,72.52,967.05,3.51,0.0,0,Normal,0.09552787467207835
2020-12-04 10:20:00,1.32,72.91,966.99,2.68,0.0,0,Normal,0.10498375951911199
2020-12-04 10:30:00,1.37,72.66,966.95,3.56,0.0,0,Normal,0.09650578369090757
2020-12-04 10:40:00,1.47,72.36,967.01,3.63,0.0,0,Normal,0.09657972219360034
2020-12-04 10:50:00,1.6,72.06,966.96,3.4,0.0,0,Normal,0.09876838053526915
2020-12-04 11:00:00,1.76,71.55,966.88,3.25,0.0,0,Normal,0.10024520243407753
2020-12-04 11:10:00,1.99,70.88,966.79,3.87,0.0,0,Normal,0.08787948517143906
2020-12-04 11:20:00,2.13,70.48,966.74,3.85,0.0,0,Normal,0.0893532823591423
2020-12-04 11:30:00,2.21,69.83,966.74,5.13,0.0,0,Normal,0.06440102342228793
2020-12-04 11:40:00,2.3,69.84,966.56,4.37,0.0,0,Normal,0.07540561344783525
2020-12-04 11:50:00,2.39,69.7,966.33,4.69,0.0,0,Normal,0.06550697502032365
2020-12-04 12:00:00,2.48,70.0,966.18,3.3,0.0,0,Normal,0.0918903997309457
2020-12-04 12:10:00,2.56,69.8,966.11,2.62,0.0,0,Normal,0.09650169541923581
2020-12-04 12:20:00,2.63,69.53,966.08,3.16,0.0,0,Normal,0.09710630922866814
2020-12-04 12:30:00,2.69,69.86,966.08,2.49,0.0,0,Normal,0.09947492084840093
2020-12-04 12:40:00,3.02,69.18,966.13,1.96,0.0,0,Normal,0.10703077548093276
2020-12-04 12:50:00,3.91,65.08,966.05,2.32,0.0,0,Normal,0.10202991424976537
2020-12-04 13:00:00,4.04,64.62,966.01,1.87,0.0,0,Normal,0.10148366912105489
2020-12-04 13:10:00,4.78,61.91,965.91,2.31,0.0,0,Normal,0.09915927763591681
2020-12-04 13:20:00,5.17,60.26,965.86,3.28,0.0,0,Normal,0.09087828210548843
2020-12-04 13:30:00,5.35,59.95,965.81,2.74,0.0,0,Normal,0.09329303073405704
2020-12-04 13:40:00,5.16,59.94,965.88,3.82,0.0,0,Normal,0.08759698239599034
2020-12-04 13:50:00,5.22,59.94,965.86,3.03,0.0,0,Normal,0.09135672755463975
2020-12-04 14:00:00,5.4,59.15,965.87,3.03,0.0,0,Normal,0.08910238143252402
2020-12-04 14:10:00,5.66,58.2,965.74,1.96,0.0,0,Normal,0.09423145023990664
2020-12-04 14:20:00,5.54,59.64,965.71,2.12,0.0,0,Normal,0.09600382816307018
2020-12-04 14:30:00,5.31,60.57,965.75,2.6,0.0,0,Normal,0.09454634964440267
2020-12-04 14:40:00,5.06,61.6,965.82,2.73,0.0,0,Normal,0.09718844335726318
2020-12-04 14:50:00,4.91,62.42,965.79,1.99,0.0,0,Normal,0.10222265985834433
2020-12-04 15:00:00,4.82,62.73,965.83,2.03,0.0,0,Normal,0.10180709299336
2020-12-04 15:10:00,4.67,62.58,965.79,2.03,0.0,0,Normal,0.10045021915316232
2020-12-04 15:20:00,4.49,64.05,965.95,2.93,0.0,0,Normal,0.09733496723975599
2020-12-04 15:30:00,4.29,65.73,965.93,3.06,0.0,0,Normal,0.09772210946153925
2020-12-04 15:40:00,4.12,66.97,965.97,2.72,0.0,0,Normal,0.10333296159291727
2020-12-04 15:50:00,3.83,68.69,966.04,2.79,0.0,0,Normal,0.1043727514800592
2020-12-04 16:00:00,3.6,69.92,966.22,2.09,0.0,0,Normal,0.10982648756190949
2020-12-04 16:10:00,3.49,70.16,966.29,2.39,0.0,0,Normal,0.10746224919982927
2020-12-04 16:20:00,3.46,69.94,966.25,2.38,0.0,0,Normal,0.10531506252070644
2020-12-04 16:30:00,3.4,70.25,966.06,1.67,0.0,0,Normal,0.1064385123096554
2020-12-04 16:40:00,3.24,70.93,966.24,2.64,0.0,0,Normal,0.10380941525999066
2020-12-04 16:50:00,3.15,71.35,966.29,2.06,0.0,0,Normal,0.11101003554817768
2020-12-04 17:00:00,3.05,72.19,966.23,1.37,0.0,0,Normal,0.10458010966423514
2020-12-04 17:10:00,2.79,73.45,966.35,2.29,0.0,0,Normal,0.11148312988126552
2020-12-04 17:20:00,2.54,75.05,966.32,1.99,0.0,0,Normal,0.10903904488791605
2020-12-04 17:30:00,2.47,75.77,966.2,2.05,0.0,0,Normal,0.10290915620149343
2020-12-04 17:40:00,2.19,77.05,966.46,2.57,0.0,0,Normal,0.10371699286659886
2020-12-04 17:50:00,2.11,77.12,966.53,2.56,0.0,0,Normal,0.10302391412489142
2020-12-04 18:00:00,2.05,77.59,966.44,2.1,0.0,0,Normal,0.10363343317392293
2020-12-04 18:10:00,2.0,78.14,966.3,2.05,0.0,0,Normal,0.09696344739945417
2020-12-04 18:20:00,1.92,78.33,966.38,2.26,0.0,0,Normal,0.102373639210948
2020-12-04 18:30:00,1.88,78.4,966.48,2.15,0.0,0,Normal,0.10261742232356841
2020-12-04 18:40:00,1.89,78.21,966.46,1.88,0.0,0,Normal,0.10245079907632493
2020-12-04 18:50:00,1.96,77.98,966.74,1.92,0.0,0,Normal,0.10668698904171536
2020-12-04 19:00:00,2.06,77.44,966.74,2.22,0.0,0,Normal,0.10780606262981318
2020-12-04 19:10:00,2.04,77.79,966.73,2.13,0.0,0,Normal,0.1070841582548796
2020-12-04 19:20:00,2.05,77.93,966.71,1.66,0.0,0,Normal,0.10871661226440821
2020-12-04 19:30:00,2.03,77.83,966.82,2.05,0.0,0,Normal,0.10949826360053827
2020-12-04 19:40:00,2.06,77.57,966.7,1.28,0.0,0,Normal,0.10252532940727532
2020-12-04 19:50:00,2.09,77.53,966.71,1.21,0.0,0,Normal,0.10269669990578034
2020-12-04 20:00:00,2.11,76.97,966.62,0.69,0.0,0,Normal,0.09403791626113012
2020-12-04 20:10:00,2.11,77.07,966.66,1.21,0.0,0,Normal,0.10273906202769423
2020-12-04 20:20:00,2.13,76.8,966.58,0.75,0.0,0,Normal,0.09682516293674026
2020-12-04 20:30:00,2.09,76.75,966.5,0.75,0.0,0,Normal,0.09526980512402972
2020-12-04 20:40:00,2.07,76.63,966.65,1.07,0.0,0,Normal,0.10192463674902974
2020-12-04 20:50:00,2.23,75.68,966.76,1.13,0.0,0,Normal,0.10749051868466086
2020-12-04 21:00:00,2.32,75.42,966.62,0.77,0.0,0,Normal,0.09828255290039001
2020-12-04 21:10:00,2.25,77.41,966.8,0.4,0.0,0,Normal,0.08287294542193147
2020-12-04 21:20:00,2.17,77.51,966.96,0.5,0.0,0,Normal,0.0939260339092407
2020-12-04 21:30:00,2.13,77.72,966.95,0.31,0.0,0,Normal,0.08040251523961006
2020-12-04 21:40:00,1.98,78.82,966.94,0.59,0.0,0,Normal,0.09451705691764922
2020-12-04 21:50:00,1.6,80.3,966.91,1.19,0.0,0,Normal,0.10309237789997139
2020-12-04 22:00:00,1.56,81.4,966.78,0.72,0.0,0,Normal,0.09564527629139918
2020-12-04 22:10:00,1.46,82.4,966.81,0.47,0.0,0,Normal,0.09191814242549567
2020-12-04 22:20:00,1.4,82.2,966.9,0.38,0.0,0,Normal,0.08207601338840598
2020-12-04 22:30:00,1.55,81.5,967.12,0.46,0.0,0,Normal,0.09287114735573321
2020-12-04 22:40:00,1.6,81.1,966.73,1.31,0.0,0,Normal,0.10165952627421826
2020-12-04 22:50:00,1.19,83.6,966.58,0.88,0.0,0,Normal,0.0936593311822651
2020-12-04 23:00:00,0.97,84.7,966.81,0.75,0.0,0,Normal,0.09189334221786072
2020-12-04 23:10:00,0.84,85.0,967.15,1.31,0.0,0,Normal,0.10056666499491251
2020-12-04 23:20:00,1.02,84.6,967.3,0.89,0.0,0,Normal,0.09884025219562864
2020-12-04 23:30:00,0.86,85.9,967.26,1.2,0.0,0,Normal,0.1005838467721889
2020-12-04 23:40:00,0.63,86.9,967.14,0.69,0.0,0,Normal,0.08801935279267092
2020-12-04 23:50:00,0.58,87.3,966.87,0.78,0.0,0,Normal,0.08842345264159734
2020-12-05 00:00:00,0.46,88.0,966.91,0.47,0.0,0,Normal,0.0815473901683047
2020-12-05 00:10:00,0.65,87.1,966.54,1.03,0.0,0,Normal,0.09032952194493948
2020-12-05 00:20:00,0.63,87.0,966.4,1.78,0.0,0,Normal,0.09168061260592664
2020-12-05 00:30:00,0.48,87.9,966.46,1.24,0.0,0,Normal,0.09043651194432811
2020-12-05 00:40:00,0.27,88.6,966.68,0.75,0.0,0,Normal,0.07827459482551147
2020-12-05 00:50:00,0.18,89.1,966.87,1.05,0.0,0,Normal,0.08910975227468265
2020-12-05 01:00:00,0.4,88.0,966.94,0.48,0.0,0,Normal,0.0794375585029331
2020-12-05 01:10:00,0.51,87.4,966.79,1.23,0.0,0,Normal,0.09598200166448123
2020-12-05 01:20:00,0.25,88.9,966.86,1.5,0.0,0,Normal,0.0909509431858071
2020-12-05 01:30:00,-0.08,90.7,966.88,0.62,0.0,0,Normal,0.07359766644465626
2020-12-05 01:40:00,-0.28,91.6,966.96,1.37,0.0,0,Normal,0.07740504258583236
2020-12-05 01:50:00,0.57,87.6,966.77,0.63,0.0,0,Normal,0.08513845281478094
2020-12-05 02:00:00,0.62,87.6,966.77,1.82,0.0,0,Normal,0.09406885053201808
2020-12-05 02:10:00,0.72,87.2,966.96,0.4,0.0,0,Normal,0.07107104260650376
2020-12-05 02:20:00,0.6,88.2,967.0,0.58,0.0,0,Normal,0.08392034816251592
2020-12-05 02:30:00,0.29,89.7,967.24,0.61,0.0,0,Normal,0.07928510840985492
2020-12-05 02:40:00,0.32,89.9,967.11,0.69,0.0,0,Normal,0.07903812063629401
2020-12-05 02:50:00,0.45,89.3,967.27,0.63,0.0,0,Normal,0.08237051486336777
2020-12-05 03:00:00,0.47,89.6,967.2,1.16,0.0,0,Normal,0.09298390104896992
2020-12-05 03:10:00,0.45,89.7,966.97,2.1,0.0,0,Normal,0.08781632335359091
2020-12-05 03:20:00,0.33,90.1,966.71,2.09,0.0,0,Normal,0.08604720799924659
2020-12-05 03:30:00,0.87,86.5,966.18,2.51,0.0,0,Normal,0.08159039060057116
2020-12-05 03:40:00,0.7,87.3,966.06,1.02,0.0,0,Normal,0.08478243760360948
2020-12-05 03:50:00,0.69,87.4,966.2,2.22,0.0,0,Normal,0.0821700513014495
2020-12-05 04:00:00,1.16,84.9,966.65,1.95,0.0,0,Normal,0.09795435836857413
2020-12-05 04:10:00,1.49,83.2,966.23,1.54,0.0,0,Normal,0.09642625963349782
2020-12-05 04:20:00,1.08,85.7,966.19,1.08,0.0,0,Normal,0.08830646505731543
2020-12-05 04:30:00,0.53,88.3,966.42,1.29,0.0,0,Normal,0.08849807245327468
2020-12-05 04:40:00,0.53,88.0,966.83,1.12,0.0,0,Normal,0.09573802466994774
2020-12-05 04:50:00,0.9,86.1,966.69,0.62,0.0,0,Normal,0.08573252230525219
2020-12-05 05:00:00,0.72,87.0,966.99,1.2,0.0,0,Normal,0.09586646177772595
2020-12-05 05:10:00,0.68,87.5,966.59,1.27,0.0,0,Normal,0.09153271319114975
2020-12-05 05:20:00,0.18,90.5,966.39,1.21,0.0,0,Normal,0.08002733154191555
2020-12-05 05:30:00,-0.03,91.1,967.14,1.86,0.0,0,Normal,0.08241416277763025
2020-12-05 05:40:00,0.39,88.6,967.3,1.44,0.0,0,Normal,0.09277686358401571
2020-12-05 05:50:00,0.16,89.3,968.13,2.03,0.0,0,Normal,0.09618472519411148
2020-12-05 06:00:00,-0.23,91.0,968.42,0.74,0.0,0,Normal,0.08483078919843623
2020-12-05 06:10:00,-0.2,91.3,968.49,0.54,0.0,0,Normal,0.07890560166581628
2020-12-05 06:20:00,-0.49,92.9,968.95,1.16,0.0,0,Normal,0.0901732550770662
2020-12-05 06:30:00,-0.78,95.3,968.84,1.04,0.0,0,Normal,0.08145724830190781
2020-12-05 06:40:00,-0.67,94.5,968.83,0.57,0.0,0,Normal,0.0761386533575481
2020-12-05 06:50:00,-0.44,93.2,969.05,0.9,0.0,0,Normal,0.08601105808314968
2020-12-05 07:00:00,-0.22,92.1,968.94,0.79,0.0,0,Normal,0.08466561259853722
2020-12-05 07:10:00,-0.58,93.0,969.23,1.13,0.0,0,Normal,0.09297819564366216
2020-12-05 07:20:00,-1.23,97.5,969.13,0.96,0.0,0,Normal,0.06872792208436951
2020-12-05 07:30:00,-0.93,96.0,969.3,2.46,0.0,0,Normal,0.07959666419490419
2020-12-05 07:40:00,-0.55,94.0,969.71,1.45,0.0,0,Normal,0.09181678052163833
2020-12-05 07:50:00,-0.36,93.2,969.79,1.26,0.0,0,Normal,0.09548253317853628
2020-12-05 08:00:00,-0.16,92.0,969.92,1.55,0.0,0,Normal,0.09919160943221939
2020-12-05 08:10:00,0.06,90.9,970.26,1.34,0.0,0,Normal,0.1050025139203209
2020-12-05 08:20:00,0.44,89.2,970.65,2.0,0.0,0,Normal,0.11898713375994996
2020-12-05 08:30:00,0.95,86.8,971.03,0.95,0.0,0,Normal,0.12535984631886177
2020-12-05 08:40:00,1.3,85.2,971.1,0.63,0.0,0,Normal,0.11924115733523055
2020-12-05 08:50:00,0.97,86.1,971.18,1.48,0.0,0,Normal,0.13320718950512794
2020-12-05 09:00:00,0.66,88.3,971.92,3.72,0.0,0,Normal,0.10662980394401733
2020-12-05 09:10:00,1.83,83.1,972.53,3.71,0.0,0,Normal,0.12901022834940806
2020-12-05 09:20:00,2.14,82.0,972.1,1.53,0.0,0,Normal,0.14587709076850613
2020-12-05 09:30:00,1.73,83.3,972.26,1.83,0.0,0,Normal,0.1451632523422547
2020-12-05 09:40:00,2.04,82.3,972.54,1.4,0.0,0,Normal,0.14653282514394828
2020-12-05 09:50:00,1.59,86.5,972.98,1.71,0.0,0,Normal,0.14856761243153277
2020-12-05 10:00:00,1.58,86.5,973.4,1.86,0.0,0,Normal,0.14775393392154024
2020-12-05 10:10:00,2.33,83.1,973.82,1.91,0.0,0,Normal,0.16669753092936163
2020-12-05 10:20:00,2.67,81.4,973.74,1.59,0.0,0,Normal,0.1690861687812778
2020-12-05 10:30:00,2.83,81.6,974.23,1.37,0.0,0,Normal,0.17006442265025834
2020-12-05 10:40:00,2.86,81.4,974.48,1.0,0.0,0,Normal,0.16677095943013764
2020-12-05 10:50:00,2.67,81.5,974.36,1.09,0.0,0,Normal,0.16900689083286946
2020-12-05 11:00:00,2.92,80.4,974.12,1.91,0.0,0,Normal,0.17610829607571793
2020-12-05 11:10:00,3.07,79.56,974.16,1.29,0.0,0,Normal,0.17382099466034823
2020-12-05 11:20:00,3.54,76.46,974.02,2.02,0.0,0,Normal,0.18661717319568355
2020-12-05 11:30:00,3.74,76.26,974.38,1.69,0.0,0,Normal,0.18345437857664693
2020-12-05 11:40:00,3.83,76.24,974.64,1.62,0.0,0,Normal,0.1840755623946278
2020-12-05 11:50:00,3.93,74.91,974.76,2.38,0.0,0,Normal,0.18914202867850666
2020-12-05 12:00:00,4.04,73.78,974.5,2.0,0.0,0,Normal,0.18773820807560088
2020-12-05 12:10:00,4.13,73.59,974.48,2.3,0.0,0,Normal,0.18826617201475304
2020-12-05 12:20:00,4.14,73.72,974.46,2.05,0.0,0,Normal,0.18827352960365001
2020-12-05 12:30:00,4.13,74.61,974.43,1.59,0.0,0,Normal,0.1863384837098122
2020-12-05 12:40:00,4.2,73.86,974.8,2.45,0.0,0,Normal,0.1887188271207021
2020-12-05 12:50:00,4.21,74.25,975.07,2.55,0.0,0,Normal,0.19026340421956311
2020-12-05 13:00:00,4.21,74.56,975.36,2.2,0.0,0,Normal,0.19609937401840688
2020-12-05 13:10:00,4.16,74.95,975.56,2.84,0.0,0,Normal,0.19452978633477597
2020-12-05 13:20:00,4.15,75.72,975.87,1.89,0.0,0,Normal,0.19460849494183163
2020-12-05 13:30:00,4.2,75.48,975.85,1.07,0.0,0,Normal,0.18699599811497997
2020-12-05 13:40:00,4.26,75.58,975.79,1.34,0.0,0,Normal,0.191659192518205
2020-12-05 13:50:00,4.27,76.18,975.74,1.63,0.0,0,Normal,0.191262607245628
2020-12-05 14:00:00,4.24,76.65,975.73,1.11,0.0,0,Normal,0.18839996215269766
2020-12-05 14:10:00,4.28,76.59,975.78,1.06,0.0,0,Normal,0.1863469687326922
2020-12-05 14:20:00,4.22,76.86,975.76,1.29,0.0,0,Normal,0.18908181707649502
2020-12-05 14:30:00,4.12,77.25,975.94,1.58,0.0,0,Normal,0.19063929256006257
2020-12-05 14:40:00,4.17,77.12,976.13,1.86,0.0,0,Normal,0.19299659195556385
2020-12-05 14:50:00,4.2,76.98,975.97,1.81,0.0,0,Normal,0.19119830042430042
2020-12-05 15:00:00,4.27,76.67,975.94,1.94,0.0,0,Normal,0.19285519829006176
2020-12-05 15:10:00,4.27,76.6,976.05,1.98,0.0,0,Normal,0.19397137221485594
2020-12-05 15:20:00,4.29,76.76,976.28,1.33,0.0,0,Normal,0.1927237542268202
2020-12-05 15:30:00,4.25,77.05,976.36,0.93,0.0,0,Normal,0.18702830435923912
2020-12-05 15:40:00,4.17,77.78,976.39,1.0,0.0,0,Normal,0.18622499158033567
2020-12-05 15:50:00,4.09,78.32,976.51,1.34,0.0,0,Normal,0.1903349126000073
2020-12-05 16:00:00,3.97,79.07,976.55,1.39,0.0,0,Normal,0.1893471966358813
2020-12-05 16:10:00,3.93,79.15,976.47,1.91,0.0,0,Normal,0.19129833131156487
2020-12-05 16:20:00,3.82,80.1,976.38,1.4,0.0,0,Normal,0.18518564708140833
2020-12-05 16:30:00,3.78,80.4,976.27,0.84,0.0,0,Normal,0.17881075581033812
2020-12-05 16:40:00,3.7,81.1,976.35,0.45,0.0,0,Normal,0.16867391498495882
2020-12-05 16:50:00,3.64,81.9,976.47,1.08,0.0,0,Normal,0.18237417069524137
2020-12-05 17:00:00,3.58,82.3,976.47,0.77,0.0,0,Normal,0.17514722207604644
2020-12-05 17:10:00,3.63,82.1,976.37,0.79,0.0,0,Normal,0.1753289906390333
2020-12-05 17:20:00,3.62,82.5,976.34,1.0,0.0,0,Normal,0.180155089122719
2020-12-05 17:30:00,3.49,83.0,976.39,1.18,0.0,0,Normal,0.1845850176822606
2020-12-05 17:40:00,3.49,82.3,976.39,1.29,0.0,0,Normal,0.18324741407769485
2020-12-05 17:50:00,3.68,81.0,976.39,0.63,0.0,0,Normal,0.17185679609360105
2020-12-05 18:00:00,3.71,81.7,976.53,0.43,0.0,0,Normal,0.1648974757032704
2020-12-05 18:10:00,3.57,81.8,976.56,1.2,0.0,0,Normal,0.18425879979506032
2020-12-05 18:20:00,3.66,80.9,976.57,1.87,0.0,0,Normal,0.18968731108384818
2020-12-05 18:30:00,3.64,80.8,976.47,2.24,0.0,0,Normal,0.1898914286243643
2020-12-05 18:40:00,3.61,81.2,976.41,1.11,0.0,0,Normal,0.18360601247943642
2020-12-05 18:50:00,3.46,82.1,976.49,0.53,0.0,0,Normal,0.16925612471959273
2020-12-05 19:00:00,3.48,81.9,976.75,0.65,0.0,0,Normal,0.1740845041826929
2020-12-05 19:10:00,3.51,81.4,976.78,1.44,0.0,0,Normal,0.189174765384845
2020-12-05 19:20:00,3.54,81.3,976.73,1.43,0.0,0,Normal,0.18890263346173936
2020-12-05 19:30:00,3.56,81.1,976.76,1.78,0.0,0,Normal,0.18955593632266216
2020-12-05 19:40:00,3.53,81.4,976.66,1.22,0.0,0,Normal,0.18749113808764878
2020-12-05 19:50:00,3.47,82.2,976.81,0.79,0.0,0,Normal,0.17774892704635764
2020-12-05 20:00:00,3.24,83.5,976.87,1.48,0.0,0,Normal,0.1880851820517972
2020-12-05 20:10:00,3.2,84.0,976.78,1.13,0.0,0,Normal,0.18387331432252663
2020-12-05 20:20:00,3.05,86.1,976.94,1.15,0.0,0,Normal,0.17993717764874245
2020-12-05 20:30:00,2.89,88.1,976.95,0.89,0.0,0,Normal,0.17334306597336502
2020-12-05 20:40:00,2.91,88.1,976.65,1.59,0.0,0,Normal,0.17784679171618223
2020-12-05 20:50:00,2.9,88.9,976.37,1.39,0.0,0,Normal,0.16625081862023955
2020-12-05 21:00:00,2.76,91.2,976.59,1.94,0.0,0,Normal,0.16443195675358263
2020-12-05 21:10:00,2.39,93.3,976.76,1.03,0.0,0,Normal,0.15396423973758971
2020-12-05 21:20:00,2.42,92.6,976.73,1.59,0.0,0,Normal,0.16077795593199717
2020-12-05 21:30:00,2.59,91.5,976.62,2.04,0.0,0,Normal,0.16437526395387986
2020-12-05 21:40:00,2.67,90.9,976.42,1.54,0.0,0,Normal,0.1616352177612438
2020-12-05 21:50:00,2.67,90.7,976.64,0.98,0.0,0,Normal,0.16393107117522204
2020-12-05 22:00:00,2.67,90.3,976.74,1.78,0.0,0,Normal,0.16755509650681638
2020-12-05 22:10:00,2.44,91.3,976.63,2.38,0.0,0,Normal,0.16238094711561457
2020-12-05 22:20:00,2.41,91.7,976.75,1.39,0.0,0,Normal,0.16001718299895396
2020-12-05 22:30:00,2.42,92.1,976.9,0.95,0.0,0,Normal,0.15674322900070875
2020-12-05 22:40:00,2.52,90.6,976.58,1.72,0.0,0,Normal,0.16346677082638278
2020-12-05 22:50:00,2.65,89.3,976.32,1.77,0.0,0,Normal,0.16510104107136175
2020-12-05 23:00:00,2.69,89.2,976.35,1.78,0.0,0,Normal,0.16546279657849255
2020-12-05 23:10:00,2.82,88.1,976.41,1.86,0.0,0,Normal,0.17155851867122962
2020-12-05 23:20:00,2.98,86.9,976.35,1.87,0.0,0,Normal,0.176134021406132
2020-12-05 23:30:00,2.96,86.7,976.2,3.1,0.0,0,Normal,0.16278383690150705
2020-12-05 23:40:00,2.87,87.5,976.34,1.93,0.0,0,Normal,0.17383383241172595
2020-12-05 23:50:00,2.88,87.4,976.24,1.94,0.0,0,Normal,0.17237278460654365
2020-12-06 00:00:00,2.81,88.3,976.06,1.94,0.0,0,Normal,0.16819900229828744
2020-12-06 00:10:00,2.77,88.7,976.04,1.05,0.0,0,Normal,0.16324956807420943
2020-12-06 00:20:00,2.81,88.3,975.84,2.12,0.0,0,Normal,0.16867911930908297
2020-12-06 00:30:00,2.75,89.0,975.57,2.12,0.0,0,Normal,0.1661018357537412
2020-12-06 00:40:00,2.7,89.4,975.45,1.53,0.0,0,Normal,0.16453619314933704
2020-12-06 00:50:00,2.73,89.0,975.57,1.32,0.0,0,Normal,0.16376492654487063
2020-12-06 01:00:00,2.75,88.9,975.69,0.97,0.0,0,Normal,0.1600483500966372
2020-12-06 01:10:00,2.79,88.8,975.6,1.1,0.0,0,Normal,0.1626603467930381
2020-12-06 01:20:00,2.82,88.6,975.48,1.59,0.0,0,Normal,0.16643261645454077
2020-12-06 01:30:00,2.83,88.6,975.3,2.01,0.0,0,Normal,0.16743250379828328
2020-12-06 01:40:00,2.8,89.0,975.22,1.59,0.0,0,Normal,0.1608554938829086
2020-12-06 01:50:00,2.79,89.1,975.11,1.43,0.0,0,Normal,0.15975900250064912
2020-12-06 02:00:00,2.74,89.4,975.02,1.66,0.0,0,Normal,0.16061039861870674
2020-12-06 02:10:00,2.68,90.1,975.2,0.97,0.0,0,Normal,0.15446480728126394
2020-12-06 02:20:00,2.52,90.9,975.2,1.11,0.0,0,Normal,0.15326254282639873
2020-12-06 02:30:00,2.44,91.4,974.93,1.13,0.0,0,Normal,0.14984245544389302
2020-12-06 02:40:00,2.45,91.6,974.81,0.66,0.0,0,Normal,0.14028025506307984
2020-12-06 02:50:00,2.47,91.5,974.81,0.36,0.0,0,Normal,0.1268458858792832
2020-12-06 03:00:00,2.37,92.1,974.93,0.32,0.0,0,Normal,0.1255270508648153
2020-12-06 03:10:00,2.41,91.1,974.81,0.66,0.0,0,Normal,0.1421776311338005
2020-12-06 03:20:00,2.48,90.3,974.88,0.6,0.0,0,Normal,0.14262586941481953
2020-12-06 03:30:00,2.47,90.2,974.66,0.94,0.0,0,Normal,0.14937817188268832
2020-12-06 03:40:00,2.26,92.4,974.51,0.64,0.0,0,Normal,0.1373018923987092
2020-12-06 03:50:00,2.19,92.0,974.35,0.72,0.0,0,Normal,0.14094425014154116
2020-12-06 04:00:00,2.31,91.1,974.33,0.33,0.0,0,Normal,0.12718239075472532
2020-12-06 04:10:00,2.19,91.6,974.2,0.9,0.0,0,Normal,0.1437624996353994
2020-12-06 04:20:00,2.13,91.7,973.76,1.0,0.0,0,Normal,0.14057455601363356
2020-12-06 04:30:00,2.12,91.5,973.72,0.54,0.0,0,Normal,0.13651202804471213
2020-12-06 04:40:00,1.86,92.6,973.81,0.32,0.0,0,Normal,0.12001145819622072
2020-12-06 04:50:00,1.71,93.5,973.84,0.42,0.0,0,Normal,0.12088177095123998
2020-12-06 05:00:00,1.61,94.1,973.73,0.76,0.0,0,Normal,0.1294605858682708
2020-12-06 05:10:00,1.29,96.3,973.78,0.76,0.0,0,Normal,0.1233333456420711
2020-12-06 05:20:00,1.26,97.3,973.7,0.56,0.0,0,Normal,0.11311928494077106
2020-12-06 05:30:00,1.25,96.6,973.87,0.39,0.0,0,Normal,0.10630505705725024
2020-12-06 05:40:00,1.3,96.1,973.87,0.86,0.0,0,Normal,0.12817700352913097
2020-12-06 05:50:00,0.98,97.4,973.74,0.99,0.0,0,Normal,0.11350924452721922
2020-12-06 06:00:00,0.83,98.6,973.95,0.46,0.0,0,Normal,0.10201516629653407
2020-12-06 06:10:00,0.89,97.9,973.85,0.36,0.0,0,Normal,0.0955820447850454
2020-12-06 06:20:00,0.92,97.3,973.79,0.32,0.0,0,Normal,0.09614790541918494
2020-12-06 06:30:00,0.83,97.5,973.79,0.5,0.0,0,Normal,0.106800676600037
2020-12-06 06:40:00,0.74,98.3,973.88,0.39,0.0,0,Normal,0.09260818791321102
2020-12-06 06:50:00,0.89,98.0,973.82,0.86,0.0,0,Normal,0.11130694988904843
2020-12-06 07:00:00,0.92,97.3,973.74,1.57,0.0,0,Normal,0.11696643981146959
2020-12-06 07:10:00,0.62,99.0,973.77,0.61,0.0,0,Normal,0.10361509047545081
2020-12-06 07:20:00,0.53,99.2,973.67,0.78,0.0,0,Normal,0.10301386610079244
2020-12-06 07:30:00,0.47,99.0,973.87,1.21,0.0,0,Normal,0.11046913820249926
2020-12-06 07:40:00,0.44,99.0,973.91,0.81,0.0,0,Normal,0.10731314542117343
2020-12-06 07:50:00,0.47,99.2,973.5,1.17,0.0,0,Normal,0.10602138059535526
2020-12-06 08:00:00,0.5,98.5,973.68,0.99,0.0,0,Normal,0.10477590563760097
2020-12-06 08:10:00,0.31,99.3,973.85,0.37,0.0,0,Normal,0.08651330785527589
2020-12-06 08:20:00,0.21,99.1,973.84,0.73,0.0,0,Normal,0.10113792183255088
2020-12-06 08:30:00,0.08,100.0,973.67,0.82,0.0,0,Normal,0.09804675018767806
2020-12-06 08:40:00,0.09,100.0,973.87,0.86,0.0,0,Normal,0.101164071705659
2020-12-06 08:50:00,0.39,99.2,973.67,0.58,0.0,0,Normal,0.09917889014225234
2020-12-06 09:00:00,0.41,99.0,973.72,0.81,0.0,0,Normal,0.10463454906766112
2020-12-06 09:10:00,0.3,100.0,973.75,0.67,0.0,0,Normal,0.09953926184172823
2020-12-06 09:20:00,0.23,100.0,973.42,0.5,0.0,0,Normal,0.09107576164491327
2020-12-06 09:30:00,0.45,99.7,973.42,0.43,0.0,0,Normal,0.09013736438378539
2020-12-06 09:40:00,0.65,98.6,973.44,0.57,0.0,0,Normal,0.10099854878344161
2020-12-06 09:50:00,0.64,99.1,973.33,0.46,0.0,0,Normal,0.096111217549531
2020-12-06 10:00:00,0.63,99.4,973.24,0.65,0.0,0,Normal,0.09734981482670413
2020-12-06 10:10:00,0.54,99.9,973.31,0.68,0.0,0,Normal,0.09939017528745897
2020-12-06 10:20:00,0.7,99.2,973.54,0.86,0.0,0,Normal,0.10283327391168351
2020-12-06 10:30:00,0.83,99.0,973.66,0.52,0.0,0,Normal,0.10021561007481605
2020-12-06 10:40:00,0.9,98.1,973.66,0.89,0.0,0,Normal,0.10908163993344211
2020-12-06 10:50:00,0.78,99.3,973.43,0.62,0.0,0,Normal,0.10012981814287425
2020-12-06 11:00:00,0.84,99.2,973.52,0.78,0.0,0,Normal,0.10372354288202357
2020-12-06 11:10:00,0.83,99.4,973.61,0.71,0.0,0,Normal,0.10052979069386392
2020-12-06 11:20:00,0.99,98.8,973.67,1.1,0.0,0,Normal,0.11029825652750225
2020-12-06 11:30:00,1.05,98.6,973.53,0.7,0.0,0,Normal,0.10551199103393083
2020-12-06 11:40:00,1.17,97.8,973.2,0.63,0.0,0,Normal,0.10746411832627312
2020-12-06 11:50:00,1.31,97.3,973.03,1.03,0.0,0,Normal,0.11300838226872656
2020-12-06 12:00:00,1.41,96.9,973.0,0.54,0.0,0,Normal,0.10985883998513102
2020-12-06 12:10:00,1.39,97.7,972.98,0.87,0.0,0,Normal,0.11334957662586498
2020-12-06 12:20:00,1.52,98.2,973.16,1.26,0.0,0,Normal,0.11528335532260081
2020-12-06 12:30:00,1.66,98.7,973.1,1.13,0.0,0,Normal,0.11247831449808088
2020-12-06 12:40:00,1.85,98.2,972.89,1.11,0.0,0,Normal,0.11206609344610063
2020-12-06 12:50:00,1.72,97.1,972.87,1.15,0.0,0,Normal,0.11418467730135562
2020-12-06 13:00:00,1.84,96.6,972.87,0.77,0.0,0,Normal,0.11291647740439381
2020-12-06 13:10:00,1.92,96.3,972.71,1.1,0.0,0,Normal,0.12338359351735473
2020-12-06 13:20:00,1.99,96.2,972.79,1.54,0.0,0,Normal,0.12383074764327895
2020-12-06 13:30:00,2.07,97.4,972.77,1.1,0.0,0,Normal,0.11619426535731237
2020-12-06 13:40:00,2.21,96.7,972.81,1.27,0.0,0,Normal,0.12190598214043613
2020-12-06 13:50:00,2.17,96.9,972.84,1.34,0.0,0,Normal,0.11933233801411658
2020-12-06 14:00:00,2.29,97.2,972.74,0.83,0.0,0,Normal,0.11624993277561924
2020-12-06 14:10:00,2.38,97.0,972.56,0.68,0.0,0,Normal,0.11109564163374408
2020-12-06 14:20:00,2.31,98.1,972.51,1.47,0.0,0,Normal,0.11453175358858858
2020-12-06 14:30:00,2.21,99.0,972.6,1.43,0.0,0,Normal,0.11417194912468931
2020-12-06 14:40:00,2.29,98.7,972.48,1.27,0.0,0,Normal,0.11395822515663223
2020-12-06 14:50:00,2.5,97.3,972.68,1.78,0.0,0,Normal,0.12106062953770369
2020-12-06 15:00:00,2.54,97.4,972.67,1.6,0.0,0,Normal,0.12231063863106817
2020-12-06 15:10:00,2.5,97.4,972.56,1.29,0.0,0,Normal,0.12016406108416289
2020-12-06 15:20:00,2.46,97.7,972.79,1.48,0.0,0,Normal,0.11881588460751413
2020-12-06 15:30:00,2.47,98.0,972.8,1.09,0.0,0,Normal,0.11543387724020093
2020-12-06 15:40:00,2.44,97.5,972.65,0.79,0.0,0,Normal,0.11508051667482644
2020-12-06 15:50:00,2.39,97.6,972.63,0.76,0.0,0,Normal,0.11498222552906823
2020-12-06 16:00:00,2.36,97.5,972.78,1.07,0.0,0,Normal,0.1167494913011271
2020-12-06 16:10:00,2.29,97.3,972.67,0.75,0.0,0,Normal,0.11515421602807296
2020-12-06 16:20:00,2.21,97.6,972.62,1.09,0.0,0,Normal,0.1174666610807017
2020-12-06 16:30:00,2.1,98.0,972.85,0.84,0.0,0,Normal,0.11072447183547407
2020-12-06 16:40:00,1.93,99.0,972.9,1.28,0.0,0,Normal,0.11470888456193407
2020-12-06 16:50:00,1.83,99.5,972.87,0.98,0.0,0,Normal,0.10347182854854353
2020-12-06 17:00:00,1.77,99.8,972.85,1.12,0.0,0,Normal,0.10700159681388743
2020-12-06 17:10:00,1.73,99.9,972.73,1.07,0.0,0,Normal,0.10506005418601738
2020-12-06 17:20:00,1.7,99.9,972.73,0.89,0.0,0,Normal,0.1035462083902634
2020-12-06 17:30:00,1.67,100.0,972.58,0.89,0.0,0,Normal,0.10303421006933311
2020-12-06 17:40:00,1.66,100.0,972.47,0.85,0.0,0,Normal,0.10125389167081345
2020-12-06 17:50:00,1.6,100.0,972.25,0.5,0.0,0,Normal,0.09192639435199013
2020-12-06 18:00:00,1.62,100.0,972.53,0.96,0.0,0,Normal,0.10031195162198314
2020-12-06 18:10:00,1.57,100.0,972.5,1.06,0.0,0,Normal,0.10325096679184953
2020-12-06 18:20:00,1.53,100.0,972.27,1.18,0.0,0,Normal,0.09883178566812134
2020-12-06 18:30:00,1.59,100.0,972.07,0.82,0.0,0,Normal,0.09664803636852326
2020-12-06 18:40:00,1.5,100.0,972.06,0.86,0.0,0,Normal,0.09691516750513685
2020-12-06 18:50:00,1.51,100.0,971.91,0.49,0.0,0,Normal,0.08832500279637512
2020-12-06 19:00:00,1.54,100.0,971.91,1.18,0.0,0,Normal,0.09620172520198544
2020-12-06 19:10:00,1.34,100.0,972.01,1.35,0.0,0,Normal,0.0988400675979566
2020-12-06 19:20:00,1.37,100.0,971.98,0.97,0.0,0,Normal,0.09667082843494701
2020-12-06 19:30:00,1.59,100.0,971.81,0.64,0.0,0,Normal,0.08980916158420793
2020-12-06 19:40:00,1.53,99.3,972.13,0.49,0.0,0,Normal,0.09416928528854185
2020-12-06 19:50:00,1.35,99.5,971.85,0.35,0.0,0,Normal,0.07914539166786583
2020-12-06 20:00:00,1.39,99.8,971.71,0.45,0.0,0,Normal,0.08676978835508542
2020-12-06 20:10:00,1.47,99.6,971.67,0.36,0.0,0,Normal,0.07772930258442134
2020-12-06 20:20:00,1.29,99.7,971.7,0.84,0.0,0,Normal,0.09300857250926531
2020-12-06 20:30:00,1.11,100.0,971.87,1.31,0.0,0,Normal,0.09541693774362725
2020-12-06 20:40:00,1.21,100.0,971.74,0.71,0.0,0,Normal,0.08937103331395402
2020-12-06 20:50:00,1.29,100.0,971.59,0.38,0.0,0,Normal,0.07427642462886119
2020-12-06 21:00:00,1.31,100.0,971.28,0.53,0.0,0,Normal,0.0852478882100145
2020-12-06 21:10:00,1.43,100.0,971.14,0.31,0.0,0,Normal,0.07341798451005
2020-12-06 21:20:00,1.38,100.0,971.2,0.77,0.0,0,Normal,0.09103692495740512
2020-12-06 21:30:00,1.35,100.0,971.43,0.68,0.0,0,Normal,0.09092086748033568
2020-12-06 21:40:00,1.36,100.0,971.45,0.85,0.0,0,Normal,0.09341466282522548
2020-12-06 21:50:00,1.39,100.0,971.31,0.74,0.0,0,Normal,0.09125435620987332
2020-12-06 22:00:00,1.48,100.0,971.36,0.56,0.0,0,Normal,0.08808072531478883
2020-12-06 22:10:00,1.58,99.7,971.17,0.77,0.0,0,Normal,0.09069156378892129
2020-12-06 22:20:00,1.41,100.0,970.99,0.76,0.0,0,Normal,0.08969745703675336
2020-12-06 22:30:00,1.45,100.0,971.0,0.69,0.0,0,Normal,0.08839960486484288
2020-12-06 22:40:00,1.56,100.0,970.84,0.37,0.0,0,Normal,0.0721161309024263
2020-12-06 22:50:00,1.63,100.0,970.8,0.39,0.0,0,Normal,0.07230262025536383
2020-12-06 23:00:00,1.68,99.6,970.9,0.56,0.0,0,Normal,0.08789080619806211
2020-12-06 23:10:00,1.55,99.9,970.88,0.49,0.0,0,Normal,0.08475860968683957
2020-12-06 23:20:00,1.59,100.0,970.97,0.45,0.0,0,Normal,0.08166933368033713
2020-12-06 23:30:00,1.67,100.0,971.01,0.45,0.0,0,Normal,0.08166933368033713
2020-12-06 23:40:00,1.77,99.7,970.95,0.82,0.0,0,Normal,0.09053995544016502
2020-12-06 23:50:00,1.77,99.9,970.72,0.94,0.0,0,Normal,0.08924894736002664
2020-12-07 00:00:00,1.93,99.1,970.7,0.5,0.0,0,Normal,0.08979871183246069
2020-12-07 00:10:00,1.9,99.3,970.54,0.71,0.0,0,Normal,0.09227491993531434
2020-12-07 00:20:00,1.88,99.8,970.46,0.64,0.0,0,Normal,0.0850980552056424
2020-12-07 00:30:00,1.99,98.9,970.46,0.46,0.0,0,Normal,0.08679040162707397
2020-12-07 00:40:00,1.97,99.2,970.31,0.41,0.0,0,Normal,0.07426317423139395
2020-12-07 00:50:00,1.94,99.5,970.13,0.34,0.0,0,Normal,0.06711007003269764
2020-12-07 01:00:00,2.08,98.6,969.99,0.48,0.0,0,Normal,0.07977101475692605
2020-12-07 01:10:00,2.05,98.8,969.96,0.44,0.0,0,Normal,0.07734867559690739
2020-12-07 01:20:00,2.03,99.1,969.82,0.67,0.0,0,Normal,0.08198542357728544
2020-12-07 01:30:00,1.93,99.6,969.97,0.77,0.0,0,Normal,0.08247955371354188
2020-12-07 01:40:00,1.89,99.8,970.05,0.82,0.0,0,Normal,0.08430409169071573
2020-12-07 01:50:00,2.0,99.4,969.95,0.69,0.0,0,Normal,0.08211339981269772
2020-12-07 02:00:00,1.99,99.2,970.04,0.91,0.0,0,Normal,0.08453190946603795
2020-12-07 02:10:00,1.86,99.8,969.87,0.88,0.0,0,Normal,0.08106116388363382
2020-12-07 02:20:00,1.9,99.7,969.81,0.63,0.0,0,Normal,0.07892946796363043
2020-12-07 02:30:00,2.0,99.1,969.78,0.69,0.0,0,Normal,0.0820797510607928
2020-12-07 02:40:00,1.98,99.0,969.73,0.93,0.0,0,Normal,0.08395021470654085
2020-12-07 02:50:00,2.05,98.7,969.64,0.75,0.0,0,Normal,0.08348192139463484
2020-12-07 03:00:00,2.13,98.3,969.43,0.5,0.0,0,Normal,0.07951857317786981
2020-12-07 03:10:00,2.12,98.6,969.29,0.47,0.0,0,Normal,0.07718805380812443
2020-12-07 03:20:00,2.12,98.7,969.44,0.78,0.0,0,Normal,0.08165460589718032
2020-12-07 03:30:00,2.17,98.6,969.41,0.38,0.0,0,Normal,0.06668674760206295
2020-12-07 03:40:00,2.32,97.8,969.48,0.47,0.0,0,Normal,0.08173582685783776
2020-12-07 03:50:00,2.27,98.0,969.74,0.66,0.0,0,Normal,0.08561805840552394
2020-12-07 04:00:00,2.16,98.7,969.43,0.45,0.0,0,Normal,0.0758712319450443
2020-12-07 04:10:00,2.38,97.8,969.32,0.28,0.0,0,Normal,0.0694187266497428
2020-12-07 04:20:00,2.35,98.0,969.3,1.04,0.0,0,Normal,0.08680019577496556
2020-12-07 04:30:00,2.2,99.3,969.3,1.49,0.0,0,Normal,0.08609533126379876
2020-12-07 04:40:00,2.17,99.5,969.67,1.28,0.0,0,Normal,0.08817704193991649
2020-12-07 04:50:00,2.21,99.1,969.67,0.83,0.0,0,Normal,0.0849662696099901
2020-12-07 05:00:00,2.17,99.6,969.55,1.04,0.0,0,Normal,0.08461712979355274
2020-12-07 05:10:00,2.23,99.4,969.55,0.59,0.0,0,Normal,0.08012536357208166
2020-12-07 05:20:00,2.34,98.9,969.88,0.65,0.0,0,Normal,0.08297989248577786
2020-12-07 05:30:00,2.31,99.3,970.03,1.27,0.0,0,Normal,0.0893654566544897
2020-12-07 05:40:00,2.36,99.2,969.95,0.89,0.0,0,Normal,0.08552537991290032
2020-12-07 05:50:00,2.46,98.7,970.07,0.72,0.0,0,Normal,0.08716512455761427
2020-12-07 06:00:00,2.61,98.6,970.05,0.8,0.0,0,Normal,0.0908245420215128
2020-12-07 06:10:00,2.62,98.7,970.37,1.13,0.0,0,Normal,0.1002411352164726
2020-12-07 06:20:00,2.62,98.6,970.48,1.67,0.0,0,Normal,0.10459501294151563
2020-12-07 06:30:00,2.88,98.1,970.53,1.97,0.0,0,Normal,0.11095834223939027
2020-12-07 06:40:00,3.62,92.9,970.66,2.02,0.0,0,Normal,0.13893525326236073
2020-12-07 06:50:00,4.02,89.9,970.91,1.84,0.0,0,Normal,0.14573197355622103
2020-12-07 07:00:00,4.13,88.7,970.84,2.51,0.0,0,Normal,0.1480527036944158
2020-12-07 07:10:00,4.06,88.3,971.0,3.38,0.0,0,Normal,0.1312093296151005
2020-12-07 07:20:00,3.89,89.1,971.35,2.36,0.0,0,Normal,0.1494061479817551
2020-12-07 07:30:00,3.86,88.5,971.46,2.31,0.0,0,Normal,0.14984495759333288
2020-12-07 07:40:00,3.84,88.4,971.75,3.7,0.0,0,Normal,0.12743806972236338
2020-12-07 07:50:00,3.78,88.2,971.93,3.63,0.0,0,Normal,0.12895419376712142
2020-12-07 08:00:00,3.68,88.4,972.18,4.12,0.0,0,Normal,0.11717257685237148
2020-12-07 08:10:00,3.66,88.7,972.38,3.56,0.0,0,Normal,0.12813573818082402
2020-12-07 08:20:00,3.6,88.4,972.34,4.7,0.0,0,Normal,0.10209484855250939
2020-12-07 08:30:00,3.54,88.8,972.4,4.17,0.0,0,Normal,0.11684184389566854
2020-12-07 08:40:00,3.55,88.4,972.49,3.65,0.0,0,Normal,0.13279984874555922
2020-12-07 08:50:00,3.54,88.2,972.76,2.8,0.0,0,Normal,0.1530315880623102
2020-12-07 09:00:00,3.53,88.4,972.69,3.81,0.0,0,Normal,0.130171728566779
2020-12-07 09:10:00,3.52,88.4,972.97,4.01,0.0,0,Normal,0.12363678370338899
2020-12-07 09:20:00,3.58,88.4,973.22,5.0,0.0,0,Normal,0.10470123113214702
2020-12-07 09:30:00,3.59,88.6,973.03,7.39,0.0,0,Normal,0.055985312216206395
2020-12-07 09:40:00,3.56,89.1,973.3,5.71,0.0,0,Normal,0.09305726739692644
2020-12-07 09:50:00,3.56,89.1,973.42,5.53,0.0,0,Normal,0.09684938918143626
2020-12-07 10:00:00,3.51,89.0,973.56,5.21,0.0,0,Normal,0.10364971021770597
2020-12-07 10:10:00,3.52,89.0,973.68,4.89,0.0,0,Normal,0.10917041773949077
2020-12-07 10:20:00,3.65,88.3,973.71,6.48,0.0,0,Normal,0.08067867631008141
2020-12-07 10:30:00,3.93,87.3,973.95,6.07,0.0,0,Normal,0.09586560016065726
2020-12-07 10:40:00,3.91,87.5,974.23,4.91,0.0,0,Normal,0.11717420050986826
2020-12-07 10:50:00,3.99,87.4,974.17,4.76,0.0,0,Normal,0.12106149164879021
2020-12-07 11:00:00,4.0,87.1,974.32,6.41,0.0,0,Normal,0.08810742177578879
2020-12-07 11:10:00,3.95,87.5,974.4,4.97,0.0,0,Normal,0.11695924713335015
2020-12-07 11:20:00,3.95,87.5,974.53,5.4,0.0,0,Normal,0.10914623994814432
2020-12-07 11:30:00,3.95,87.7,974.58,4.31,0.0,0,Normal,0.12985807988509324
2020-12-07 11:40:00,4.06,87.3,974.66,4.86,0.0,0,Normal,0.11775402002393875
2020-12-07 11:50:00,4.04,87.6,974.84,4.76,0.0,0,Normal,0.12177753651703327
2020-12-07 12:00:00,4.24,86.9,974.79,4.55,0.0,0,Normal,0.1269869978315713
2020-12-07 12:10:00,4.3,86.4,974.79,4.77,0.0,0,Normal,0.12512250737646918
2020-12-07 12:20:00,4.16,87.1,974.88,4.69,0.0,0,Normal,0.12454835691416682
2020-12-07 12:30:00,4.11,87.2,974.92,5.2,0.0,0,Normal,0.1165730718080954
2020-12-07 12:40:00,4.02,87.4,975.0,5.91,0.0,0,Normal,0.10022231632134793
2020-12-07 12:50:00,4.04,87.4,975.13,5.03,0.0,0,Normal,0.11771662351339462
2020-12-07 13:00:00,4.05,87.6,975.19,4.86,0.0,0,Normal,0.11793125547712036
2020-12-07 13:10:00,3.96,88.0,975.21,4.81,0.0,0,Normal,0.1180583567142468
2020-12-07 13:20:00,3.96,87.8,975.24,4.57,0.0,0,Normal,0.12260671249909039
2020-12-07 13:30:00,3.95,87.7,975.32,4.27,0.0,0,Normal,0.13791440613374506
2020-12-07 13:40:00,3.93,87.6,975.34,4.94,0.0,0,Normal,0.12299996012806602
2020-12-07 13:50:00,3.9,87.8,975.35,4.58,0.0,0,Normal,0.12719250720931707
2020-12-07 14:00:00,3.92,87.5,975.49,4.74,0.0,0,Normal,0.12753627544646268
2020-12-07 14:10:00,3.95,87.4,975.52,4.44,0.0,0,Normal,0.13213879474632684
2020-12-07 14:20:00,4.04,87.4,975.61,3.21,0.0,0,Normal,0.1680042036371996
2020-12-07 14:30:00,4.0,87.8,975.8,3.63,0.0,0,Normal,0.15246764258387357
2020-12-07 14:40:00,3.95,87.9,975.84,3.18,0.0,0,Normal,0.16489634201214975
2020-12-07 14:50:00,3.94,88.0,976.03,3.51,0.0,0,Normal,0.15511135307455043
2020-12-07 15:00:00,3.93,88.3,976.18,3.9,0.0,0,Normal,0.14305154489669725
2020-12-07 15:10:00,3.9,88.6,976.23,3.61,0.0,0,Normal,0.15003358174896847
2020-12-07 15:20:00,3.87,88.9,976.24,2.96,0.0,0,Normal,0.16260759756753784
2020-12-07 15:30:00,3.89,89.1,976.37,3.45,0.0,0,Normal,0.15213901803830737
2020-12-07 15:40:00,3.85,89.7,976.5,3.71,0.0,0,Normal,0.14577236914500397
2020-12-07 15:50:00,3.78,90.5,976.59,3.68,0.0,0,Normal,0.1451631978324331
2020-12-07 16:00:00,3.79,90.4,976.71,2.89,0.0,0,Normal,0.16859863008747394
2020-12-07 16:10:00,3.82,89.6,976.91,2.58,0.0,0,Normal,0.17868995281154992
2020-12-07 16:20:00,3.87,88.5,977.01,2.44,0.0,0,Normal,0.1836868932653104
2020-12-07 16:30:00,3.89,87.6,977.1,2.88,0.0,0,Normal,0.1806594974371048
2020-12-07 16:40:00,3.93,86.9,977.16,2.53,0.0,0,Normal,0.1851825196496213
2020-12-07 16:50:00,3.93,86.0,977.12,3.31,0.0,0,Normal,0.1719488463021152
2020-12-07 17:00:00,3.89,85.2,977.14,4.18,0.0,0,Normal,0.1534056541622072
2020-12-07 17:10:00,3.85,85.1,977.18,3.08,0.0,0,Normal,0.1773634434583009
2020-12-07 17:20:00,3.9,84.8,977.35,2.31,0.0,0,Normal,0.1908877238676875
2020-12-07 17:30:00,3.92,85.0,977.44,2.53,0.0,0,Normal,0.18867142690643768
2020-12-07 17:40:00,3.89,84.5,977.43,2.29,0.0,0,Normal,0.19201298992276417
2020-12-07 17:50:00,3.9,84.2,977.67,2.42,0.0,0,Normal,0.19222282740144986
2020-12-07 18:00:00,3.86,84.0,977.75,2.69,0.0,0,Normal,0.1901909664073793
2020-12-07 18:10:00,3.81,83.1,977.71,2.84,0.0,0,Normal,0.19102164891542434
2020-12-07 18:20:00,3.83,82.4,977.72,2.64,0.0,0,Normal,0.19389510667461873
2020-12-07 18:30:00,3.83,82.5,977.78,1.96,0.0,0,Normal,0.19661524471112507
2020-12-07 18:40:00,3.8,82.7,977.83,2.43,0.0,0,Normal,0.19674597594234317
2020-12-07 18:50:00,3.77,82.9,977.87,2.11,0.0,0,Normal,0.19932295259193583
2020-12-07 19:00:00,3.76,82.4,977.82,2.9,0.0,0,Normal,0.1891066016532717
2020-12-07 19:10:00,3.77,82.6,977.86,2.46,0.0,0,Normal,0.19617661516848334
2020-12-07 19:20:00,3.76,82.8,977.78,2.08,0.0,0,Normal,0.1994075461022599
2020-12-07 19:30:00,3.69,82.9,977.67,2.14,0.0,0,Normal,0.19798570634195922
2020-12-07 19:40:00,3.63,83.2,977.68,1.17,0.0,0,Normal,0.19214719903984268
2020-12-07 19:50:00,3.68,82.8,977.68,1.02,0.0,0,Normal,0.18956394510427188
2020-12-07 20:00:00,3.67,82.7,977.71,0.86,0.0,0,Normal,0.186412894593326
2020-12-07 20:10:00,3.59,83.0,977.88,1.25,0.0,0,Normal,0.19412896435809351
2020-12-07 20:20:00,3.37,84.8,978.03,1.36,0.0,0,Normal,0.18775796804835626
2020-12-07 20:30:00,3.17,85.5,978.12,0.94,0.0,0,Normal,0.18569525199718007
2020-12-07 20:40:00,3.18,84.9,978.2,1.36,0.0,0,Normal,0.18830449798946503
2020-12-07 20:50:00,3.2,84.0,978.19,1.43,0.0,0,Normal,0.1907267479585641
2020-12-07 21:00:00,3.2,83.9,978.29,1.67,0.0,0,Normal,0.19243306939691168
2020-12-07 21:10:00,3.18,83.8,978.31,1.76,0.0,0,Normal,0.19282423155055445
2020-12-07 21:20:00,3.16,83.8,978.34,2.17,0.0,0,Normal,0.19382787364563342
2020-12-07 21:30:00,3.18,83.6,978.32,2.15,0.0,0,Normal,0.19497197059581095
2020-12-07 21:40:00,3.22,83.4,978.23,2.18,0.0,0,Normal,0.193851241173136
2020-12-07 21:50:00,3.16,83.7,978.11,2.27,0.0,0,Normal,0.19453481567183506
2020-12-07 22:00:00,3.15,83.2,977.99,2.02,0.0,0,Normal,0.19478209843719835
2020-12-07 22:10:00,3.28,81.2,977.76,1.8,0.0,0,Normal,0.19159624359295507
2020-12-07 22:20:00,3.35,80.6,977.73,2.21,0.0,0,Normal,0.19502076698937632
2020-12-07 22:30:00,3.4,79.8,977.79,2.23,0.0,0,Normal,0.19525433331187692
2020-12-07 22:40:00,3.43,79.97,977.83,0.78,0.0,0,Normal,0.18152085567524806
2020-12-07 22:50:00,3.47,79.35,977.71,0.49,0.0,0,Normal,0.1755375043171321
2020-12-07 23:00:00,3.44,80.5,977.7,0.77,0.0,0,Normal,0.18040787256766916
2020-12-07 23:10:00,3.34,81.1,977.72,1.19,0.0,0,Normal,0.18893636154244198
2020-12-07 23:20:00,3.34,82.3,977.78,0.51,0.0,0,Normal,0.17619693978775613
2020-12-07 23:30:00,3.57,82.1,977.7,0.34,0.0,0,Normal,0.16629865865335963
2020-12-07 23:40:00,3.38,82.4,977.62,0.48,0.0,0,Normal,0.17454736933499637
2020-12-07 23:50:00,3.08,83.5,977.62,0.47,0.0,0,Normal,0.1744596759764676
2020-12-08 00:00:00,3.09,83.3,977.76,0.74,0.0,0,Normal,0.1810640709357571
2020-12-08 00:10:00,3.11,83.3,977.72,0.56,0.0,0,Normal,0.1772811176324356
2020-12-08 00:20:00,3.13,83.3,977.76,0.77,0.0,0,Normal,0.18264414211568614
2020-12-08 00:30:00,3.05,83.9,977.84,1.12,0.0,0,Normal,0.18784452006685926
2020-12-08 00:40:00,3.03,84.5,977.78,1.11,0.0,0,Normal,0.18669061156301553
2020-12-08 00:50:00,3.0,84.5,977.7,1.05,0.0,0,Normal,0.18385841320864127
2020-12-08 01:00:00,2.99,84.3,977.61,0.81,0.0,0,Normal,0.18065444525898366
2020-12-08 01:10:00,3.06,84.0,977.59,0.73,0.0,0,Normal,0.17756365771057042
2020-12-08 01:20:00,3.03,85.1,977.53,0.87,0.0,0,Normal,0.1803985438352036
2020-12-08 01:30:00,2.86,86.4,977.53,1.58,0.0,0,Normal,0.18347967966796136
2020-12-08 01:40:00,2.82,85.9,977.45,1.31,0.0,0,Normal,0.17878158615363954
2020-12-08 01:50:00,2.88,86.2,977.35,1.43,0.0,0,Normal,0.1824783773400328
2020-12-08 02:00:00,3.02,85.9,977.41,1.27,0.0,0,Normal,0.18191942316691795
2020-12-08 02:10:00,3.08,85.7,977.47,1.92,0.0,0,Normal,0.18776162958911885
2020-12-08 02:20:00,3.13,85.7,977.51,2.12,0.0,0,Normal,0.19010659215177533
2020-12-08 02:30:00,3.14,85.9,977.51,1.93,0.0,0,Normal,0.18698352506211563
2020-12-08 02:40:00,3.15,86.0,977.47,1.52,0.0,0,Normal,0.18613482101562218
2020-12-08 02:50:00,3.12,86.7,977.41,1.46,0.0,0,Normal,0.18501025344674898
2020-12-08 03:00:00,3.12,86.9,977.37,1.08,0.0,0,Normal,0.18158377671537423
2020-12-08 03:10:00,3.05,87.2,977.36,1.43,0.0,0,Normal,0.18183577100102333
2020-12-08 03:20:00,3.05,87.1,977.31,1.83,0.0,0,Normal,0.1818850953146674
2020-12-08 03:30:00,3.11,85.8,977.3,2.35,0.0,0,Normal,0.18414999916686225
2020-12-08 03:40:00,3.13,84.4,977.21,2.67,0.0,0,Normal,0.18455507945518485
2020-12-08 03:50:00,3.15,84.3,977.34,2.52,0.0,0,Normal,0.18579228633693673
2020-12-08 04:00:00,3.11,84.8,977.36,2.02,0.0,0,Normal,0.18647012011919878
2020-12-08 04:10:00,3.07,85.2,977.41,1.65,0.0,0,Normal,0.18627292998487222
2020-12-08 04:20:00,3.08,84.9,977.44,1.7,0.0,0,Normal,0.18632778727964733
2020-12-08 04:30:00,3.1,84.6,977.41,1.71,0.0,0,Normal,0.18572986309936435
2020-12-08 04:40:00,3.09,84.5,977.34,2.21,0.0,0,Normal,0.18644706890613583
2020-12-08 04:50:00,3.08,84.6,977.31,2.02,0.0,0,Normal,0.18647012011919878
2020-12-08 05:00:00,3.04,85.0,977.35,1.79,0.0,0,Normal,0.18444969372654157
2020-12-08 05:10:00,3.02,85.1,977.32,1.48,0.0,0,Normal,0.18536783957416558
2020-12-08 05:20:00,3.03,85.2,977.35,1.53,0.0,0,Normal,0.1855986623499134
2020-12-08 05:30:00,3.03,85.3,977.41,1.67,0.0,0,Normal,0.18663745450905916
2020-12-08 05:40:00,2.98,86.1,977.46,1.75,0.0,0,Normal,0.18369109248528714
2020-12-08 05:50:00,2.93,86.7,977.53,1.93,0.0,0,Normal,0.18397211529079965
2020-12-08 06:00:00,2.86,87.3,977.53,2.21,0.0,0,Normal,0.18076591615000354
2020-12-08 06:10:00,2.82,87.6,977.54,1.96,0.0,0,Normal,0.17986594921328997
2020-12-08 06:20:00,2.83,87.6,977.48,1.84,0.0,0,Normal,0.18068862260750873
2020-12-08 06:30:00,2.84,87.8,977.51,1.69,0.0,0,Normal,0.1797237479710812
2020-12-08 06:40:00,2.85,88.3,977.57,0.94,0.0,0,Normal,0.17315384465004624
2020-12-08 06:50:00,2.82,88.4,977.56,1.12,0.0,0,Normal,0.17522847855319373
2020-12-08 07:00:00,2.78,88.7,977.56,1.36,0.0,0,Normal,0.17391851939004987
2020-12-08 07:10:00,2.79,88.6,977.44,1.3,0.0,0,Normal,0.17431112798631565
2020-12-08 07:20:00,2.68,89.4,977.41,0.94,0.0,0,Normal,0.1703718537943098
2020-12-08 07:30:00,2.58,89.6,977.4,1.17,0.0,0,Normal,0.170352551936869
2020-12-08 07:40:00,2.52,89.9,977.39,1.1,0.0,0,Normal,0.17104174286969182
2020-12-08 07:50:00,2.39,90.8,977.45,0.62,0.0,0,Normal,0.15796534259425526
2020-12-08 08:00:00,2.39,90.8,977.56,0.43,0.0,0,Normal,0.15111736010923021
2020-12-08 08:10:00,2.25,91.0,977.6,0.26,0.0,0,Normal,0.13791381460338187
2020-12-08 08:20:00,2.05,91.6,977.72,0.29,0.0,0,Normal,0.13783823657001726
2020-12-08 08:30:00,2.15,91.7,977.87,0.33,0.0,0,Normal,0.14118258496890418
2020-12-08 08:40:00,2.11,92.0,977.99,0.49,0.0,0,Normal,0.15543635200992612
2020-12-08 08:50:00,2.1,92.4,977.91,0.58,0.0,0,Normal,0.15552544855280248
2020-12-08 09:00:00,2.08,92.0,978.01,0.63,0.0,0,Normal,0.1555687867531067
2020-12-08 09:10:00,2.01,91.5,978.12,0.94,0.0,0,Normal,0.1607568959091259
2020-12-08 09:20:00,1.67,92.8,978.25,1.7,0.0,0,Normal,0.15852155945937774
2020-12-08 09:30:00,1.68,93.3,978.25,0.78,0.0,0,Normal,0.15166953105536457
2020-12-08 09:40:00,2.18,91.4,978.18,1.01,0.0,0,Normal,0.16327053166486294
2020-12-08 09:50:00,2.53,89.3,978.15,0.68,0.0,0,Normal,0.1688984646929489
2020-12-08 10:00:00,2.67,88.8,978.15,1.13,0.0,0,Normal,0.17808506388835865
2020-12-08 10:10:00,2.69,88.6,978.21,0.79,0.0,0,Normal,0.1718111452474963
2020-12-08 10:20:00,3.03,87.0,978.18,0.8,0.0,0,Normal,0.17973095000811967
2020-12-08 10:30:00,3.01,86.7,978.2,1.17,0.0,0,Normal,0.1847652831783343
2020-12-08 10:40:00,3.06,86.8,978.2,1.29,0.0,0,Normal,0.1851969854729585
2020-12-08 10:50:00,3.45,85.3,978.29,0.9,0.0,0,Normal,0.18636418031657154
2020-12-08 11:00:00,3.59,84.7,978.32,1.08,0.0,0,Normal,0.19106100148604682
2020-12-08 11:10:00,3.68,84.2,978.37,1.18,0.0,0,Normal,0.1931295220852104
2020-12-08 11:20:00,3.84,83.7,978.4,1.22,0.0,0,Normal,0.19639593463118865
2020-12-08 11:30:00,3.91,83.8,978.4,1.53,0.0,0,Normal,0.197151749186199
2020-12-08 11:40:00,4.18,82.7,978.37,1.23,0.0,0,Normal,0.19571743809173608
2020-12-08 11:50:00,4.66,80.4,978.46,1.01,0.0,0,Normal,0.19725658079732084
2020-12-08 12:00:00,4.97,78.94,978.46,1.5,0.0,0,Normal,0.2055151450373875
2020-12-08 12:10:00,5.18,77.22,978.31,2.39,0.0,0,Normal,0.2091565414994187
2020-12-08 12:20:00,5.57,74.53,978.2,2.54,0.0,0,Normal,0.2092843704050617
2020-12-08 12:30:00,6.0,72.45,978.17,2.34,0.0,0,Normal,0.21039217183430825
2020-12-08 12:40:00,6.1,71.75,978.1,2.36,0.0,0,Normal,0.20897891623629472
2020-12-08 12:50:00,6.3,71.28,978.09,1.81,0.0,0,Normal,0.20703368514833537
2020-12-08 13:00:00,6.28,71.23,978.15,2.27,0.0,0,Normal,0.2088035642106436
2020-12-08 13:10:00,6.02,72.18,978.1,1.75,0.0,0,Normal,0.2077069195350565
2020-12-08 13:20:00,5.95,72.72,977.95,2.02,0.0,0,Normal,0.20946282737029115
2020-12-08 13:30:00,6.22,71.32,977.84,2.78,0.0,0,Normal,0.20530308539648995
2020-12-08 13:40:00,6.32,71.0,977.88,1.95,0.0,0,Normal,0.2080959542560496
2020-12-08 13:50:00,6.2,71.81,977.95,2.01,0.0,0,Normal,0.2087623179407031
2020-12-08 14:00:00,5.99,72.86,977.98,1.7,0.0,0,Normal,0.20840233600874947
2020-12-08 14:10:00,5.94,73.3,977.96,1.49,0.0,0,Normal,0.2084387376476573
2020-12-08 14:20:00,6.11,72.95,977.96,1.29,0.0,0,Normal,0.2075838167900821
2020-12-08 14:30:00,6.07,73.16,978.03,1.23,0.0,0,Normal,0.20699222875102258
2020-12-08 14:40:00,6.36,72.17,978.1,0.83,0.0,0,Normal,0.2012045013349038
2020-12-08 14:50:00,6.51,71.53,978.09,0.48,0.0,0,Normal,0.19472597126709795
2020-12-08 15:00:00,6.36,72.07,978.21,0.34,0.0,0,Normal,0.181195950921738
2020-12-08 15:10:00,6.04,73.45,978.28,0.61,0.0,0,Normal,0.19675153534161838
2020-12-08 15:20:00,5.53,75.39,978.31,0.65,0.0,0,Normal,0.19713425620148212
2020-12-08 15:30:00,5.52,75.28,978.34,1.39,0.0,0,Normal,0.20994491818984123
2020-12-08 15:40:00,5.48,75.32,978.36,1.41,0.0,0,Normal,0.20915043971026803
2020-12-08 15:50:00,5.27,76.52,978.42,1.61,0.0,0,Normal,0.2077566900320975
2020-12-08 16:00:00,4.94,78.02,978.43,0.88,0.0,0,Normal,0.19912128404432555
2020-12-08 16:10:00,4.79,78.39,978.42,1.03,0.0,0,Normal,0.19889997933791875
2020-12-08 16:20:00,4.6,79.27,978.43,1.12,0.0,0,Normal,0.19913218573322072
2020-12-08 16:30:00,4.47,79.36,978.52,0.57,0.0,0,Normal,0.18715608315629784
2020-12-08 16:40:00,4.24,80.8,978.61,0.63,0.0,0,Normal,0.18577264321499598
2020-12-08 16:50:00,3.97,82.1,978.63,1.25,0.0,0,Normal,0.19667353799101944
2020-12-08 17:00:00,4.05,81.6,978.7,0.97,0.0,0,Normal,0.19578000438054105
2020-12-08 17:10:00,3.98,81.7,978.72,1.6,0.0,0,Normal,0.19874123070098038
2020-12-08 17:20:00,3.68,83.0,978.67,0.87,0.0,0,Normal,0.19442198641872327
2020-12-08 17:30:00,3.5,83.8,978.7,1.8,0.0,0,Normal,0.19860439167806537
2020-12-08 17:40:00,3.44,84.4,978.78,1.67,0.0,0,Normal,0.1967997933841623
2020-12-08 17:50:00,3.31,84.9,978.88,1.14,0.0,0,Normal,0.1928520940986448
2020-12-08 18:00:00,3.09,85.8,978.95,0.59,0.0,0,Normal,0.18137154717107756
2020-12-08 18:10:00,2.79,87.2,979.03,0.62,0.0,0,Normal,0.17520660029812102
2020-12-08 18:20:00,2.42,88.9,979.08,0.36,0.0,0,Normal,0.15334616387628353
2020-12-08 18:30:00,2.26,89.5,979.12,0.49,0.0,0,Normal,0.16616161875052216
2020-12-08 18:40:00,2.03,90.7,979.22,0.3,0.0,0,Normal,0.14815846666975152
2020-12-08 18:50:00,1.84,91.8,979.37,0.35,0.0,0,Normal,0.1445784524989095
2020-12-08 19:00:00,1.54,93.5,979.43,1.0,0.0,0,Normal,0.15719398836512422
2020-12-08 19:10:00,1.68,93.0,979.35,0.27,0.0,0,Normal,0.13599332475375642
2020-12-08 19:20:00,1.46,93.2,979.36,0.43,0.0,0,Normal,0.14730951873206205
2020-12-08 19:30:00,0.95,96.2,979.37,1.08,0.0,0,Normal,0.1461914788026843
2020-12-08 19:40:00,0.87,96.8,979.48,1.11,0.0,0,Normal,0.14213884837795715
2020-12-08 19:50:00,0.55,97.1,979.56,0.61,0.0,0,Normal,0.1319582358112808
2020-12-08 20:00:00,0.54,98.2,979.49,0.89,0.0,0,Normal,0.1280357164265496
2020-12-08 20:10:00,0.66,97.6,979.38,0.64,0.0,0,Normal,0.13095175816924165
2020-12-08 20:20:00,0.59,97.2,979.45,1.05,0.0,0,Normal,0.1351105018246857
2020-12-08 20:30:00,0.36,98.5,979.45,1.74,0.0,0,Normal,0.1285487157386248
2020-12-08 20:40:00,0.07,98.4,979.64,0.9,0.0,0,Normal,0.12386703050949
2020-12-08 20:50:00,-0.15,99.7,979.5,0.6,0.0,0,Normal,0.11757762642494418
2020-12-08 21:00:00,0.01,99.9,979.38,1.49,0.0,0,Normal,0.12196661687491761
2020-12-08 21:10:00,0.19,99.2,979.51,1.64,0.0,0,Normal,0.1237305023204604
2020-12-08 21:20:00,0.01,99.2,979.8,0.69,0.0,0,Normal,0.12276157316113856
2020-12-08 21:30:00,-0.04,99.4,979.79,1.34,0.0,0,Normal,0.1256960600942693
2020-12-08 21:40:00,0.12,99.3,979.57,1.34,0.0,0,Normal,0.12650441466696982
2020-12-08 21:50:00,0.24,98.6,979.58,0.71,0.0,0,Normal,0.12486141008360224
2020-12-08 22:00:00,0.06,99.2,979.63,0.74,0.0,0,Normal,0.12243120295627041
2020-12-08 22:10:00,0.29,99.5,979.59,0.63,0.0,0,Normal,0.12173246199007803
2020-12-08 22:20:00,0.46,98.6,979.63,0.32,0.0,0,Normal,0.10933836506089878
2020-12-08 22:30:00,0.43,98.7,979.56,0.79,0.0,0,Normal,0.1276103725939428
2020-12-08 22:40:00,0.41,98.3,979.51,1.54,0.0,0,Normal,0.1302722070643102
2020-12-08 22:50:00,0.46,98.5,979.61,0.6,0.0,0,Normal,0.12643520299527078
2020-12-08 23:00:00,0.56,98.6,979.65,0.46,0.0,0,Normal,0.12276730646842737
2020-12-08 23:10:00,0.79,97.4,979.63,0.66,0.0,0,Normal,0.13219750125478813
2020-12-08 23:20:00,0.62,97.5,979.72,0.53,0.0,0,Normal,0.12962831079121528
2020-12-08 23:30:00,0.55,97.4,979.7,0.52,0.0,0,Normal,0.1295736741896561
2020-12-08 23:40:00,0.36,98.9,979.66,0.91,0.0,0,Normal,0.12456146177221034
2020-12-08 23:50:00,0.4,99.2,979.73,0.61,0.0,0,Normal,0.12247404848742871
2020-12-09 00:00:00,0.4,98.5,979.88,0.81,0.0,0,Normal,0.12832313121045075
2020-12-09 00:10:00,0.25,99.1,979.87,0.75,0.0,0,Normal,0.12402269989077336
2020-12-09 00:20:00,0.26,99.3,979.98,0.56,0.0,0,Normal,0.12394235163367473
2020-12-09 00:30:00,0.39,98.5,980.04,0.72,0.0,0,Normal,0.12976723890625758
2020-12-09 00:40:00,0.39,98.9,979.93,0.52,0.0,0,Normal,0.12129126740069185
2020-12-09 00:50:00,0.56,99.0,979.83,0.16,0.0,0,Normal,0.10071895936932362
2020-12-09 01:00:00,0.7,98.6,979.74,0.47,0.0,0,Normal,0.1235393619857883
2020-12-09 01:10:00,0.96,97.9,979.72,0.31,0.0,0,Normal,0.11491350416643042
2020-12-09 01:20:00,0.72,99.4,979.63,1.02,0.0,0,Normal,0.12533912528066704
2020-12-09 01:30:00,0.59,100.0,979.64,1.0,0.0,0,Normal,0.12436738396788372
2020-12-09 01:40:00,0.74,100.0,979.7,0.49,0.0,0,Normal,0.12059943111683757
2020-12-09 01:50:00,0.89,99.8,979.62,0.5,0.0,0,Normal,0.12394867759946082
2020-12-09 02:00:00,0.81,99.9,979.66,0.55,0.0,0,Normal,0.12216828872873697
2020-12-09 02:10:00,0.9,99.9,979.79,0.33,0.0,0,Normal,0.10911290550915509
2020-12-09 02:20:00,0.81,100.0,979.88,0.32,0.0,0,Normal,0.1064054703348204
2020-12-09 02:30:00,0.76,100.0,979.96,0.7,0.0,0,Normal,0.12669449892767198
2020-12-09 02:40:00,0.79,100.0,979.95,1.34,0.0,0,Normal,0.1295257893331519
2020-12-09 02:50:00,0.8,100.0,979.87,0.7,0.0,0,Normal,0.12511187863475154
2020-12-09 03:00:00,1.02,100.0,979.65,1.04,0.0,0,Normal,0.12765215640528688
2020-12-09 03:10:00,1.03,99.8,979.81,1.03,0.0,0,Normal,0.1290383792279024
2020-12-09 03:20:00,1.01,100.0,980.02,1.07,0.0,0,Normal,0.13183788661227125
2020-12-09 03:30:00,1.07,100.0,980.22,0.92,0.0,0,Normal,0.130764250631642
2020-12-09 03:40:00,1.14,100.0,980.11,1.41,0.0,0,Normal,0.13703731778755196
2020-12-09 03:50:00,1.06,100.0,980.14,1.44,0.0,0,Normal,0.1339283983161204
2020-12-09 04:00:00,1.06,100.0,980.19,0.8,0.0,0,Normal,0.13097141068667173
2020-12-09 04:10:00,1.16,100.0,980.16,0.54,0.0,0,Normal,0.12761605388488212
2020-12-09 04:20:00,1.29,100.0,980.08,0.37,0.0,0,Normal,0.11579690468272097
2020-12-09 04:30:00,1.35,100.0,979.97,0.58,0.0,0,Normal,0.1329037124164832
2020-12-09 04:40:00,1.42,100.0,979.91,1.22,0.0,0,Normal,0.13603862918747467
2020-12-09 04:50:00,1.39,100.0,980.03,1.46,0.0,0,Normal,0.13766079479222937
2020-12-09 05:00:00,1.45,100.0,980.19,0.62,0.0,0,Normal,0.1331716126374916
2020-12-09 05:10:00,1.53,100.0,980.25,0.55,0.0,0,Normal,0.13229770482226472
2020-12-09 05:20:00,1.54,100.0,980.29,0.6,0.0,0,Normal,0.13250911477808225
2020-12-09 05:30:00,1.48,100.0,980.37,0.39,0.0,0,Normal,0.11851084132513467
2020-12-09 05:40:00,1.54,100.0,980.43,0.51,0.0,0,Normal,0.1317973034917757
2020-12-09 05:50:00,1.75,100.0,980.54,0.33,0.0,0,Normal,0.11883195887253994
2020-12-09 06:00:00,1.66,100.0,980.61,0.8,0.0,0,Normal,0.13732535692617315
2020-12-09 06:10:00,1.56,100.0,980.66,0.49,0.0,0,Normal,0.13261738527616612
2020-12-09 06:20:00,1.55,100.0,980.74,0.52,0.0,0,Normal,0.13317430168688515
2020-12-09 06:30:00,1.48,100.0,980.73,0.66,0.0,0,Normal,0.13445568034594146
2020-12-09 06:40:00,1.36,100.0,980.7,0.56,0.0,0,Normal,0.13420249864191597
2020-12-09 06:50:00,1.36,100.0,980.87,0.65,0.0,0,Normal,0.13570052504369406
2020-12-09 07:00:00,1.45,100.0,980.88,0.61,0.0,0,Normal,0.13488940348292644
2020-12-09 07:10:00,1.54,100.0,980.89,1.04,0.0,0,Normal,0.1374512221695337
2020-12-09 07:20:00,1.47,100.0,980.94,0.83,0.0,0,Normal,0.13981646404988657
2020-12-09 07:30:00,1.54,100.0,981.0,0.26,0.0,0,Normal,0.11470013827817649
2020-12-09 07:40:00,1.72,100.0,981.1,0.6,0.0,0,Normal,0.13580092532612953
2020-12-09 07:50:00,1.61,100.0,981.22,0.55,0.0,0,Normal,0.13616813435183428
2020-12-09 08:00:00,1.62,100.0,981.36,0.56,0.0,0,Normal,0.1363329590149931
2020-12-09 08:10:00,1.5,100.0,981.6,0.4,0.0,0,Normal,0.12533109880342747
2020-12-09 08:20:00,1.55,100.0,981.71,0.45,0.0,0,Normal,0.13645343018143474
2020-12-09 08:30:00,1.6,100.0,981.82,0.58,0.0,0,Normal,0.1425589533808279
2020-12-09 08:40:00,1.62,100.0,981.97,0.54,0.0,0,Normal,0.1415615639417488
2020-12-09 08:50:00,1.61,100.0,982.03,0.63,0.0,0,Normal,0.14278760777898536
2020-12-09 09:00:00,1.57,100.0,982.18,0.87,0.0,0,Normal,0.14760347842012156
2020-12-09 09:10:00,1.59,100.0,982.29,0.5,0.0,0,Normal,0.14266723218550553
2020-12-09 09:20:00,1.61,100.0,982.4,0.57,0.0,0,Normal,0.1440399002819363
2020-12-09 09:30:00,1.7,100.0,982.49,0.64,0.0,0,Normal,0.1439435159157288
2020-12-09 09:40:00,1.7,100.0,982.44,0.57,0.0,0,Normal,0.1440399002819363
2020-12-09 09:50:00,1.69,100.0,982.44,0.79,0.0,0,Normal,0.1468184686496089
2020-12-09 10:00:00,1.77,100.0,982.4,0.36,0.0,0,Normal,0.12976294825016288
2020-12-09 10:10:00,2.0,100.0,982.32,0.59,0.0,0,Normal,0.14680219876188416
2020-12-09 10:20:00,1.9,100.0,982.37,0.83,0.0,0,Normal,0.15082235362599222
2020-12-09 10:30:00,2.04,100.0,982.41,0.58,0.0,0,Normal,0.14680219876188416
2020-12-09 10:40:00,2.17,100.0,982.49,0.53,0.0,0,Normal,0.1476005492825107
2020-12-09 10:50:00,2.21,100.0,982.55,0.9,0.0,0,Normal,0.15270627489330008
2020-12-09 11:00:00,2.34,100.0,982.59,0.58,0.0,0,Normal,0.1497685007362205
2020-12-09 11:10:00,2.43,100.0,982.67,0.67,0.0,0,Normal,0.1518176761901388
2020-12-09 11:20:00,2.42,100.0,982.74,0.98,0.0,0,Normal,0.15312789422888323
2020-12-09 11:30:00,2.45,100.0,982.71,0.97,0.0,0,Normal,0.15421912307762536
2020-12-09 11:40:00,2.52,100.0,982.58,0.56,0.0,0,Normal,0.15350258031403635
2020-12-09 11:50:00,2.82,99.8,982.51,0.62,0.0,0,Normal,0.15534267748533814
2020-12-09 12:00:00,2.95,99.0,982.37,0.59,0.0,0,Normal,0.16062498495638755
2020-12-09 12:10:00,3.12,98.6,982.31,0.62,0.0,0,Normal,0.16194714662513643
2020-12-09 12:20:00,3.36,97.8,982.24,0.65,0.0,0,Normal,0.16604661610058347
2020-12-09 12:30:00,3.54,96.7,982.25,0.78,0.0,0,Normal,0.1739712071957612
2020-12-09 12:40:00,3.63,97.2,982.28,0.99,0.0,0,Normal,0.1721056132758128
2020-12-09 12:50:00,3.48,97.2,982.32,1.58,0.0,0,Normal,0.17535557815139213
2020-12-09 13:00:00,3.26,98.1,982.22,1.29,0.0,0,Normal,0.17156775857406625
2020-12-09 13:10:00,3.23,98.2,982.17,1.3,0.0,0,Normal,0.16970639504681861
2020-12-09 13:20:00,3.34,97.8,982.2,1.57,0.0,0,Normal,0.17347413367811393
2020-12-09 13:30:00,3.49,97.0,982.34,1.52,0.0,0,Normal,0.17823470578453254
2020-12-09 13:40:00,3.54,96.9,982.36,1.58,0.0,0,Normal,0.1792891843280312
2020-12-09 13:50:00,3.51,97.0,982.36,1.84,0.0,0,Normal,0.17842159730229262
2020-12-09 14:00:00,3.47,97.4,982.39,1.74,0.0,0,Normal,0.17622326376070763
2020-12-09 14:10:00,3.42,98.2,982.38,1.84,0.0,0,Normal,0.17097844169919457
2020-12-09 14:20:00,3.36,99.5,982.45,1.34,0.0,0,Normal,0.16786439954693777
2020-12-09 14:30:00,3.34,98.4,982.47,0.89,0.0,0,Normal,0.16562854961512785
2020-12-09 14:40:00,3.22,98.4,982.47,1.48,0.0,0,Normal,0.170922383102537
2020-12-09 14:50:00,3.08,99.6,982.49,1.33,0.0,0,Normal,0.16790757276843082
2020-12-09 15:00:00,3.03,100.0,982.51,1.28,0.0,0,Normal,0.16502255019594297
2020-12-09 15:10:00,2.99,100.0,982.45,0.98,0.0,0,Normal,0.1616098000860121
2020-12-09 15:20:00,2.99,100.0,982.5,0.89,0.0,0,Normal,0.16120684003788716
2020-12-09 15:30:00,2.93,100.0,982.46,0.72,0.0,0,Normal,0.16076434390620087
2020-12-09 15:40:00,2.85,100.0,982.53,1.14,0.0,0,Normal,0.16005258380301762
2020-12-09 15:50:00,2.8,100.0,982.63,0.72,0.0,0,Normal,0.15859074504414822
2020-12-09 16:00:00,2.78,100.0,982.76,0.7,0.0,0,Normal,0.15922530026174964
2020-12-09 16:10:00,2.71,100.0,982.77,1.15,0.0,0,Normal,0.1625094086194651
2020-12-09 16:20:00,2.76,100.0,982.66,0.81,0.0,0,Normal,0.1589148742183289
2020-12-09 16:30:00,2.8,100.0,982.72,0.88,0.0,0,Normal,0.15790171301812822
2020-12-09 16:40:00,2.83,100.0,982.75,0.59,0.0,0,Normal,0.15646875987617853
2020-12-09 16:50:00,2.92,100.0,982.78,0.51,0.0,0,Normal,0.15705204004469886
2020-12-09 17:00:00,2.91,99.9,982.73,0.7,0.0,0,Normal,0.159600043121516
2020-12-09 17:10:00,2.8,100.0,982.66,0.79,0.2,0,Normal,0.04673982891272066
2020-12-09 17:20:00,2.8,100.0,982.74,1.07,0.1,0,Normal,0.09177874521470553
2020-12-09 17:30:00,2.71,100.0,982.82,1.16,0.0,0,Normal,0.16301123481007246
2020-12-09 17:40:00,2.67,100.0,982.87,0.89,0.2,0,Normal,0.04680362880355393
2020-12-09 17:50:00,2.69,100.0,982.87,0.57,0.1,0,Normal,0.08776134065280305
2020-12-09 18:00:00,2.64,100.0,982.88,0.89,0.2,0,Normal,0.04672628600264228
2020-12-09 18:10:00,2.64,100.0,982.93,0.52,0.2,0,Normal,0.04255599623637385
2020-12-09 18:20:00,2.79,100.0,983.04,0.4,0.2,0,Normal,0.03449983249928523
2020-12-09 18:30:00,2.68,100.0,983.08,0.95,0.1,0,Normal,0.09168363060113793
2020-12-09 18:40:00,2.57,100.0,983.12,1.33,0.0,0,Normal,0.1642879436602106
2020-12-09 18:50:00,2.53,100.0,983.19,0.97,0.1,0,Normal,0.08993736133451602
2020-12-09 19:00:00,2.58,100.0,983.12,0.74,0.0,0,Normal,0.16137827684365225
2020-12-09 19:10:00,2.62,100.0,983.07,0.64,0.2,0,Normal,0.04268823580102998
2020-12-09 19:20:00,2.65,100.0,983.09,0.52,0.0,0,Normal,0.15581607667811176
2020-12-09 19:30:00,2.6,100.0,983.02,0.44,0.1,0,Normal,0.0836827122928121
2020-12-09 19:40:00,2.55,100.0,982.92,0.71,0.0,0,Normal,0.16092748545775204
2020-12-09 19:50:00,2.54,100.0,982.97,0.76,0.0,0,Normal,0.16156393341855657
2020-12-09 20:00:00,2.44,100.0,982.97,0.81,0.1,0,Normal,0.08710791198194279
2020-12-09 20:10:00,2.43,100.0,983.03,0.8,0.0,0,Normal,0.15824886029884927
2020-12-09 20:20:00,2.43,100.0,983.03,0.97,0.0,0,Normal,0.15655126316896684
2020-12-09 20:30:00,2.42,100.0,983.11,0.78,0.1,0,Normal,0.08596754637265858
2020-12-09 20:40:00,2.42,100.0,983.16,0.85,0.0,0,Normal,0.1584952174001723
2020-12-09 20:50:00,2.45,100.0,983.12,0.48,0.1,0,Normal,0.08283521693644613
2020-12-09 21:00:00,2.45,100.0,983.14,0.92,0.0,0,Normal,0.158110944467735
2020-12-09 21:10:00,2.39,100.0,983.13,0.7,0.0,0,Normal,0.15692496595378114
2020-12-09 21:20:00,2.37,100.0,983.24,1.12,0.1,0,Normal,0.08996218603287254
2020-12-09 21:30:00,2.31,100.0,983.32,1.13,0.0,0,Normal,0.15929291639292797
2020-12-09 21:40:00,2.3,100.0,983.3,1.11,0.1,0,Normal,0.08978167180081698
2020-12-09 21:50:00,2.27,100.0,983.31,0.71,0.0,0,Normal,0.15812067920869433
2020-12-09 22:00:00,2.31,100.0,983.26,0.67,0.1,0,Normal,0.0871929222802379
2020-12-09 22:10:00,2.2,100.0,983.28,1.07,0.0,0,Normal,0.15877193281694119
2020-12-09 22:20:00,2.08,100.0,983.33,1.06,0.0,0,Normal,0.1565844174693708
2020-12-09 22:30:00,2.05,100.0,983.25,0.98,0.0,0,Normal,0.15362960158333916
2020-12-09 22:40:00,2.05,100.0,983.17,0.88,0.1,0,Normal,0.08469189004123612
2020-12-09 22:50:00,2.04,100.0,983.17,0.93,0.0,0,Normal,0.1545235340109849
2020-12-09 23:00:00,1.94,100.0,983.12,1.02,0.0,0,Normal,0.1540145176072097
2020-12-09 23:10:00,1.9,100.0,983.07,0.81,0.0,0,Normal,0.1549339405924558
2020-12-09 23:20:00,1.9,100.0,983.01,0.62,0.0,0,Normal,0.15064136408714207
2020-12-09 23:30:00,2.01,100.0,982.86,0.48,0.0,0,Normal,0.14919520817661835
2020-12-09 23:40:00,2.08,100.0,982.8,0.59,0.0,0,Normal,0.15138126787949158
2020-12-09 23:50:00,2.09,100.0,982.83,0.76,0.0,0,Normal,0.15503795857663566
2020-12-10 00:00:00,2.09,100.0,982.78,0.77,0.0,0,Normal,0.15401834051155322
2020-12-10 00:10:00,2.09,100.0,982.71,0.88,0.0,0,Normal,0.15049020642523464
2020-12-10 00:20:00,2.08,100.0,982.68,0.86,0.0,0,Normal,0.15131414502269652
2020-12-10 00:30:00,2.04,100.0,982.58,0.82,0.0,0,Normal,0.15119446598346775
2020-12-10 00:40:00,1.98,100.0,982.54,1.23,0.0,0,Normal,0.15333301060617577
2020-12-10 00:50:00,1.99,100.0,982.43,0.9,0.0,0,Normal,0.14984412358865662
2020-12-10 01:00:00,1.96,100.0,982.27,0.8,0.0,0,Normal,0.1510346697169152
2020-12-10 01:10:00,1.94,100.0,982.21,0.75,0.0,0,Normal,0.15030112792749767
2020-12-10 01:20:00,1.94,100.0,982.25,0.77,0.0,0,Normal,0.15033432435820288
2020-12-10 01:30:00,1.96,100.0,982.16,1.08,0.0,0,Normal,0.1501240734711567
2020-12-10 01:40:00,1.98,100.0,982.15,0.75,0.0,0,Normal,0.14916054478450186
2020-12-10 01:50:00,1.93,100.0,982.06,0.49,0.0,0,Normal,0.14482416092382216
2020-12-10 02:00:00,1.95,100.0,981.98,0.32,0.0,0,Normal,0.13083136390986333
2020-12-10 02:10:00,1.97,100.0,982.01,0.48,0.0,0,Normal,0.14409541542229048
2020-12-10 02:20:00,2.18,100.0,981.93,0.47,0.0,0,Normal,0.14486163725232887
2020-12-10 02:30:00,1.99,100.0,981.98,0.72,0.0,0,Normal,0.14972572613455476
2020-12-10 02:40:00,1.93,100.0,981.92,0.43,0.0,0,Normal,0.13751529198190293
2020-12-10 02:50:00,1.97,100.0,981.85,0.58,0.0,0,Normal,0.14532978444054317
2020-12-10 03:00:00,1.93,100.0,981.77,0.68,0.0,0,Normal,0.14702309788701623
2020-12-10 03:10:00,1.98,100.0,981.7,0.65,0.0,0,Normal,0.14450249978416901
2020-12-10 03:20:00,2.02,100.0,981.61,1.05,0.0,0,Normal,0.14816456465416694
2020-12-10 03:30:00,2.04,100.0,981.54,0.85,0.0,0,Normal,0.14532712170357265
2020-12-10 03:40:00,2.06,100.0,981.46,0.77,0.0,0,Normal,0.1441428071514005
2020-12-10 03:50:00,1.99,100.0,981.36,0.64,0.0,0,Normal,0.13971770271930384
2020-12-10 04:00:00,1.91,100.0,981.23,0.7,0.0,0,Normal,0.14315748906897846
2020-12-10 04:10:00,2.03,100.0,981.18,0.38,0.0,0,Normal,0.1255913288529642
2020-12-10 04:20:00,1.87,100.0,981.12,1.23,0.0,0,Normal,0.1446706497735436
2020-12-10 04:30:00,1.84,100.0,980.99,1.01,0.0,0,Normal,0.14047866231648864
2020-12-10 04:40:00,1.94,100.0,980.88,0.68,0.0,0,Normal,0.14009249849613908
2020-12-10 04:50:00,2.01,100.0,980.8,0.63,0.0,0,Normal,0.13792626362018406
2020-12-10 05:00:00,1.96,100.0,980.82,0.96,0.0,0,Normal,0.14100061915320966
2020-12-10 05:10:00,1.87,100.0,980.76,0.88,0.0,0,Normal,0.13976411499215807
2020-12-10 05:20:00,1.93,100.0,980.75,0.47,0.0,0,Normal,0.13594278438379398
2020-12-10 05:30:00,1.93,100.0,980.73,0.8,0.0,0,Normal,0.14133083612970676
2020-12-10 05:40:00,1.88,100.0,980.73,0.82,0.0,0,Normal,0.14018205385630417
2020-12-10 05:50:00,1.88,100.0,980.72,0.72,0.0,0,Normal,0.1393198123654839
2020-12-10 06:00:00,1.97,100.0,980.74,0.38,0.0,0,Normal,0.1235784943423539
2020-12-10 06:10:00,1.98,100.0,980.82,0.38,0.1,0,Normal,0.06074094403106056
2020-12-10 06:20:00,2.0,100.0,980.86,0.28,0.1,0,Normal,0.05932289822537573
2020-12-10 06:30:00,2.19,100.0,980.89,0.27,0.1,0,Normal,0.059015573594033754
2020-12-10 06:40:00,2.03,100.0,980.86,0.55,0.0,0,Normal,0.13751050812979776
2020-12-10 06:50:00,1.88,100.0,980.84,0.49,0.0,0,Normal,0.1358580019914883
2020-12-10 07:00:00,1.87,100.0,980.92,0.54,0.0,0,Normal,0.13758821562517515
2020-12-10 07:10:00,1.81,100.0,980.96,0.74,0.0,0,Normal,0.14035700202019902
2020-12-10 07:20:00,1.87,100.0,980.86,0.48,0.0,0,Normal,0.1354051787555084
2020-12-10 07:30:00,2.0,100.0,980.91,0.52,0.0,0,Normal,0.13856597974467255
2020-12-10 07:40:00,1.95,100.0,980.97,0.56,0.0,0,Normal,0.13905785421451106
2020-12-10 07:50:00,1.97,100.0,980.99,0.3,0.1,0,Normal,0.061309408276121635
2020-12-10 08:00:00,1.94,100.0,981.01,0.67,0.0,0,Normal,0.1416628633232327
2020-12-10 08:10:00,1.94,100.0,981.03,0.47,0.0,0,Normal,0.1374951222153173
2020-12-10 08:20:00,1.94,100.0,981.04,0.88,0.0,0,Normal,0.14271897921934884
2020-12-10 08:30:00,1.94,100.0,981.08,1.01,0.0,0,Normal,0.14270966457770168
2020-12-10 08:40:00,1.92,100.0,981.14,0.85,0.0,0,Normal,0.14412423302863436
2020-12-10 08:50:00,1.99,100.0,981.16,0.52,0.0,0,Normal,0.13897578656503118
2020-12-10 09:00:00,2.08,100.0,981.13,0.67,0.0,0,Normal,0.1423201062704037
2020-12-10 09:10:00,1.98,100.0,981.09,0.9,0.0,0,Normal,0.14271897921934884
2020-12-10 09:20:00,2.09,100.0,981.06,1.25,0.0,0,Normal,0.1472628372268076
2020-12-10 09:30:00,2.07,100.0,980.99,0.68,0.0,0,Normal,0.14223544295815344
2020-12-10 09:40:00,2.03,100.0,981.03,0.62,0.0,0,Normal,0.13947228590907673
2020-12-10 09:50:00,2.07,100.0,981.17,0.76,0.0,0,Normal,0.14324435252211315
2020-12-10 10:00:00,2.05,100.0,981.16,0.9,0.0,0,Normal,0.1429627497716972
2020-12-10 10:10:00,2.05,100.0,981.13,1.01,0.0,0,Normal,0.14270966457770168
2020-12-10 10:20:00,2.12,100.0,981.03,0.89,0.0,0,Normal,0.1450826782630053
2020-12-10 10:30:00,2.12,100.0,980.95,0.94,0.0,0,Normal,0.14492081407072366
2020-12-10 10:40:00,2.24,100.0,980.87,0.66,0.0,0,Normal,0.14236627592892714
2020-12-10 10:50:00,2.41,100.0,980.85,0.36,0.0,0,Normal,0.12554229140113382
2020-12-10 11:00:00,2.52,100.0,980.8,0.56,0.0,0,Normal,0.1439743396874088
2020-12-10 11:10:00,2.46,100.0,980.79,0.65,0.0,0,Normal,0.142214635383144
2020-12-10 11:20:00,2.42,100.0,980.72,0.65,0.0,0,Normal,0.14047739144245103
2020-12-10 11:30:00,2.48,100.0,980.67,0.61,0.0,0,Normal,0.14110760165107594
2020-12-10 11:40:00,2.48,100.0,980.61,1.06,0.0,0,Normal,0.14708841727230537
2020-12-10 11:50:00,2.41,100.0,980.53,0.55,0.0,0,Normal,0.13958255690378613
2020-12-10 12:00:00,2.47,100.0,980.39,0.8,0.0,0,Normal,0.14555801070608632
2020-12-10 12:10:00,2.51,100.0,980.26,1.31,0.0,0,Normal,0.15021544547188437
2020-12-10 12:20:00,2.45,100.0,980.17,1.08,0.0,0,Normal,0.14569524760644337
2020-12-10 12:30:00,2.51,100.0,980.12,1.22,0.0,0,Normal,0.14872434302024168
2020-12-10 12:40:00,2.52,100.0,980.05,1.69,0.0,0,Normal,0.14861754871957067
2020-12-10 12:50:00,2.45,100.0,980.02,1.94,0.0,0,Normal,0.144978638379976
2020-12-10 13:00:00,2.29,100.0,980.01,2.13,0.0,0,Normal,0.142653748652257
2020-12-10 13:10:00,2.24,100.0,980.03,2.12,0.0,0,Normal,0.142653748652257
2020-12-10 13:20:00,2.17,100.0,979.94,1.84,0.0,0,Normal,0.14121214340159755
2020-12-10 13:30:00,2.17,100.0,979.97,1.94,0.0,0,Normal,0.14099227465011605
2020-12-10 13:40:00,2.06,100.0,979.99,2.98,0.0,0,Normal,0.12483560133998889
2020-12-10 13:50:00,1.95,100.0,980.02,2.65,0.0,0,Normal,0.13404928672088862
2020-12-10 14:00:00,1.98,100.0,980.06,1.94,0.0,0,Normal,0.13907264414163129
2020-12-10 14:10:00,1.99,100.0,980.07,2.02,0.0,0,Normal,0.13869752770337945
2020-12-10 14:20:00,2.03,100.0,980.02,1.71,0.0,0,Normal,0.13979646500181375
2020-12-10 14:30:00,2.04,100.0,980.05,1.85,0.0,0,Normal,0.1405095015592625
2020-12-10 14:40:00,2.05,100.0,980.13,1.63,0.0,0,Normal,0.1405560610419228
2020-12-10 14:50:00,2.08,100.0,980.14,1.97,0.0,0,Normal,0.14064088885578252
2020-12-10 15:00:00,2.01,100.0,980.17,2.55,0.0,0,Normal,0.13554704504209297
2020-12-10 15:10:00,1.98,100.0,980.25,1.97,0.0,0,Normal,0.13840594833651104
2020-12-10 15:20:00,2.0,100.0,980.28,2.12,0.0,0,Normal,0.13902574529972084
2020-12-10 15:30:00,2.03,100.0,980.34,1.21,0.0,0,Normal,0.14188600037408494
2020-12-10 15:40:00,2.06,100.0,980.39,1.28,0.0,0,Normal,0.14396541402866647
2020-12-10 15:50:00,2.1,100.0,980.4,0.94,0.0,0,Normal,0.14171229585509365
2020-12-10 16:00:00,2.05,100.0,980.43,1.41,0.0,0,Normal,0.14418759331973963
2020-12-10 16:10:00,2.04,100.0,980.45,1.33,0.0,0,Normal,0.14393080525468027
2020-12-10 16:20:00,2.0,100.0,980.42,1.59,0.0,0,Normal,0.14181090586478057
2020-12-10 16:30:00,2.0,100.0,980.42,1.68,0.0,0,Normal,0.14160948857588845
2020-12-10 16:40:00,1.95,100.0,980.5,2.24,0.0,0,Normal,0.13971664954664842
2020-12-10 16:50:00,1.92,100.0,980.51,2.55,0.0,0,Normal,0.13587705869718703
2020-12-10 17:00:00,1.87,100.0,980.45,2.94,0.0,0,Normal,0.12401385198356568
2020-12-10 17:10:00,1.83,100.0,980.43,2.37,0.0,0,Normal,0.13504287796769426
2020-12-10 17:20:00,1.81,100.0,980.49,2.29,0.0,0,Normal,0.13532637932114283
2020-12-10 17:30:00,1.77,100.0,980.53,2.0,0.0,0,Normal,0.1345441769143746
2020-12-10 17:40:00,1.8,100.0,980.47,1.86,0.0,0,Normal,0.13631920996824826
2020-12-10 17:50:00,1.72,100.0,980.53,2.37,0.0,0,Normal,0.13303513231780034
2020-12-10 18:00:00,1.71,100.0,980.51,1.84,0.0,0,Normal,0.1354215658898837
2020-12-10 18:10:00,1.72,100.0,980.57,1.65,0.0,0,Normal,0.13652086993021723
2020-12-10 18:20:00,1.75,100.0,980.57,1.24,0.0,0,Normal,0.14080258361563708
2020-12-10 18:30:00,1.75,100.0,980.54,1.37,0.0,0,Normal,0.14033968851081485
2020-12-10 18:40:00,1.76,100.0,980.52,1.33,0.0,0,Normal,0.14094203236692426
2020-12-10 18:50:00,1.75,100.0,980.53,1.88,0.0,0,Normal,0.1354060908772659
2020-12-10 19:00:00,1.67,100.0,980.55,1.89,0.0,0,Normal,0.13431671080079027
2020-12-10 19:10:00,1.65,100.0,980.58,1.73,0.0,0,Normal,0.13709657240927076
2020-12-10 19:20:00,1.64,100.0,980.62,1.18,0.0,0,Normal,0.1381971991046791
2020-12-10 19:30:00,1.67,100.0,980.64,1.16,0.0,0,Normal,0.13838759364572883
2020-12-10 19:40:00,1.69,100.0,980.61,0.97,0.0,0,Normal,0.13624084569943107
2020-12-10 19:50:00,1.71,100.0,980.58,0.72,0.0,0,Normal,0.1362932364607674
2020-12-10 20:00:00,1.73,100.0,980.6,0.8,0.0,0,Normal,0.1380797359445985
2020-12-10 20:10:00,1.7,100.0,980.56,0.87,0.0,0,Normal,0.1373372150657205
2020-12-10 20:20:00,1.72,100.0,980.51,0.77,0.0,0,Normal,0.13633871679186788
2020-12-10 20:30:00,1.79,100.0,980.52,0.47,0.0,0,Normal,0.1334454438217123
2020-12-10 20:40:00,1.89,100.0,980.54,0.53,0.0,0,Normal,0.13627681609080228
2020-12-10 20:50:00,1.89,100.0,980.54,0.67,0.0,0,Normal,0.1385632889745243
2020-12-10 21:00:00,1.94,100.0,980.51,0.7,0.0,0,Normal,0.14023103563560035
2020-12-10 21:10:00,1.95,100.0,980.52,0.75,0.0,0,Normal,0.14048184921051776
2020-12-10 21:20:00,2.01,100.0,980.47,0.52,0.0,0,Normal,0.13638772117942766
2020-12-10 21:30:00,2.02,100.0,980.33,0.93,0.0,0,Normal,0.14075755602585893
2020-12-10 21:40:00,2.0,100.0,980.33,0.94,0.0,0,Normal,0.1402674074241243
2020-12-10 21:50:00,2.05,100.0,980.31,1.2,0.0,0,Normal,0.14188600037408494
2020-12-10 22:00:00,2.03,100.0,980.29,1.15,0.0,0,Normal,0.14125612663797643
2020-12-10 22:10:00,2.08,100.0,980.28,1.07,0.0,0,Normal,0.14242084205712213
2020-12-10 22:20:00,2.06,100.0,980.22,1.18,0.0,0,Normal,0.14106685798296015
2020-12-10 22:30:00,2.06,100.0,980.2,1.4,0.0,0,Normal,0.143016894691179
2020-12-10 22:40:00,2.06,100.0,980.22,0.93,0.0,0,Normal,0.13993649424538895
2020-12-10 22:50:00,2.1,100.0,980.2,0.91,0.0,0,Normal,0.1408928580071273
2020-12-10 23:00:00,2.08,100.0,980.26,1.18,0.0,0,Normal,0.14172491394491077
2020-12-10 23:10:00,2.08,100.0,980.28,1.03,0.0,0,Normal,0.14073528677816627
2020-12-10 23:20:00,2.07,100.0,980.25,1.06,0.0,0,Normal,0.14176373671199988
2020-12-10 23:30:00,2.14,100.0,980.27,1.18,0.0,0,Normal,0.14343867989566922
2020-12-10 23:40:00,2.15,100.0,980.23,1.23,0.0,0,Normal,0.145945558816516
2020-12-10 23:50:00,2.15,100.0,980.16,1.34,0.0,0,Normal,0.1456175499246034
2020-12-11 00:00:00,2.16,100.0,980.11,1.24,0.0,0,Normal,0.14648672764789605
2020-12-11 00:10:00,2.19,100.0,980.0,0.96,0.0,0,Normal,0.1406751203762363
2020-12-11 00:20:00,2.19,100.0,979.84,1.04,0.0,0,Normal,0.13945309910434361
2020-12-11 00:30:00,2.18,100.0,979.73,1.15,0.0,0,Normal,0.13996647989109473
2020-12-11 00:40:00,2.19,100.0,979.66,1.17,0.0,0,Normal,0.14009934073263852
2020-12-11 00:50:00,2.24,100.0,979.5,1.0,0.0,0,Normal,0.13922234726445282
2020-12-11 01:00:00,2.23,100.0,979.48,1.57,0.0,0,Normal,0.1416862753302221
2020-12-11 01:10:00,2.17,100.0,979.45,1.76,0.0,0,Normal,0.1401993623115283
2020-12-11 01:20:00,2.19,100.0,979.45,1.23,0.0,0,Normal,0.14182447485768085
2020-12-11 01:30:00,2.18,100.0,979.35,1.57,0.0,0,Normal,0.1401618094573216
2020-12-11 01:40:00,2.2,100.0,979.34,1.08,0.0,0,Normal,0.1395666249270533
2020-12-11 01:50:00,2.21,100.0,979.34,1.4,0.0,0,Normal,0.1421083809819183
2020-12-11 02:00:00,2.21,100.0,979.33,1.3,0.0,0,Normal,0.14224154616792872
2020-12-11 02:10:00,2.22,100.0,979.36,1.08,0.0,0,Normal,0.1395666249270533
2020-12-11 02:20:00,2.2,100.0,979.37,0.88,0.0,0,Normal,0.1381132826613159
2020-12-11 02:30:00,2.28,100.0,979.32,0.67,0.0,0,Normal,0.13731251773847492
2020-12-11 02:40:00,2.21,100.0,979.21,0.86,0.0,0,Normal,0.13863085394279723
2020-12-11 02:50:00,2.2,100.0,979.08,0.96,0.0,0,Normal,0.13689410730256463
2020-12-11 03:00:00,2.23,100.0,979.06,0.67,0.0,0,Normal,0.13644068676760213
2020-12-11 03:10:00,2.17,100.0,978.93,0.46,0.0,0,Normal,0.1308780607385185
2020-12-11 03:20:00,2.19,100.0,978.72,0.58,0.0,0,Normal,0.13342939307307106
2020-12-11 03:30:00,2.17,100.0,978.59,0.51,0.0,0,Normal,0.12904778084439922
2020-12-11 03:40:00,2.21,100.0,978.49,0.35,0.0,0,Normal,0.11501290696942934
2020-12-11 03:50:00,2.18,100.0,978.42,0.53,0.0,0,Normal,0.1291024756216092
2020-12-11 04:00:00,2.13,100.0,978.29,0.59,0.0,0,Normal,0.12950477397386567
2020-12-11 04:10:00,2.1,100.0,978.19,0.59,0.0,0,Normal,0.12817965475758003
2020-12-11 04:20:00,2.08,100.0,978.07,0.84,0.0,0,Normal,0.1299091175519792
2020-12-11 04:30:00,2.08,100.0,977.85,1.13,0.0,0,Normal,0.1303007201649179
2020-12-11 04:40:00,2.07,100.0,977.69,1.53,0.0,0,Normal,0.1277482622779028
2020-12-11 04:50:00,2.03,100.0,977.63,1.51,0.0,0,Normal,0.1268424923219773
2020-12-11 05:00:00,2.01,100.0,977.56,1.87,0.0,0,Normal,0.1250802759828749
2020-12-11 05:10:00,2.04,100.0,977.38,1.72,0.0,0,Normal,0.12682743734916702
2020-12-11 05:20:00,2.0,100.0,977.33,1.61,0.0,0,Normal,0.12709512462329214
2020-12-11 05:30:00,1.97,100.0,977.25,1.77,0.0,0,Normal,0.1260396115317774
2020-12-11 05:40:00,2.06,100.0,977.16,1.3,0.0,0,Normal,0.12717860003502834
2020-12-11 05:50:00,2.05,100.0,977.12,1.98,0.0,0,Normal,0.1254255690726882
2020-12-11 06:00:00,2.15,100.0,976.95,1.58,0.0,0,Normal,0.1280389230810381
2020-12-11 06:10:00,2.23,100.0,976.94,1.23,0.0,0,Normal,0.1287726576851338
2020-12-11 06:20:00,2.19,100.0,976.86,1.65,0.0,0,Normal,0.12662275954453528
2020-12-11 06:30:00,2.25,100.0,976.76,1.77,0.0,0,Normal,0.12592780395550346
2020-12-11 06:40:00,2.26,100.0,976.72,1.86,0.0,0,Normal,0.12602355364434187
2020-12-11 06:50:00,2.24,100.0,976.58,1.67,0.0,0,Normal,0.12558564813907258
2020-12-11 07:00:00,2.24,100.0,976.5,1.74,0.0,0,Normal,0.1251532041677506
2020-12-11 07:10:00,2.22,100.0,976.39,1.63,0.0,0,Normal,0.12188117985273272
2020-12-11 07:20:00,2.25,100.0,976.29,2.17,0.0,0,Normal,0.12252964716913639
2020-12-11 07:30:00,2.22,100.0,976.25,2.24,0.0,0,Normal,0.12101236797330384
2020-12-11 07:40:00,2.22,99.6,976.28,2.0,0.0,0,Normal,0.12375654959355065
2020-12-11 07:50:00,2.25,99.1,976.33,1.49,0.0,0,Normal,0.12757731637066927
2020-12-11 08:00:00,2.27,98.7,976.39,1.65,0.0,0,Normal,0.1281875890296551
2020-12-11 08:10:00,2.27,98.5,976.39,1.87,0.0,0,Normal,0.1285026149473416
2020-12-11 08:20:00,2.33,98.6,976.49,1.65,0.0,0,Normal,0.12904861308728038
2020-12-11 08:30:00,2.35,98.4,976.43,1.23,0.0,0,Normal,0.12988365298511662
2020-12-11 08:40:00,2.38,98.3,976.38,1.22,0.0,0,Normal,0.1283198143396791
2020-12-11 08:50:00,2.38,98.3,976.28,1.32,0.0,0,Normal,0.12916693479208685
2020-12-11 09:00:00,2.32,98.7,976.15,1.62,0.0,0,Normal,0.12668602598988565
2020-12-11 09:10:00,2.31,98.1,975.97,2.18,0.0,0,Normal,0.1276461435682985
2020-12-11 09:20:00,2.36,98.2,975.87,1.46,0.0,0,Normal,0.12787975183686506
2020-12-11 09:30:00,2.34,97.3,975.88,1.85,0.0,0,Normal,0.1326107885371547
2020-12-11 09:40:00,2.38,95.0,975.79,3.0,0.0,0,Normal,0.13073431930646962
2020-12-11 09:50:00,2.54,93.9,975.78,2.45,0.0,0,Normal,0.15167499367810028
2020-12-11 10:00:00,2.58,93.4,975.74,3.08,0.0,0,Normal,0.1412289575333862
2020-12-11 10:10:00,2.58,91.0,975.6,3.31,0.0,0,Normal,0.14461361415041896
2020-12-11 10:20:00,2.57,90.8,975.5,3.25,0.0,0,Normal,0.1480143729483493
2020-12-11 10:30:00,2.51,90.7,975.37,3.75,0.0,0,Normal,0.13271719843639762
2020-12-11 10:40:00,2.47,92.0,975.31,2.13,0.0,0,Normal,0.15531244119837345
2020-12-11 10:50:00,2.49,93.0,975.27,2.37,0.0,0,Normal,0.15546106142358507
2020-12-11 11:00:00,2.51,92.5,975.17,2.82,0.0,0,Normal,0.14517240528535463
2020-12-11 11:10:00,2.52,91.4,975.02,3.4,0.0,0,Normal,0.13451654341761643
2020-12-11 11:20:00,2.51,91.2,974.89,3.2,0.0,0,Normal,0.13984941831975822
2020-12-11 11:30:00,2.47,90.8,974.73,3.28,0.0,0,Normal,0.13700827666401744
2020-12-11 11:40:00,2.5,89.4,974.59,3.56,0.0,0,Normal,0.13263238884004808
2020-12-11 11:50:00,2.48,88.6,974.42,3.85,0.0,0,Normal,0.1288381850200353
2020-12-11 12:00:00,2.5,88.2,974.25,4.19,0.0,0,Normal,0.12429291141542054
2020-12-11 12:10:00,2.49,88.2,974.09,4.02,0.0,0,Normal,0.12708322263674232
2020-12-11 12:20:00,2.52,88.7,973.98,3.35,0.0,0,Normal,0.1428088307145684
2020-12-11 12:30:00,2.51,88.9,973.93,2.99,0.0,0,Normal,0.1492597099834161
2020-12-11 12:40:00,2.5,88.7,973.99,3.29,0.0,0,Normal,0.14621283338165575
2020-12-11 12:50:00,2.48,88.7,973.94,3.0,0.0,0,Normal,0.14904038869464603
2020-12-11 13:00:00,2.48,87.9,973.87,3.66,0.0,0,Normal,0.13787339050997116
2020-12-11 13:10:00,2.52,85.9,973.8,4.73,0.0,0,Normal,0.11524548140398327
2020-12-11 13:20:00,2.56,85.0,973.72,4.97,0.0,0,Normal,0.11345895075239565
2020-12-11 13:30:00,2.59,84.9,973.59,4.34,0.0,0,Normal,0.12299495093172896
2020-12-11 13:40:00,2.62,84.7,973.58,4.6,0.0,0,Normal,0.1178949091318714
2020-12-11 13:50:00,2.7,84.4,973.53,4.09,0.0,0,Normal,0.12947793964912657
2020-12-11 14:00:00,2.76,84.2,973.4,4.21,0.0,0,Normal,0.12763297030561765
2020-12-11 14:10:00,2.81,84.1,973.33,3.76,0.0,0,Normal,0.1385976613822098
2020-12-11 14:20:00,2.85,83.8,973.25,4.0,0.0,0,Normal,0.13409369171181101
2020-12-11 14:30:00,2.83,83.4,973.21,4.06,0.0,0,Normal,0.13113070451864695
2020-12-11 14:40:00,2.84,83.0,973.06,4.37,0.0,0,Normal,0.12375886461125152
2020-12-11 14:50:00,2.87,83.5,972.94,3.83,0.0,0,Normal,0.13796518053484702
2020-12-11 15:00:00,2.88,83.5,972.84,4.39,0.0,0,Normal,0.11901476823413548
2020-12-11 15:10:00,2.89,83.9,972.77,3.8,0.0,0,Normal,0.13579176227504436
2020-12-11 15:20:00,2.88,84.2,972.76,3.65,0.0,0,Normal,0.13706482428710837
2020-12-11 15:30:00,2.83,82.9,972.77,4.2,0.0,0,Normal,0.1265492205670291
2020-12-11 15:40:00,2.79,82.9,972.77,3.85,0.0,0,Normal,0.13437553813543335
2020-12-11 15:50:00,2.77,82.7,972.74,3.73,0.0,0,Normal,0.13700097572979708
2020-12-11 16:00:00,2.76,82.1,972.7,4.28,0.0,0,Normal,0.12039051011767765
2020-12-11 16:10:00,2.7,82.5,972.69,3.4,0.0,0,Normal,0.1440097060461794
2020-12-11 16:20:00,2.66,82.8,972.66,3.47,0.0,0,Normal,0.14297729715842505
2020-12-11 16:30:00,2.62,83.1,972.61,2.63,0.0,0,Normal,0.1582326815686363
2020-12-11 16:40:00,2.58,83.2,972.51,2.52,0.0,0,Normal,0.1571874061688343
2020-12-11 16:50:00,2.48,83.3,972.4,3.42,0.0,0,Normal,0.1388734572654381
2020-12-11 17:00:00,2.43,83.9,972.23,2.76,0.0,0,Normal,0.1473647583087524
2020-12-11 17:10:00,2.38,84.3,972.16,2.35,0.0,0,Normal,0.1485721458451738
2020-12-11 17:20:00,2.33,84.8,972.08,2.32,0.0,0,Normal,0.14885303150498252
2020-12-11 17:30:00,2.29,85.2,972.1,2.07,0.0,0,Normal,0.14829736522865133
2020-12-11 17:40:00,2.15,85.3,972.14,1.62,0.0,0,Normal,0.14781791515708131
2020-12-11 17:50:00,2.11,84.9,972.18,2.54,0.0,0,Normal,0.14760181916221787
2020-12-11 18:00:00,2.13,85.0,972.13,2.04,0.0,0,Normal,0.14735344163145758
2020-12-11 18:10:00,2.12,85.2,972.04,2.36,0.0,0,Normal,0.14832640493903598
2020-12-11 18:20:00,2.04,86.4,971.95,2.44,0.0,0,Normal,0.14362102170891483
2020-12-11 18:30:00,1.96,86.7,971.85,2.64,0.0,0,Normal,0.14061402408136814
2020-12-11 18:40:00,1.83,87.9,971.73,3.08,0.0,0,Normal,0.12470343612042856
2020-12-11 18:50:00,1.71,88.5,971.72,2.49,0.0,0,Normal,0.13153592496672645
2020-12-11 19:00:00,1.68,89.0,971.66,1.84,0.0,0,Normal,0.13044602199356964
2020-12-11 19:10:00,1.62,89.2,971.58,2.59,0.0,0,Normal,0.1293799678809619
2020-12-11 19:20:00,1.55,89.7,971.58,3.12,0.0,0,Normal,0.1196327926614873
2020-12-11 19:30:00,1.54,89.1,971.7,2.67,0.0,0,Normal,0.12999714180123234
2020-12-11 19:40:00,1.53,89.5,971.67,2.3,0.0,0,Normal,0.13164096851132118
2020-12-11 19:50:00,1.43,90.5,971.63,2.56,0.0,0,Normal,0.128276295007834
2020-12-11 20:00:00,1.33,91.1,971.64,1.97,0.0,0,Normal,0.12677018283595515
2020-12-11 20:10:00,1.24,91.5,971.63,2.0,0.0,0,Normal,0.12468281643597895
2020-12-11 20:20:00,1.22,91.5,971.6,2.13,0.0,0,Normal,0.12423128592995308
2020-12-11 20:30:00,1.15,91.8,971.57,2.13,0.0,0,Normal,0.12092699065378798
2020-12-11 20:40:00,1.12,92.1,971.51,1.79,0.0,0,Normal,0.11963591603499346
2020-12-11 20:50:00,1.09,92.2,971.5,1.86,0.0,0,Normal,0.11938879779891132
2020-12-11 21:00:00,0.94,92.6,971.5,2.27,0.0,0,Normal,0.11823764082754318
2020-12-11 21:10:00,0.94,92.6,971.42,2.5,0.0,0,Normal,0.11736296995726314
2020-12-11 21:20:00,1.04,92.1,971.34,2.54,0.0,0,Normal,0.11677141427939874
2020-12-11 21:30:00,1.02,92.1,971.34,2.32,0.0,0,Normal,0.11893419777148562
2020-12-11 21:40:00,0.89,92.8,971.44,1.91,0.0,0,Normal,0.11712522086242383
2020-12-11 21:50:00,0.75,93.5,971.48,2.34,0.0,0,Normal,0.11291670528265696
2020-12-11 22:00:00,0.66,94.0,971.43,2.16,0.0,0,Normal,0.11031189749579928
2020-12-11 22:10:00,0.48,95.2,971.42,2.4,0.0,0,Normal,0.10721286879213932
2020-12-11 22:20:00,0.42,95.4,971.42,2.11,0.0,0,Normal,0.10647118207327821
2020-12-11 22:30:00,0.49,95.2,971.43,2.05,0.0,0,Normal,0.10703763898821961
2020-12-11 22:40:00,0.64,94.8,971.4,1.94,0.0,0,Normal,0.10705839127276362
2020-12-11 22:50:00,0.9,93.4,971.39,1.95,0.0,0,Normal,0.11409945293647628
2020-12-11 23:00:00,0.78,94.3,971.44,1.89,0.0,0,Normal,0.1093344451421322
2020-12-11 23:10:00,0.82,94.0,971.42,1.98,0.0,0,Normal,0.11037910702933507
2020-12-11 23:20:00,0.89,94.0,971.39,1.69,0.0,0,Normal,0.11287923578738546
2020-12-11 23:30:00,0.96,93.9,971.39,1.95,0.0,0,Normal,0.11247302574424312
2020-12-11 23:40:00,1.09,93.3,971.4,2.85,0.0,0,Normal,0.10828217339390289
2020-12-11 23:50:00,1.29,92.6,971.34,2.44,0.0,0,Normal,0.12150257787064189
2020-12-12 00:00:00,1.32,92.6,971.29,2.31,0.0,0,Normal,0.12334970427994907
2020-12-12 00:10:00,1.31,92.9,971.25,1.85,0.0,0,Normal,0.12126433250558011
2020-12-12 00:20:00,1.28,93.1,971.24,1.82,0.0,0,Normal,0.11913932017718243
2020-12-12 00:30:00,1.28,92.8,971.21,2.39,0.0,0,Normal,0.12090274846970106
2020-12-12 00:40:00,1.25,93.1,971.14,2.19,0.0,0,Normal,0.12055897949238903
2020-12-12 00:50:00,1.22,92.8,971.09,2.52,0.0,0,Normal,0.11638529580679824
2020-12-12 01:00:00,1.16,92.8,971.03,2.78,0.0,0,Normal,0.10994353543598168
2020-12-12 01:10:00,1.19,92.4,971.01,2.72,0.0,0,Normal,0.11026124183657227
2020-12-12 01:20:00,1.26,91.8,970.98,2.5,0.0,0,Normal,0.11885790704893384
2020-12-12 01:30:00,1.3,91.4,970.95,2.6,0.0,0,Normal,0.11856372528527548
2020-12-12 01:40:00,1.4,90.7,970.93,2.82,0.0,0,Normal,0.11874995968973534
2020-12-12 01:50:00,1.48,90.2,970.91,3.29,0.0,0,Normal,0.11419594277323997
2020-12-12 02:00:00,1.59,89.5,970.83,3.47,0.0,0,Normal,0.11164998200688026
2020-12-12 02:10:00,1.67,89.0,970.81,3.36,0.0,0,Normal,0.11459633725357898
2020-12-12 02:20:00,1.73,88.9,970.87,3.0,0.0,0,Normal,0.11724599805850355
2020-12-12 02:30:00,1.78,88.6,970.87,3.53,0.0,0,Normal,0.10997194711794422
2020-12-12 02:40:00,1.8,88.9,970.86,3.25,0.0,0,Normal,0.11668341746721167
2020-12-12 02:50:00,1.77,89.8,970.86,3.24,0.0,0,Normal,0.11591183651277792
2020-12-12 03:00:00,1.67,91.8,970.89,3.03,0.0,0,Normal,0.10934692276903035
2020-12-12 03:10:00,1.57,93.4,970.9,2.36,0.0,0,Normal,0.11875550878237573
2020-12-12 03:20:00,1.54,94.5,970.88,2.75,0.1,0,Normal,0.060189388198289895
2020-12-12 03:30:00,1.49,96.0,970.86,2.13,0.1,0,Normal,0.0637184126523106
2020-12-12 03:40:00,1.48,96.9,970.8,2.12,0.1,0,Normal,0.05770009862613834
2020-12-12 03:50:00,1.45,97.8,970.78,2.09,0.0,0,Normal,0.10430885933300138
2020-12-12 04:00:00,1.41,98.7,970.77,2.33,0.1,0,Normal,0.05390117333686295
2020-12-12 04:10:00,1.37,99.5,970.7,2.24,0.1,0,Normal,0.05373308204033633
2020-12-12 04:20:00,1.36,99.9,970.67,2.28,0.0,0,Normal,0.09428622430542433
2020-12-12 04:30:00,1.34,100.0,970.72,1.98,0.0,0,Normal,0.09309172942225585
2020-12-12 04:40:00,1.36,100.0,970.76,2.47,0.0,0,Normal,0.09274086811560966
2020-12-12 04:50:00,1.34,100.0,970.78,2.68,0.0,0,Normal,0.08886937166199282
2020-12-12 05:00:00,1.34,100.0,970.77,2.63,0.0,0,Normal,0.09088488792754024
2020-12-12 05:10:00,1.37,100.0,970.77,2.54,0.0,0,Normal,0.09066339864252804
2020-12-12 05:20:00,1.46,100.0,970.8,2.07,0.0,0,Normal,0.09195528808791253
2020-12-12 05:30:00,1.55,100.0,970.81,1.84,0.0,0,Normal,0.091561709564284
2020-12-12 05:40:00,1.56,99.9,970.83,2.15,0.0,0,Normal,0.09222767584309144
2020-12-12 05:50:00,1.57,100.0,970.84,2.05,0.0,0,Normal,0.09112189256024483
2020-12-12 06:00:00,1.6,99.9,970.87,2.0,0.0,0,Normal,0.09182549374328852
2020-12-12 06:10:00,1.64,99.6,970.88,2.19,0.0,0,Normal,0.09566911138981438
2020-12-12 06:20:00,1.64,99.2,970.88,2.6,0.0,0,Normal,0.09419304326156486
2020-12-12 06:30:00,1.63,99.1,970.89,2.45,0.0,0,Normal,0.09624953806148162
2020-12-12 06:40:00,1.65,98.8,970.88,2.83,0.0,0,Normal,0.0890794532882746
2020-12-12 06:50:00,1.68,98.7,970.83,2.76,0.0,0,Normal,0.09174797276187863
2020-12-12 07:00:00,1.73,98.5,970.85,2.36,0.0,0,Normal,0.09842537349781677
2020-12-12 07:10:00,1.78,98.2,970.9,2.33,0.0,0,Normal,0.09801188392444526
2020-12-12 07:20:00,1.75,98.4,970.94,2.37,0.0,0,Normal,0.09869036165899636
2020-12-12 07:30:00,1.7,98.4,970.98,2.49,0.0,0,Normal,0.09808282701497628
2020-12-12 07:40:00,1.69,98.1,971.09,2.79,0.0,0,Normal,0.09283138379459843
2020-12-12 07:50:00,1.72,97.5,971.17,3.05,0.0,0,Normal,0.09175189368094516
2020-12-12 08:00:00,1.76,97.5,971.25,2.6,0.0,0,Normal,0.10185365489996634
2020-12-12 08:10:00,1.76,97.3,971.32,2.55,0.0,0,Normal,0.10241193418749739
2020-12-12 08:20:00,1.82,96.9,971.4,2.13,0.0,0,Normal,0.10621322392593702
2020-12-12 08:30:00,1.79,97.5,971.45,1.82,0.0,0,Normal,0.1037984159724773
2020-12-12 08:40:00,1.81,97.7,971.52,1.76,0.0,0,Normal,0.10332085286775783
2020-12-12 08:50:00,1.8,97.8,971.59,1.94,0.0,0,Normal,0.10391905743342977
2020-12-12 09:00:00,1.81,98.1,971.65,1.85,0.0,0,Normal,0.10124114315900834
2020-12-12 09:10:00,1.83,97.7,971.73,1.95,0.0,0,Normal,0.10301370783404462
2020-12-12 09:20:00,1.87,97.8,971.78,1.91,0.0,0,Normal,0.10479712554457965
2020-12-12 09:30:00,2.0,97.2,971.88,1.66,0.0,0,Normal,0.11056921690614008
2020-12-12 09:40:00,2.16,96.1,971.97,1.84,0.0,0,Normal,0.11982736967254226
2020-12-12 09:50:00,2.26,95.5,972.05,1.78,0.0,0,Normal,0.12187529037940215
2020-12-12 10:00:00,2.29,95.4,972.15,1.97,0.0,0,Normal,0.12255583477757181
2020-12-12 10:10:00,2.39,94.8,972.26,2.22,0.0,0,Normal,0.125565137630526
2020-12-12 10:20:00,2.52,94.8,972.38,1.9,0.0,0,Normal,0.12894947038365606
2020-12-12 10:30:00,2.68,93.9,972.48,1.91,0.0,0,Normal,0.137872098228136
2020-12-12 10:40:00,2.88,93.3,972.56,1.72,0.0,0,Normal,0.14039461422844074
2020-12-12 10:50:00,3.08,92.4,972.64,1.67,0.0,0,Normal,0.14587830780663663
2020-12-12 11:00:00,3.16,92.6,972.68,1.73,0.0,0,Normal,0.14793975172385226
2020-12-12 11:10:00,3.31,92.7,972.74,1.51,0.0,0,Normal,0.14664416305778877
2020-12-12 11:20:00,3.5,91.9,972.75,2.32,0.0,0,Normal,0.14723960300219052
2020-12-12 11:30:00,3.64,91.5,972.75,2.32,0.0,0,Normal,0.14830234160898004
2020-12-12 11:40:00,3.81,90.8,972.79,2.33,0.0,0,Normal,0.1507492607705928
2020-12-12 11:50:00,3.96,90.5,972.88,2.09,0.0,0,Normal,0.1559677930565137
2020-12-12 12:00:00,4.05,89.9,972.89,1.97,0.0,0,Normal,0.1572549323039421
2020-12-12 12:10:00,4.14,89.7,972.92,2.0,0.0,0,Normal,0.15733193027671677
2020-12-12 12:20:00,4.28,89.1,972.97,2.05,0.0,0,Normal,0.16033191629756272
2020-12-12 12:30:00,4.41,88.3,972.89,2.22,0.0,0,Normal,0.16277236203426948
2020-12-12 12:40:00,4.43,86.9,972.86,2.82,0.0,0,Normal,0.16032863122334745
2020-12-12 12:50:00,4.51,85.7,972.89,2.91,0.0,0,Normal,0.16578161597583818
2020-12-12 13:00:00,4.59,84.6,972.98,2.6,0.0,0,Normal,0.16935660084570142
2020-12-12 13:10:00,4.5,84.9,973.02,3.63,0.0,0,Normal,0.1502149492915495
2020-12-12 13:20:00,4.37,85.5,973.16,3.52,0.0,0,Normal,0.14885891061850043
2020-12-12 13:30:00,4.43,86.0,973.26,2.34,0.0,0,Normal,0.17131333734808857
2020-12-12 13:40:00,4.53,86.1,973.34,2.34,0.0,0,Normal,0.17147161882592643
2020-12-12 13:50:00,4.55,85.7,973.42,2.45,0.0,0,Normal,0.17567001862494502
2020-12-12 14:00:00,4.56,85.2,973.46,2.33,0.0,0,Normal,0.17343445214594977
2020-12-12 14:10:00,4.55,84.3,973.47,3.09,0.0,0,Normal,0.16530453503352222
2020-12-12 14:20:00,4.57,84.3,973.53,2.8,0.0,0,Normal,0.17195517259133247
2020-12-12 14:30:00,4.59,84.5,973.6,2.72,0.0,0,Normal,0.17448889265530437
2020-12-12 14:40:00,4.59,84.4,973.7,2.75,0.0,0,Normal,0.17621827085697606
2020-12-12 14:50:00,4.61,84.6,973.78,2.66,0.0,0,Normal,0.17892850512176145
2020-12-12 15:00:00,4.62,84.7,973.93,2.5,0.0,0,Normal,0.1813610303599515
2020-12-12 15:10:00,4.64,84.6,974.04,2.46,0.0,0,Normal,0.18188759913964975
2020-12-12 15:20:00,4.64,84.6,974.1,2.77,0.0,0,Normal,0.17877269989644146
2020-12-12 15:30:00,4.58,84.8,974.21,3.1,0.0,0,Normal,0.1710957701702684
2020-12-12 15:40:00,4.5,85.0,974.31,2.78,0.0,0,Normal,0.1770661121145954
2020-12-12 15:50:00,4.48,85.4,974.45,2.18,0.0,0,Normal,0.1782947179757312
2020-12-12 16:00:00,4.47,85.5,974.59,2.4,0.0,0,Normal,0.17948585284434798
2020-12-12 16:10:00,4.45,85.8,974.72,1.9,0.0,0,Normal,0.1783408233351313
2020-12-12 16:20:00,4.42,86.1,974.86,1.97,0.0,0,Normal,0.1779768902511697
2020-12-12 16:30:00,4.35,86.2,974.96,2.14,0.0,0,Normal,0.17795897916298165
2020-12-12 16:40:00,4.3,86.2,975.09,2.18,0.0,0,Normal,0.17677213046659646
2020-12-12 16:50:00,4.27,86.7,975.24,1.66,0.0,0,Normal,0.1768027729179163
2020-12-12 17:00:00,4.27,86.8,975.39,1.63,0.0,0,Normal,0.1805410032572169
2020-12-12 17:10:00,4.22,86.5,975.45,1.98,0.0,0,Normal,0.18215154836851177
2020-12-12 17:20:00,4.21,86.7,975.56,1.68,0.0,0,Normal,0.18117280106534134
2020-12-12 17:30:00,4.21,87.4,975.64,1.53,0.0,0,Normal,0.17824477453548476
2020-12-12 17:40:00,4.2,87.6,975.71,1.77,0.0,0,Normal,0.17934146684679403
2020-12-12 17:50:00,4.19,87.9,975.84,1.48,0.0,0,Normal,0.17760572545179693
2020-12-12 18:00:00,4.15,88.3,975.9,1.72,0.0,0,Normal,0.17652568170252692
2020-12-12 18:10:00,4.07,89.0,976.03,1.62,0.0,0,Normal,0.17304466586981576
2020-12-12 18:20:00,3.94,90.0,976.09,2.14,0.0,0,Normal,0.17212778468750756
2020-12-12 18:30:00,3.87,91.2,976.15,1.64,0.0,0,Normal,0.16412632280735
2020-12-12 18:40:00,3.84,91.9,976.18,1.85,0.0,0,Normal,0.1660470925647683
2020-12-12 18:50:00,3.81,91.9,976.29,1.91,0.0,0,Normal,0.16897465381807242
2020-12-12 19:00:00,3.78,92.0,976.37,1.99,0.0,0,Normal,0.16899137976604017
2020-12-12 19:10:00,3.77,92.6,976.44,1.48,0.0,0,Normal,0.16700433698741624
2020-12-12 19:20:00,3.74,92.8,976.5,1.44,0.0,0,Normal,0.16556015806739893
2020-12-12 19:30:00,3.76,92.2,976.61,1.8,0.0,0,Normal,0.1693761037502714
2020-12-12 19:40:00,3.76,92.0,976.73,1.93,0.0,0,Normal,0.17402788312863937
2020-12-12 19:50:00,3.75,92.5,976.88,1.39,0.0,0,Normal,0.17028099133541974
2020-12-12 20:00:00,3.74,92.5,976.97,1.78,0.0,0,Normal,0.17273783314086677
2020-12-12 20:10:00,3.74,92.9,977.08,1.17,0.0,0,Normal,0.17177058239203558
2020-12-12 20:20:00,3.7,93.2,977.14,1.8,0.0,0,Normal,0.17130395585982228
2020-12-12 20:30:00,3.67,93.7,977.21,1.52,0.0,0,Normal,0.1665702809749185
2020-12-12 20:40:00,3.68,93.6,977.27,1.45,0.0,0,Normal,0.16809082007949505
2020-12-12 20:50:00,3.63,94.1,977.31,1.55,0.0,0,Normal,0.1644025984645937
2020-12-12 21:00:00,3.58,94.6,977.39,1.62,0.0,0,Normal,0.16132639342791338
2020-12-12 21:10:00,3.54,94.8,977.46,1.55,0.0,0,Normal,0.1608018144989935
2020-12-12 21:20:00,3.55,94.8,977.56,1.44,0.0,0,Normal,0.16118455217182032
2020-12-12 21:30:00,3.59,94.5,977.7,1.25,0.0,0,Normal,0.1621445036102614
2020-12-12 21:40:00,3.67,94.1,977.81,1.22,0.0,0,Normal,0.16750549795158104
2020-12-12 21:50:00,3.69,94.3,977.86,1.32,0.0,0,Normal,0.16746372800941456
2020-12-12 22:00:00,3.69,94.6,977.91,1.38,0.0,0,Normal,0.16581210865743556
2020-12-12 22:10:00,3.65,94.9,977.99,1.18,0.0,0,Normal,0.16470275108111027
2020-12-12 22:20:00,3.6,95.3,978.1,1.16,0.0,0,Normal,0.1652863763708472
2020-12-12 22:30:00,3.56,95.4,978.18,1.19,0.0,0,Normal,0.16466414014530162
2020-12-12 22:40:00,3.55,95.5,978.24,1.39,0.0,0,Normal,0.16494652696663487
2020-12-12 22:50:00,3.59,95.5,978.4,1.18,0.0,0,Normal,0.16606765256332912
2020-12-12 23:00:00,3.57,95.5,978.55,1.21,0.0,0,Normal,0.16606765256332912
2020-12-12 23:10:00,3.61,95.5,978.59,1.33,0.0,0,Normal,0.1664708570790212
2020-12-12 23:20:00,3.63,95.5,978.66,1.75,0.0,0,Normal,0.16781646289906527
2020-12-12 23:30:00,3.57,96.0,978.71,1.82,0.0,0,Normal,0.16802448464808345
2020-12-12 23:40:00,3.59,96.1,978.77,1.79,0.0,0,Normal,0.16726859635025026
2020-12-12 23:50:00,3.57,96.0,978.83,1.44,0.0,0,Normal,0.16812301502176769
2020-12-13 00:00:00,3.52,96.4,978.92,1.18,0.0,0,Normal,0.1660315607513725
2020-12-13 00:10:00,3.54,96.5,979.07,1.09,0.0,0,Normal,0.16317049902768116
2020-12-13 00:20:00,3.57,96.5,979.06,1.11,0.0,0,Normal,0.16317049902768116
2020-12-13 00:30:00,3.54,96.5,979.16,1.26,0.0,0,Normal,0.16698821366969724
2020-12-13 00:40:00,3.5,96.6,979.21,0.98,0.0,0,Normal,0.16080967047509664
2020-12-13 00:50:00,3.6,96.2,979.23,0.48,0.0,0,Normal,0.15894049798724957
2020-12-13 01:00:00,3.61,96.0,979.33,0.82,0.0,0,Normal,0.1657984373701824
2020-12-13 01:10:00,3.55,96.2,979.34,0.98,0.0,0,Normal,0.16491278619204364
2020-12-13 01:20:00,3.5,96.3,979.37,0.88,0.0,0,Normal,0.1635809624883734
2020-12-13 01:30:00,3.44,96.7,979.43,1.13,0.0,0,Normal,0.16377272244687824
2020-12-13 01:40:00,3.43,96.7,979.57,0.76,0.0,0,Normal,0.15993807577879549
2020-12-13 01:50:00,3.44,96.7,979.64,0.87,0.0,0,Normal,0.16129207227795012
2020-12-13 02:00:00,3.49,96.3,979.79,0.53,0.0,0,Normal,0.16126905628988591
2020-12-13 02:10:00,3.52,96.1,979.89,0.68,0.0,0,Normal,0.16605976418403212
2020-12-13 02:20:00,3.46,96.4,979.97,1.1,0.0,0,Normal,0.16686391909333448
2020-12-13 02:30:00,3.41,97.0,980.1,1.01,0.0,0,Normal,0.16155626789249977
2020-12-13 02:40:00,3.41,96.7,980.22,0.96,0.0,0,Normal,0.16353370425837083
2020-12-13 02:50:00,3.4,96.5,980.3,0.96,0.0,0,Normal,0.16435703651780403
2020-12-13 03:00:00,3.36,97.4,980.34,0.92,0.0,0,Normal,0.1600234831470853
2020-12-13 03:10:00,3.31,97.4,980.41,1.46,0.0,0,Normal,0.16481320206901479
2020-12-13 03:20:00,3.28,97.8,980.45,1.46,0.0,0,Normal,0.16486980105136562
2020-12-13 03:30:00,3.29,97.6,980.5,1.14,0.0,0,Normal,0.16370847663481664
2020-12-13 03:40:00,3.27,97.6,980.57,1.24,0.0,0,Normal,0.16525486437271408
2020-12-13 03:50:00,3.28,97.7,980.63,1.22,0.0,0,Normal,0.16389257887323805
2020-12-13 04:00:00,3.25,97.9,980.69,1.06,0.0,0,Normal,0.1606394980938205
2020-12-13 04:10:00,3.24,98.2,980.77,1.14,0.0,0,Normal,0.16036538217762275
2020-12-13 04:20:00,3.22,98.4,980.82,1.37,0.0,0,Normal,0.16200006015480461
2020-12-13 04:30:00,3.2,98.8,980.9,1.08,0.0,0,Normal,0.15722756509060593
2020-12-13 04:40:00,3.18,98.8,981.04,1.08,0.0,0,Normal,0.15855487796530077
2020-12-13 04:50:00,3.22,98.9,981.12,1.01,0.0,0,Normal,0.1565040701234155
2020-12-13 05:00:00,3.29,98.7,981.17,1.13,0.0,0,Normal,0.1616383591431983
2020-12-13 05:10:00,3.33,98.2,981.27,1.48,0.0,0,Normal,0.1628379074435089
2020-12-13 05:20:00,3.37,98.0,981.26,1.38,0.0,0,Normal,0.16541563097835577
2020-12-13 05:30:00,3.47,97.4,981.31,1.21,0.0,0,Normal,0.16716874882293598
2020-12-13 05:40:00,3.53,97.0,981.37,0.89,0.0,0,Normal,0.1662232579573512
2020-12-13 05:50:00,3.58,96.8,981.42,1.35,0.0,0,Normal,0.17313189826651454
2020-12-13 06:00:00,3.56,97.3,981.51,0.95,0.0,0,Normal,0.16791420746105018
2020-12-13 06:10:00,3.53,97.5,981.58,0.92,0.0,0,Normal,0.16757389241068987
2020-12-13 06:20:00,3.54,97.4,981.63,1.23,0.0,0,Normal,0.17326579319934826
2020-12-13 06:30:00,3.56,97.3,981.85,0.81,0.0,0,Normal,0.17160692426730112
2020-12-13 06:40:00,3.59,97.2,981.97,1.04,0.0,0,Normal,0.17176842930876574
2020-12-13 06:50:00,3.72,96.5,982.05,0.72,0.0,0,Normal,0.17565240198272258
2020-12-13 07:00:00,3.65,97.2,982.09,0.98,0.0,0,Normal,0.1714707636552001
2020-12-13 07:10:00,3.77,96.8,982.19,0.53,0.0,0,Normal,0.17150587492099678
2020-12-13 07:20:00,3.81,96.4,982.24,0.7,0.0,0,Normal,0.17737234642433275
2020-12-13 07:30:00,3.7,97.5,982.35,0.69,0.0,0,Normal,0.1730728480668528
2020-12-13 07:40:00,3.72,98.0,982.45,0.69,0.0,0,Normal,0.17082456281563319
2020-12-13 07:50:00,3.71,98.2,982.52,0.79,0.0,0,Normal,0.16988271942341143
2020-12-13 08:00:00,3.61,98.7,982.62,0.64,0.0,0,Normal,0.16517807650456368
2020-12-13 08:10:00,3.6,98.5,982.76,0.69,0.0,0,Normal,0.17047131699976492
2020-12-13 08:20:00,3.68,98.3,982.94,0.95,0.0,0,Normal,0.17384068268538538
2020-12-13 08:30:00,3.7,98.1,983.03,0.84,0.0,0,Normal,0.17493263612950966
2020-12-13 08:40:00,3.73,98.3,983.09,0.87,0.0,0,Normal,0.17371196030808567
2020-12-13 08:50:00,3.91,98.1,983.18,0.29,0.0,0,Normal,0.15448313411277226
2020-12-13 09:00:00,4.01,97.4,983.28,0.53,0.0,0,Normal,0.17423008830698594
2020-12-13 09:10:00,3.92,97.9,983.35,0.69,0.0,0,Normal,0.17759889683779412
2020-12-13 09:20:00,3.89,98.2,983.48,1.06,0.0,0,Normal,0.1757929477169335
2020-12-13 09:30:00,3.88,98.5,983.57,0.91,0.0,0,Normal,0.1739955642463371
2020-12-13 09:40:00,3.97,98.1,983.65,0.89,0.0,0,Normal,0.17520065798160728
2020-12-13 09:50:00,4.05,97.6,983.74,0.75,0.0,0,Normal,0.1800643775266788
2020-12-13 10:00:00,4.2,97.0,983.84,0.59,0.0,0,Normal,0.18038565374459758
2020-12-13 10:10:00,4.36,96.6,983.97,0.97,0.0,0,Normal,0.183563058241907
2020-12-13 10:20:00,4.31,97.0,984.12,1.16,0.0,0,Normal,0.1855440315911
2020-12-13 10:30:00,4.49,97.0,984.2,0.88,0.0,0,Normal,0.1830759983813588
2020-12-13 10:40:00,4.68,96.1,984.33,1.01,0.0,0,Normal,0.19252201494337834
2020-12-13 10:50:00,4.86,95.4,984.4,1.03,0.0,0,Normal,0.19467000781574928
2020-12-13 11:00:00,4.86,94.9,984.45,1.6,0.0,0,Normal,0.19604990708263004
2020-12-13 11:10:00,4.94,95.1,984.51,1.65,0.0,0,Normal,0.19631282086989565
2020-12-13 11:20:00,5.1,94.6,984.53,1.33,0.0,0,Normal,0.20031650664749934
2020-12-13 11:30:00,5.34,93.8,984.53,1.1,0.0,0,Normal,0.20365836567317425
2020-12-13 11:40:00,5.51,93.3,984.56,1.04,0.0,0,Normal,0.2062762605297226
2020-12-13 11:50:00,5.59,93.5,984.53,1.23,0.0,0,Normal,0.2072072806587682
2020-12-13 12:00:00,5.76,92.8,984.58,1.12,0.0,0,Normal,0.20947103434458164
2020-12-13 12:10:00,5.91,92.4,984.6,0.87,0.0,0,Normal,0.2060840900240707
2020-12-13 12:20:00,6.13,91.7,984.63,0.48,0.0,0,Normal,0.19918714398898757
2020-12-13 12:30:00,6.32,90.6,984.64,1.11,0.0,0,Normal,0.21423603075476216
2020-12-13 12:40:00,6.33,90.7,984.66,1.13,0.0,0,Normal,0.21513485867225413
2020-12-13 12:50:00,6.48,90.4,984.68,1.07,0.0,0,Normal,0.2158196508934187
2020-12-13 13:00:00,6.53,90.3,984.69,1.11,0.0,0,Normal,0.21706554729556293
2020-12-13 13:10:00,6.57,90.1,984.74,1.23,0.0,0,Normal,0.22194584078690716
2020-12-13 13:20:00,6.66,89.7,984.79,1.11,0.0,0,Normal,0.21901029344910183
2020-12-13 13:30:00,6.72,89.5,984.87,1.19,0.0,0,Normal,0.22269808396156915
2020-12-13 13:40:00,6.79,89.3,984.86,1.24,0.0,0,Normal,0.2249000699274079
2020-12-13 13:50:00,6.8,89.3,984.87,1.4,0.0,0,Normal,0.2245669327191538
2020-12-13 14:00:00,6.91,89.2,984.83,1.01,0.0,0,Normal,0.22023372782412848
2020-12-13 14:10:00,7.0,88.7,984.88,0.93,0.0,0,Normal,0.2221046371117148
2020-12-13 14:20:00,6.99,88.5,984.89,1.14,0.0,0,Normal,0.22324431604850076
2020-12-13 14:30:00,6.95,88.9,984.84,1.19,0.0,0,Normal,0.2225224107329904
2020-12-13 14:40:00,6.94,88.9,984.96,1.38,0.0,0,Normal,0.22484369077272948
2020-12-13 14:50:00,6.88,89.3,985.08,1.52,0.0,0,Normal,0.2230801271890528
2020-12-13 15:00:00,6.83,89.6,985.2,1.79,0.0,0,Normal,0.22312254576235085
2020-12-13 15:10:00,6.83,90.0,985.29,0.96,0.0,0,Normal,0.2207269687844774
2020-12-13 15:20:00,6.91,89.8,985.45,0.4,0.0,0,Normal,0.2016879454765398
2020-12-13 15:30:00,6.94,89.7,985.59,0.97,0.0,0,Normal,0.2215776161720846
2020-12-13 15:40:00,6.86,90.6,985.66,0.7,0.0,0,Normal,0.21601364986017169
2020-12-13 15:50:00,6.8,90.7,985.65,1.11,0.0,0,Normal,0.22197777944344022
2020-12-13 16:00:00,6.66,91.6,985.73,0.75,0.0,0,Normal,0.2131755106244264
2020-12-13 16:10:00,6.72,91.3,985.88,0.32,0.0,0,Normal,0.1938041381031102
2020-12-13 16:20:00,6.78,91.4,986.03,0.41,0.0,0,Normal,0.20032977700246513
2020-12-13 16:30:00,6.8,91.4,986.11,0.42,0.0,0,Normal,0.20163121121302963
2020-12-13 16:40:00,6.7,91.9,986.16,0.71,0.0,0,Normal,0.2143866309350071
2020-12-13 16:50:00,6.57,92.7,986.26,0.61,0.0,0,Normal,0.21300908229928162
2020-12-13 17:00:00,6.55,92.7,986.28,0.49,0.0,0,Normal,0.20873945491823703
2020-12-13 17:10:00,6.53,92.6,986.32,0.35,0.0,0,Normal,0.1934613027885963
2020-12-13 17:20:00,6.41,93.1,986.42,0.44,0.0,0,Normal,0.20227946513050465
2020-12-13 17:30:00,6.45,93.2,986.47,0.41,0.0,0,Normal,0.19693314143975277
2020-12-13 17:40:00,6.37,93.5,986.46,0.84,0.0,0,Normal,0.21165556722461631
2020-12-13 17:50:00,6.18,94.6,986.58,0.92,0.0,0,Normal,0.20656770880492265
2020-12-13 18:00:00,6.0,95.2,986.65,2.25,0.0,0,Normal,0.20080846185788898
2020-12-13 18:10:00,5.88,95.7,986.69,1.43,0.0,0,Normal,0.20535249650977266
2020-12-13 18:20:00,5.92,95.2,986.75,1.03,0.0,0,Normal,0.20568891828068853
2020-12-13 18:30:00,5.85,95.1,986.87,0.98,0.0,0,Normal,0.20651694463941367
2020-12-13 18:40:00,5.75,95.6,986.89,1.26,0.0,0,Normal,0.20860251835154064
2020-12-13 18:50:00,5.66,96.0,986.93,0.99,0.0,0,Normal,0.20413409619556883
2020-12-13 19:00:00,5.41,97.0,986.96,1.02,0.0,0,Normal,0.19789078766746648
2020-12-13 19:10:00,5.23,98.0,986.98,1.46,0.0,0,Normal,0.19323013213058138
2020-12-13 19:20:00,5.28,98.1,987.07,0.92,0.0,0,Normal,0.19146246408349604
2020-12-13 19:30:00,5.22,97.5,987.12,1.16,0.0,0,Normal,0.19603446302333333
2020-12-13 19:40:00,5.12,98.4,987.15,0.9,0.0,0,Normal,0.19062234160129354
2020-12-13 19:50:00,4.92,98.9,987.25,0.67,0.0,0,Normal,0.18757124542720793
2020-12-13 20:00:00,4.77,99.9,987.25,0.9,0.0,0,Normal,0.1858004613270423
2020-12-13 20:10:00,4.72,100.0,987.37,1.71,0.0,0,Normal,0.1858085812501451
2020-12-13 20:20:00,4.81,99.8,987.38,1.22,0.0,0,Normal,0.19063353768135693
2020-12-13 20:30:00,4.83,99.3,987.42,1.05,0.0,0,Normal,0.1907624493506857
2020-12-13 20:40:00,4.66,99.4,987.54,1.42,0.0,0,Normal,0.18967640082180787
2020-12-13 20:50:00,4.63,99.8,987.64,1.32,0.0,0,Normal,0.1902542972674537
2020-12-13 21:00:00,4.66,99.4,987.75,1.21,0.0,0,Normal,0.1889762675918103
2020-12-13 21:10:00,4.33,99.0,987.81,1.05,0.0,0,Normal,0.18774120050833987
2020-12-13 21:20:00,4.06,99.7,987.84,0.65,0.0,0,Normal,0.1820495324927035
2020-12-13 21:30:00,3.93,100.0,987.83,0.89,0.0,0,Normal,0.18348374749958357
2020-12-13 21:40:00,4.03,100.0,987.83,0.72,0.0,0,Normal,0.1846054209362903
2020-12-13 21:50:00,4.04,100.0,987.83,0.8,0.0,0,Normal,0.1841924537340605
2020-12-13 22:00:00,3.94,100.0,987.76,0.74,0.0,0,Normal,0.18457462903003852
2020-12-13 22:10:00,4.03,100.0,987.78,1.21,0.0,0,Normal,0.18364698474079338
2020-12-13 22:20:00,3.99,100.0,987.81,1.05,0.0,0,Normal,0.18447570368372995
2020-12-13 22:30:00,3.95,100.0,987.92,1.05,0.0,0,Normal,0.18447570368372995
2020-12-13 22:40:00,3.83,100.0,987.96,1.61,0.0,0,Normal,0.18349892815427316
2020-12-13 22:50:00,3.72,100.0,987.98,1.23,0.0,0,Normal,0.18606141913142749
2020-12-13 23:00:00,3.63,100.0,988.02,1.16,0.0,0,Normal,0.18359513753495343
2020-12-13 23:10:00,3.47,100.0,988.03,1.49,0.0,0,Normal,0.18235279544803162
2020-12-13 23:20:00,3.53,100.0,988.08,1.1,0.0,0,Normal,0.18397594039820714
2020-12-13 23:30:00,3.65,100.0,988.14,1.0,0.0,0,Normal,0.18392371823864562
2020-12-13 23:40:00,3.68,100.0,988.21,0.88,0.0,0,Normal,0.18354050537701694
2020-12-13 23:50:00,3.78,100.0,988.19,1.19,0.0,0,Normal,0.1840499469038951
2020-12-14 00:00:00,3.81,100.0,988.14,1.38,0.0,0,Normal,0.18678371859367904
2020-12-14 00:10:00,3.77,100.0,988.04,1.31,0.0,0,Normal,0.18585572988179921
2020-12-14 00:20:00,3.75,100.0,987.93,0.51,0.0,0,Normal,0.1778362935414825
2020-12-14 00:30:00,3.71,100.0,987.77,1.26,0.0,0,Normal,0.1855595425535987
2020-12-14 00:40:00,3.61,100.0,987.65,1.03,0.0,0,Normal,0.18252765266386228
2020-12-14 00:50:00,3.48,100.0,987.65,0.71,0.0,0,Normal,0.18112573523751296
2020-12-14 01:00:00,3.42,100.0,987.63,0.97,0.0,0,Normal,0.18006040572080395
2020-12-14 01:10:00,3.4,100.0,987.64,0.69,0.0,0,Normal,0.18067981536139316
2020-12-14 01:20:00,3.51,100.0,987.8,0.36,0.0,0,Normal,0.1615318246866725
2020-12-14 01:30:00,3.3,100.0,987.93,0.55,0.0,0,Normal,0.17524721198672533
2020-12-14 01:40:00,3.39,100.0,987.96,1.07,0.0,0,Normal,0.1818369931436436
2020-12-14 01:50:00,3.54,99.9,987.87,0.87,0.0,0,Normal,0.1833068830898466
2020-12-14 02:00:00,3.25,100.0,987.7,1.68,0.0,0,Normal,0.17885953992471704
2020-12-14 02:10:00,2.92,100.0,987.59,1.19,0.0,0,Normal,0.17934265388166776
2020-12-14 02:20:00,2.88,100.0,987.58,2.04,0.0,0,Normal,0.1763427268835902
2020-12-14 02:30:00,3.09,100.0,987.81,1.85,0.0,0,Normal,0.18047796803085053
2020-12-14 02:40:00,3.43,100.0,987.69,0.87,0.0,0,Normal,0.180582245500795
2020-12-14 02:50:00,3.39,100.0,987.73,1.28,0.0,0,Normal,0.1825520961553564
2020-12-14 03:00:00,3.51,99.8,987.84,1.52,0.0,0,Normal,0.18427410274274136
2020-12-14 03:10:00,3.78,98.6,987.74,1.83,0.0,0,Normal,0.18883896492473684
2020-12-14 03:20:00,3.69,98.8,987.75,1.61,0.0,0,Normal,0.1870390416774908
2020-12-14 03:30:00,3.54,99.5,987.67,1.13,0.0,0,Normal,0.18614449155762575
2020-12-14 03:40:00,3.38,99.7,987.45,0.77,0.0,0,Normal,0.18117742851427943
2020-12-14 03:50:00,3.09,100.0,987.44,0.65,0.0,0,Normal,0.17631079607304684
2020-12-14 04:00:00,2.89,100.0,987.26,0.89,0.0,0,Normal,0.1777352013285965
2020-12-14 04:10:00,2.7,100.0,987.06,1.21,0.0,0,Normal,0.17686323571407214
2020-12-14 04:20:00,2.68,100.0,987.02,1.36,0.0,0,Normal,0.1786688987269065
2020-12-14 04:30:00,2.67,100.0,987.0,0.95,0.0,0,Normal,0.1769940728743034
2020-12-14 04:40:00,2.74,100.0,987.0,1.52,0.0,0,Normal,0.17723126837408515
2020-12-14 04:50:00,2.82,100.0,986.96,1.86,0.0,0,Normal,0.17762363923026425
2020-12-14 05:00:00,3.03,100.0,986.96,2.19,0.0,0,Normal,0.17576211297074318
2020-12-14 05:10:00,3.13,100.0,986.82,2.01,0.0,0,Normal,0.1762997598424204
2020-12-14 05:20:00,3.03,100.0,986.73,2.53,0.0,0,Normal,0.1696558584904302
2020-12-14 05:30:00,3.13,100.0,986.83,2.96,0.0,0,Normal,0.1619347814978247
2020-12-14 05:40:00,3.18,100.0,986.83,3.21,0.0,0,Normal,0.15643406774149193
2020-12-14 05:50:00,2.96,100.0,986.91,3.17,0.0,0,Normal,0.1586851186891844
2020-12-14 06:00:00,2.84,100.0,986.79,2.75,0.0,0,Normal,0.1654725887836656
2020-12-14 06:10:00,2.86,100.0,986.8,2.71,0.0,0,Normal,0.16779026892950044
2020-12-14 06:20:00,2.9,100.0,986.88,2.74,0.0,0,Normal,0.1677582972406264
2020-12-14 06:30:00,2.89,100.0,986.95,2.69,0.0,0,Normal,0.1677582972406264
2020-12-14 06:40:00,3.07,99.1,986.93,2.45,0.0,0,Normal,0.1747377243132982
2020-12-14 06:50:00,3.08,98.6,986.84,2.78,0.0,0,Normal,0.17194252268151983
2020-12-14 07:00:00,2.89,99.1,986.85,2.72,0.0,0,Normal,0.1706628383341165
2020-12-14 07:10:00,2.88,99.1,986.88,2.58,0.0,0,Normal,0.17418715326850592
2020-12-14 07:20:00,2.93,98.9,986.86,2.83,0.0,0,Normal,0.16880865280780216
2020-12-14 07:30:00,2.92,98.7,986.81,2.76,0.0,0,Normal,0.17212691458238816
2020-12-14 07:40:00,2.87,98.6,986.71,2.66,0.0,0,Normal,0.17255206703683457
2020-12-14 07:50:00,2.97,98.1,986.76,2.78,0.0,0,Normal,0.17184812998212823
2020-12-14 08:00:00,3.09,97.1,986.75,3.12,0.0,0,Normal,0.16748578785735152
2020-12-14 08:10:00,3.01,97.3,986.72,3.06,0.0,0,Normal,0.16667399098545727
2020-12-14 08:20:00,3.12,97.1,986.77,3.11,0.0,0,Normal,0.16748578785735152
2020-12-14 08:30:00,3.49,95.6,986.81,3.41,0.0,0,Normal,0.17053724872123666
2020-12-14 08:40:00,3.74,94.3,986.87,3.29,0.0,0,Normal,0.17737682401779398
2020-12-14 08:50:00,3.96,93.1,986.97,3.33,0.0,0,Normal,0.18114508963375525
2020-12-14 09:00:00,4.19,92.1,987.0,3.87,0.0,0,Normal,0.17285439968083405
2020-12-14 09:10:00,4.39,91.7,987.09,3.92,0.0,0,Normal,0.17100392841846462
2020-12-14 09:20:00,4.59,91.2,987.15,3.34,0.0,0,Normal,0.18767288489025452
2020-12-14 09:30:00,4.75,90.6,987.16,3.5,0.0,0,Normal,0.18947125261564512
2020-12-14 09:40:00,4.78,90.7,987.19,2.93,0.0,0,Normal,0.2052314065422678
2020-12-14 09:50:00,4.93,90.3,987.33,2.97,0.0,0,Normal,0.20367499340275613
2020-12-14 10:00:00,5.27,88.9,987.38,2.98,0.0,0,Normal,0.20773452938182535
2020-12-14 10:10:00,5.53,87.8,987.42,3.73,0.0,0,Normal,0.19891381155755106
2020-12-14 10:20:00,5.82,86.3,987.48,3.81,0.0,0,Normal,0.1976561454644023
2020-12-14 10:30:00,6.03,84.9,987.46,4.03,0.0,0,Normal,0.19044115893634977
2020-12-14 10:40:00,6.28,83.5,987.43,4.57,0.0,0,Normal,0.18035103250381462
2020-12-14 10:50:00,6.5,82.7,987.41,3.88,0.0,0,Normal,0.20430960141897003
2020-12-14 11:00:00,6.69,81.3,987.38,4.48,0.0,0,Normal,0.18691408011576993
2020-12-14 11:10:00,6.77,80.9,987.35,4.31,0.0,0,Normal,0.1948073031845245
2020-12-14 11:20:00,6.84,80.6,987.3,4.27,0.0,0,Normal,0.19541947282142758
2020-12-14 11:30:00,6.93,80.2,987.35,3.76,0.0,0,Normal,0.21450688637476018
2020-12-14 11:40:00,7.0,79.47,987.31,4.89,0.0,0,Normal,0.17813888113273607
2020-12-14 11:50:00,7.15,78.33,987.26,5.26,0.0,0,Normal,0.175379719329271
2020-12-14 12:00:00,7.17,77.96,987.18,5.93,0.0,0,Normal,0.16089676296436978
2020-12-14 12:10:00,7.19,78.07,987.09,5.95,0.0,0,Normal,0.160551205710239
2020-12-14 12:20:00,7.35,77.48,986.97,6.34,0.0,0,Normal,0.1473670237322845
2020-12-14 12:30:00,7.41,77.14,986.93,6.15,0.0,0,Normal,0.15537574531942072
2020-12-14 12:40:00,7.51,76.84,986.84,5.98,0.0,0,Normal,0.16218255506544876
2020-12-14 12:50:00,7.64,76.4,986.76,5.18,0.0,0,Normal,0.1809752312030246
2020-12-14 13:00:00,7.78,76.03,986.65,4.76,0.0,0,Normal,0.19304648095303806
2020-12-14 13:10:00,7.87,75.25,986.6,4.67,0.0,0,Normal,0.19799909200469057
2020-12-14 13:20:00,8.29,73.06,986.77,2.82,0.0,0,Normal,0.23404495588281832
2020-12-14 13:30:00,8.48,71.25,986.78,4.37,0.0,0,Normal,0.20464854447370812
2020-12-14 13:40:00,8.31,72.0,986.72,3.56,0.0,0,Normal,0.2206719297607711
2020-12-14 13:50:00,8.26,73.19,986.63,4.08,0.0,0,Normal,0.21106343725429516
2020-12-14 14:00:00,8.1,73.48,986.67,3.93,0.0,0,Normal,0.21565749553705604
2020-12-14 14:10:00,8.06,72.71,986.76,4.26,0.0,0,Normal,0.20819263146572176
2020-12-14 14:20:00,8.1,72.98,986.71,3.43,0.0,0,Normal,0.22453254754477991
2020-12-14 14:30:00,8.22,72.55,986.64,4.03,0.0,0,Normal,0.21123717225231797
2020-12-14 14:40:00,8.34,72.5,986.62,3.57,0.0,0,Normal,0.2217957404068926
2020-12-14 14:50:00,8.08,73.51,986.68,3.42,0.0,0,Normal,0.22539552404482416
2020-12-14 15:00:00,7.72,75.12,986.68,3.13,0.0,0,Normal,0.2331428321750904
2020-12-14 15:10:00,7.35,76.29,986.62,3.76,0.0,0,Normal,0.22058695877794
2020-12-14 15:20:00,7.18,77.65,986.64,3.14,0.0,0,Normal,0.22871773957364772
2020-12-14 15:30:00,7.09,78.27,986.71,3.24,0.0,0,Normal,0.2258741982374668
2020-12-14 15:40:00,7.0,78.79,986.78,3.53,0.0,0,Normal,0.2200284839967498
2020-12-14 15:50:00,6.74,80.1,986.61,3.28,0.0,0,Normal,0.2205522389167312
2020-12-14 16:00:00,6.52,81.2,986.7,3.33,0.0,0,Normal,0.21764153791062724
2020-12-14 16:10:00,6.55,81.3,986.86,3.36,0.0,0,Normal,0.21722986348842238
2020-12-14 16:20:00,6.49,81.4,986.8,3.56,0.0,0,Normal,0.213283823372118
2020-12-14 16:30:00,6.43,81.6,986.7,3.49,0.0,0,Normal,0.21425704973541748
2020-12-14 16:40:00,6.33,82.3,986.69,2.84,0.0,0,Normal,0.22481963028254148
2020-12-14 16:50:00,6.17,83.1,986.7,3.01,0.0,0,Normal,0.2195879672112918
2020-12-14 17:00:00,6.02,83.7,986.75,2.97,0.0,0,Normal,0.22025972240828495
2020-12-14 17:10:00,5.89,84.0,986.76,3.0,0.0,0,Normal,0.2170142983519459
2020-12-14 17:20:00,5.79,84.1,986.72,3.18,0.0,0,Normal,0.21559993012162848
2020-12-14 17:30:00,5.68,84.1,986.69,3.52,0.0,0,Normal,0.20695169472805475
2020-12-14 17:40:00,5.57,84.0,986.67,3.76,0.0,0,Normal,0.20302503602910482
2020-12-14 17:50:00,5.45,84.3,986.61,4.07,0.0,0,Normal,0.19014962857054313
2020-12-14 18:00:00,5.35,84.6,986.51,4.42,0.0,0,Normal,0.17746810126712992
2020-12-14 18:10:00,5.29,84.8,986.45,4.02,0.0,0,Normal,0.18897635352838238
2020-12-14 18:20:00,5.26,84.8,986.43,4.05,0.0,0,Normal,0.18717332445732487
2020-12-14 18:30:00,5.16,85.4,986.53,3.47,0.0,0,Normal,0.204898144883348
2020-12-14 18:40:00,5.12,85.5,986.73,2.8,0.0,0,Normal,0.21938247850397635
2020-12-14 18:50:00,5.08,85.9,986.91,2.14,0.0,0,Normal,0.22594821918317226
2020-12-14 19:00:00,5.06,86.0,986.91,2.6,0.0,0,Normal,0.22115011358518166
2020-12-14 19:10:00,4.88,86.7,986.92,2.53,0.0,0,Normal,0.22014215118443725
2020-12-14 19:20:00,4.67,87.6,986.93,2.44,0.0,0,Normal,0.22050703190101567
2020-12-14 19:30:00,4.63,87.6,986.84,3.21,0.0,0,Normal,0.20924239836806396
2020-12-14 19:40:00,4.54,87.9,986.91,3.07,0.0,0,Normal,0.20817417300612057
2020-12-14 19:50:00,4.55,87.6,986.87,3.58,0.0,0,Normal,0.1959288455168985
2020-12-14 20:00:00,4.59,87.2,986.9,3.93,0.0,0,Normal,0.18641837998332905
2020-12-14 20:10:00,4.59,87.2,986.98,3.4,0.0,0,Normal,0.20126827927441315
2020-12-14 20:20:00,4.6,86.8,986.95,3.36,0.0,0,Normal,0.203367426308332
2020-12-14 20:30:00,4.6,86.6,987.05,2.94,0.0,0,Normal,0.2144901823052079
2020-12-14 20:40:00,4.45,87.0,987.05,2.8,0.0,0,Normal,0.21478358753342897
2020-12-14 20:50:00,4.52,86.0,986.98,3.71,0.0,0,Normal,0.198080254157168
2020-12-14 21:00:00,4.59,85.3,987.08,3.84,0.0,0,Normal,0.19472006131291597
2020-12-14 21:10:00,4.53,85.6,987.19,2.66,0.0,0,Normal,0.22145512432205455
2020-12-14 21:20:00,4.37,86.6,987.23,2.09,0.0,0,Normal,0.2231527269628783
2020-12-14 21:30:00,4.37,86.1,987.29,2.54,0.0,0,Normal,0.2187016286478538
2020-12-14 21:40:00,4.41,85.7,987.27,2.49,0.0,0,Normal,0.22328505475459715
2020-12-14 21:50:00,4.33,85.9,987.21,2.16,0.0,0,Normal,0.22339817545681306
2020-12-14 22:00:00,4.42,85.4,987.21,2.52,0.0,0,Normal,0.22182126414336972
2020-12-14 22:10:00,4.48,84.8,987.12,3.1,0.0,0,Normal,0.21214052986631754
2020-12-14 22:20:00,4.54,84.3,986.97,2.51,0.0,0,Normal,0.22391791979350623
2020-12-14 22:30:00,4.56,83.9,986.79,2.77,0.0,0,Normal,0.22242739816380597
2020-12-14 22:40:00,4.49,84.2,986.81,2.29,0.0,0,Normal,0.22602508258276277
2020-12-14 22:50:00,4.38,84.6,986.89,2.61,0.0,0,Normal,0.2196528521129052
2020-12-14 23:00:00,4.21,85.2,986.96,3.0,0.0,0,Normal,0.21031738053458848
2020-12-14 23:10:00,4.21,85.2,987.01,2.98,0.0,0,Normal,0.21169144929681083
2020-12-14 23:20:00,4.18,85.3,987.02,2.53,0.0,0,Normal,0.2200075089247137
2020-12-14 23:30:00,4.05,86.0,987.05,2.11,0.0,0,Normal,0.2236789302249843
2020-12-14 23:40:00,3.94,86.6,986.98,2.39,0.0,0,Normal,0.21921903406360532
2020-12-14 23:50:00,3.91,86.8,986.92,2.58,0.0,0,Normal,0.216689016219339
2020-12-15 00:00:00,3.99,86.3,986.84,3.02,0.0,0,Normal,0.20825982765027196
2020-12-15 00:10:00,4.06,85.9,986.72,2.58,0.0,0,Normal,0.21866289521950277
2020-12-15 00:20:00,4.08,85.7,986.66,2.64,0.0,0,Normal,0.21998115703908427
2020-12-15 00:30:00,4.17,85.0,986.58,3.19,0.0,0,Normal,0.20886742410877024
2020-12-15 00:40:00,4.23,84.4,986.46,3.11,0.0,0,Normal,0.21058951939443082
2020-12-15 00:50:00,4.3,84.1,986.35,1.94,0.0,0,Normal,0.22849179969799044
2020-12-15 01:00:00,4.29,84.2,986.35,2.27,0.0,0,Normal,0.2235562570424905
2020-12-15 01:10:00,4.16,85.1,986.26,2.18,0.0,0,Normal,0.2242378351262661
2020-12-15 01:20:00,4.05,85.7,986.15,1.58,0.0,0,Normal,0.22548783961811508
2020-12-15 01:30:00,4.11,85.3,986.08,1.31,0.0,0,Normal,0.22487437500969
2020-12-15 01:40:00,4.14,85.0,986.16,2.17,0.0,0,Normal,0.2237430010891608
2020-12-15 01:50:00,4.29,84.1,986.13,2.66,0.0,0,Normal,0.22003269972997858
2020-12-15 02:00:00,4.21,84.8,986.11,1.73,0.0,0,Normal,0.22486352944881338
2020-12-15 02:10:00,4.29,84.0,986.01,2.37,0.0,0,Normal,0.2240801146782216
2020-12-15 02:20:00,4.45,83.2,985.97,2.45,0.0,0,Normal,0.22684904116298044
2020-12-15 02:30:00,4.42,83.2,985.93,2.63,0.0,0,Normal,0.22407465845665164
2020-12-15 02:40:00,4.58,82.3,985.81,3.33,0.0,0,Normal,0.20806874050537927
2020-12-15 02:50:00,4.58,82.3,985.78,2.86,0.0,0,Normal,0.2203253846372641
2020-12-15 03:00:00,4.62,81.7,985.75,2.47,0.0,0,Normal,0.22461847770456966
2020-12-15 03:10:00,4.56,82.2,985.67,2.22,0.0,0,Normal,0.2265999776789765
2020-12-15 03:20:00,4.48,82.2,985.63,2.2,0.0,0,Normal,0.2265999776789765
2020-12-15 03:30:00,4.51,82.0,985.52,2.4,0.0,0,Normal,0.2248459947199402
2020-12-15 03:40:00,4.35,82.9,985.61,1.87,0.0,0,Normal,0.22833348535900794
2020-12-15 03:50:00,4.4,82.2,985.76,2.33,0.0,0,Normal,0.2244433445322367
2020-12-15 04:00:00,4.2,83.4,985.83,2.76,0.0,0,Normal,0.21948725495919208
2020-12-15 04:10:00,4.09,83.8,985.92,3.34,0.0,0,Normal,0.2043485670512002
2020-12-15 04:20:00,4.04,83.5,986.01,3.24,0.0,0,Normal,0.20889685854271212
2020-12-15 04:30:00,4.09,82.4,986.02,3.29,0.0,0,Normal,0.2069548610171908
2020-12-15 04:40:00,4.01,82.4,986.1,3.14,0.0,0,Normal,0.2089744716855464
2020-12-15 04:50:00,4.03,82.0,986.13,3.19,0.0,0,Normal,0.20817217907017826
2020-12-15 05:00:00,4.05,81.8,986.0,2.38,0.0,0,Normal,0.22450986892770736
2020-12-15 05:10:00,4.21,80.2,985.96,2.88,0.0,0,Normal,0.22268794541130082
2020-12-15 05:20:00,4.25,79.67,985.85,2.96,0.0,0,Normal,0.2192703695331381
2020-12-15 05:30:00,4.2,79.9,985.82,2.43,0.0,0,Normal,0.22819609132564478
2020-12-15 05:40:00,4.26,79.03,985.9,1.24,0.0,0,Normal,0.22968970430272528
2020-12-15 05:50:00,4.43,77.87,985.93,1.39,0.0,0,Normal,0.23409685731792157
2020-12-15 06:00:00,4.38,78.01,985.9,1.78,0.0,0,Normal,0.23134835299574613
2020-12-15 06:10:00,4.2,78.88,985.94,2.27,0.0,0,Normal,0.23065838226746999
2020-12-15 06:20:00,3.86,80.9,985.87,2.11,0.0,0,Normal,0.22945694544121942
2020-12-15 06:30:00,3.76,81.2,985.78,2.4,0.0,0,Normal,0.22444686602127012
2020-12-15 06:40:00,4.03,79.13,985.89,3.36,0.0,0,Normal,0.20675989055164212
2020-12-15 06:50:00,4.3,77.76,985.85,2.98,0.0,0,Normal,0.22100840143399458
2020-12-15 07:00:00,4.33,77.97,985.82,3.33,0.0,0,Normal,0.21163469328610857
2020-12-15 07:10:00,4.32,78.21,985.84,3.37,0.0,0,Normal,0.2110582426626595
2020-12-15 07:20:00,4.23,79.04,985.97,2.94,0.0,0,Normal,0.22018494990128196
2020-12-15 07:30:00,4.11,79.83,985.89,3.17,0.0,0,Normal,0.21409627252215346
2020-12-15 07:40:00,4.1,80.3,986.01,2.39,0.0,0,Normal,0.22968278055706298
2020-12-15 07:50:00,4.16,80.4,985.92,1.36,0.0,0,Normal,0.22997676412289464
2020-12-15 08:00:00,4.27,80.7,985.82,0.96,0.0,0,Normal,0.22320047931560266
2020-12-15 08:10:00,4.46,79.6,985.69,1.67,0.0,0,Normal,0.23074110739933318
2020-12-15 08:20:00,4.52,79.06,985.7,1.26,0.0,0,Normal,0.22944542954399916
2020-12-15 08:30:00,4.53,78.63,985.68,1.41,0.0,0,Normal,0.2323705040633176
2020-12-15 08:40:00,4.61,78.58,985.82,2.05,0.0,0,Normal,0.23452676940638756
2020-12-15 08:50:00,4.72,78.2,985.96,2.6,0.0,0,Normal,0.2295561892865775
2020-12-15 09:00:00,4.94,77.2,986.03,3.66,0.0,0,Normal,0.21602253518139802
2020-12-15 09:10:00,5.07,76.64,986.11,3.51,0.0,0,Normal,0.21710305199456192
2020-12-15 09:20:00,5.15,76.79,986.08,2.83,0.0,0,Normal,0.22967324055092697
2020-12-15 09:30:00,5.13,78.18,986.15,2.27,0.0,0,Normal,0.2330703288036166
2020-12-15 09:40:00,5.06,79.93,986.19,2.13,0.0,0,Normal,0.23397183536706112
2020-12-15 09:50:00,5.11,80.7,986.26,2.38,0.0,0,Normal,0.23068491763191468
2020-12-15 10:00:00,5.19,81.7,986.37,2.48,0.0,0,Normal,0.22679464178075892
2020-12-15 10:10:00,5.25,81.3,986.52,2.22,0.1,0,Normal,0.1421771808272559
2020-12-15 10:20:00,5.3,81.6,986.51,1.71,0.0,0,Normal,0.23195712654258166
2020-12-15 10:30:00,5.41,82.1,986.49,1.56,0.0,0,Normal,0.2317585649697626
2020-12-15 10:40:00,5.55,81.4,986.49,1.9,0.0,0,Normal,0.23466492402806743
2020-12-15 10:50:00,5.71,80.1,986.39,2.61,0.0,0,Normal,0.22938681380568732
2020-12-15 11:00:00,5.94,77.48,986.35,3.34,0.0,0,Normal,0.21651614428410365
2020-12-15 11:10:00,6.12,76.81,986.33,2.82,0.0,0,Normal,0.2292136580492829
2020-12-15 11:20:00,6.22,77.3,986.36,1.55,0.0,0,Normal,0.23613877526951155
2020-12-15 11:30:00,6.33,76.16,986.4,2.89,0.0,0,Normal,0.2301179549607097
2020-12-15 11:40:00,6.47,74.97,986.33,2.81,0.0,0,Normal,0.2344278890141997
2020-12-15 11:50:00,6.61,74.66,986.39,1.81,0.0,0,Normal,0.24247639948934246
2020-12-15 12:00:00,6.72,74.72,986.45,1.71,0.0,0,Normal,0.24193464193842373
2020-12-15 12:10:00,6.82,74.56,986.47,1.88,0.0,0,Normal,0.24288690008802621
2020-12-15 12:20:00,7.0,74.54,986.5,1.65,0.0,0,Normal,0.2422611118854765
2020-12-15 12:30:00,7.26,73.18,986.45,2.46,0.0,0,Normal,0.23899505618647487
2020-12-15 12:40:00,7.49,71.85,986.51,2.08,0.0,0,Normal,0.24193738413039306
2020-12-15 12:50:00,7.71,71.16,986.48,2.36,0.0,0,Normal,0.23922611581372694
2020-12-15 13:00:00,7.92,71.05,986.43,1.74,0.0,0,Normal,0.2438206549082279
2020-12-15 13:10:00,8.12,70.53,986.43,2.01,0.0,0,Normal,0.24208494444625406
2020-12-15 13:20:00,8.27,70.01,986.31,2.86,0.0,0,Normal,0.23274842197779505
2020-12-15 13:30:00,8.35,69.86,986.14,2.69,0.0,0,Normal,0.23493405540878887
2020-12-15 13:40:00,8.35,69.76,986.09,2.67,0.0,0,Normal,0.2343424138918837
2020-12-15 13:50:00,8.41,68.91,985.97,2.91,0.0,0,Normal,0.23157848944835563
2020-12-15 14:00:00,8.5,68.63,985.97,2.65,0.0,0,Normal,0.2354900979073235
2020-12-15 14:10:00,8.49,68.66,986.07,3.26,0.0,0,Normal,0.2257253997602537
2020-12-15 14:20:00,8.51,69.04,986.05,2.17,0.0,0,Normal,0.24001376622614085
2020-12-15 14:30:00,8.5,69.16,986.06,3.04,0.0,0,Normal,0.22686262390649264
2020-12-15 14:40:00,8.49,69.51,986.1,2.6,0.0,0,Normal,0.23437445932959033
2020-12-15 14:50:00,8.46,70.18,986.24,2.41,0.0,0,Normal,0.23661675483778494
2020-12-15 15:00:00,8.46,70.13,986.25,2.59,0.0,0,Normal,0.23491859662772518
2020-12-15 15:10:00,8.47,70.51,986.3,2.16,0.0,0,Normal,0.24012741232337975
2020-12-15 15:20:00,8.46,70.5,986.3,1.65,0.0,0,Normal,0.2402800223616393
2020-12-15 15:30:00,8.46,70.83,986.41,1.72,0.0,0,Normal,0.2406446453952676
2020-12-15 15:40:00,8.38,71.42,986.59,1.56,0.0,0,Normal,0.24221054335651443
2020-12-15 15:50:00,8.32,72.08,986.73,2.01,0.0,0,Normal,0.24193356937407473
2020-12-15 16:00:00,8.24,72.57,986.78,1.96,0.0,0,Normal,0.24370491713794473
2020-12-15 16:10:00,8.15,73.41,986.86,1.74,0.0,0,Normal,0.24548129685501363
2020-12-15 16:20:00,8.03,75.53,986.93,1.94,0.0,0,Normal,0.24466601206380834
2020-12-15 16:30:00,7.88,77.77,987.01,1.26,0.0,0,Normal,0.24046229428868937
2020-12-15 16:40:00,7.79,78.51,987.02,1.85,0.0,0,Normal,0.24253954736992317
2020-12-15 16:50:00,7.7,79.96,987.04,1.7,0.0,0,Normal,0.23957671282058374
2020-12-15 17:00:00,7.55,81.5,987.18,1.52,0.0,0,Normal,0.23729863699703596
2020-12-15 17:10:00,7.43,83.3,987.28,1.27,0.0,0,Normal,0.2398626520533697
2020-12-15 17:20:00,7.33,84.2,987.39,1.23,0.1,0,Normal,0.1492573761652794
2020-12-15 17:30:00,7.43,84.6,987.48,1.83,0.0,0,Normal,0.237473443845083
2020-12-15 17:40:00,7.31,86.5,987.5,1.79,0.1,0,Normal,0.14717260636005913
2020-12-15 17:50:00,7.26,87.0,987.6,2.16,0.0,0,Normal,0.23120149813595475
2020-12-15 18:00:00,7.1,88.4,987.66,2.11,0.1,0,Normal,0.14280113530621336
2020-12-15 18:10:00,6.88,89.6,987.62,2.04,0.1,0,Normal,0.143837128588035
2020-12-15 18:20:00,6.67,89.1,987.72,2.48,0.1,0,Normal,0.13735051370306545
2020-12-15 18:30:00,6.56,90.8,987.78,2.91,0.0,0,Normal,0.21296253565560797
2020-12-15 18:40:00,6.42,90.5,987.74,2.78,0.0,0,Normal,0.21472595074690765
2020-12-15 18:50:00,6.51,89.1,987.8,1.34,0.0,0,Normal,0.22922280802395628
2020-12-15 19:00:00,6.56,87.9,987.9,1.99,0.0,0,Normal,0.23149621674932463
2020-12-15 19:10:00,6.61,88.4,988.06,1.36,0.0,0,Normal,0.2307932464830844
2020-12-15 19:20:00,6.41,89.8,988.12,1.88,0.0,0,Normal,0.22640793919428726
2020-12-15 19:30:00,6.27,90.9,988.28,0.9,0.0,0,Normal,0.22439932223287723
2020-12-15 19:40:00,6.32,90.1,988.57,1.37,0.0,0,Normal,0.2275465111997068
2020-12-15 19:50:00,6.4,89.2,988.76,2.03,0.0,0,Normal,0.22761345173903208
2020-12-15 20:00:00,6.39,90.1,988.86,1.96,0.0,0,Normal,0.22700096708245915
2020-12-15 20:10:00,6.26,91.6,988.95,1.63,0.0,0,Normal,0.21939421017010724
2020-12-15 20:20:00,6.13,92.8,989.0,2.11,0.0,0,Normal,0.21598305102169518
2020-12-15 20:30:00,6.09,93.9,989.03,1.94,0.0,0,Normal,0.21562850764003333
2020-12-15 20:40:00,6.18,92.8,989.1,2.13,0.0,0,Normal,0.21585652562685603
2020-12-15 20:50:00,6.2,93.0,989.13,2.17,0.0,0,Normal,0.21419601006454597
2020-12-15 21:00:00,6.22,92.7,989.19,2.29,0.0,0,Normal,0.2142938991045285
2020-12-15 21:10:00,6.2,93.0,989.17,1.84,0.0,0,Normal,0.2187643687193343
2020-12-15 21:20:00,6.2,93.5,989.19,2.45,0.0,0,Normal,0.21014863798515082
2020-12-15 21:30:00,6.31,94.2,989.18,1.8,0.0,0,Normal,0.21363388601521943
2020-12-15 21:40:00,6.38,94.1,989.33,1.42,0.0,0,Normal,0.21785437768500443
2020-12-15 21:50:00,6.41,93.4,989.39,2.28,0.0,0,Normal,0.2139630381744359
2020-12-15 22:00:00,6.39,93.1,989.36,2.69,0.0,0,Normal,0.21064994633523776
2020-12-15 22:10:00,6.48,92.4,989.32,2.73,0.0,0,Normal,0.2116469311494399
2020-12-15 22:20:00,6.5,92.6,989.42,1.93,0.0,0,Normal,0.2240676403481756
2020-12-15 22:30:00,6.55,92.5,989.47,1.76,0.0,0,Normal,0.22389213851053663
2020-12-15 22:40:00,6.62,92.3,989.54,1.79,0.0,0,Normal,0.22357745713824273
2020-12-15 22:50:00,6.77,92.5,989.71,1.41,0.0,0,Normal,0.22673117374759416
2020-12-15 23:00:00,6.9,92.5,989.76,1.83,0.0,0,Normal,0.2251416158142724
2020-12-15 23:10:00,6.94,92.5,989.8,1.02,0.0,0,Normal,0.22483973303685173
2020-12-15 23:20:00,6.99,91.5,989.93,1.52,0.0,0,Normal,0.22689349047589846
2020-12-15 23:30:00,6.91,91.8,990.01,1.65,0.0,0,Normal,0.22425366271087427
2020-12-15 23:40:00,6.98,91.9,990.11,1.37,0.0,0,Normal,0.22674121630183225
2020-12-15 23:50:00,6.95,92.1,990.19,0.89,0.0,0,Normal,0.22337112091772687
2020-12-16 00:00:00,6.91,92.1,990.37,1.7,0.0,0,Normal,0.22444191220512077
2020-12-16 00:10:00,6.94,91.8,990.5,1.88,0.0,0,Normal,0.2255099867931012
2020-12-16 00:20:00,6.98,91.9,990.46,1.7,0.0,0,Normal,0.2248685735735852
2020-12-16 00:30:00,7.03,91.8,990.5,0.92,0.0,0,Normal,0.2224200926747979
2020-12-16 00:40:00,7.03,91.9,990.6,1.57,0.0,0,Normal,0.2256213998746982
2020-12-16 00:50:00,6.98,92.3,990.64,1.13,0.0,0,Normal,0.2244362491288176
2020-12-16 01:00:00,6.98,92.5,990.69,1.1,0.0,0,Normal,0.22481306773486548
2020-12-16 01:10:00,6.91,92.8,990.73,1.18,0.0,0,Normal,0.22477124205676657
2020-12-16 01:20:00,6.79,93.6,990.74,0.83,0.0,0,Normal,0.2198665095078174
2020-12-16 01:30:00,6.78,93.8,990.8,1.13,0.0,0,Normal,0.22347377415607217
2020-12-16 01:40:00,6.88,93.3,990.82,1.16,0.0,0,Normal,0.22341287316824537
2020-12-16 01:50:00,6.81,93.9,990.86,1.55,0.0,0,Normal,0.2220467501727088
2020-12-16 02:00:00,6.74,94.5,991.02,1.83,0.0,0,Normal,0.21820544881737064
2020-12-16 02:10:00,6.67,95.0,991.12,2.03,0.0,0,Normal,0.21576979284654707
2020-12-16 02:20:00,6.62,95.3,991.24,2.16,0.0,0,Normal,0.21334094218085103
2020-12-16 02:30:00,6.61,95.5,991.24,2.27,0.0,0,Normal,0.21023880050479604
2020-12-16 02:40:00,6.6,95.5,991.29,2.1,0.0,0,Normal,0.21462508242186917
2020-12-16 02:50:00,6.63,95.4,991.36,1.54,0.0,0,Normal,0.21600510171352233
2020-12-16 03:00:00,6.63,95.3,991.43,1.23,0.0,0,Normal,0.21991769453432986
2020-12-16 03:10:00,6.62,95.3,991.55,0.72,0.0,0,Normal,0.21715020531328644
2020-12-16 03:20:00,6.69,94.8,991.63,0.56,0.0,0,Normal,0.2139876751168882
2020-12-16 03:30:00,6.71,94.4,991.69,1.31,0.0,0,Normal,0.22095225795959583
2020-12-16 03:40:00,6.68,94.5,991.66,1.48,0.0,0,Normal,0.21760223991401328
2020-12-16 03:50:00,6.78,94.2,991.66,1.69,0.0,0,Normal,0.21868575952294633
2020-12-16 04:00:00,6.73,94.5,991.68,1.02,0.0,0,Normal,0.21856276771914146
2020-12-16 04:10:00,6.73,94.5,991.7,1.26,0.0,0,Normal,0.2203961048659963
2020-12-16 04:20:00,6.83,94.2,991.76,0.42,0.0,0,Normal,0.20579302930040289
2020-12-16 04:30:00,6.87,93.8,991.85,0.89,0.0,0,Normal,0.22241762832600565
2020-12-16 04:40:00,6.81,94.1,991.93,1.05,0.0,0,Normal,0.22255469272956296
2020-12-16 04:50:00,6.71,94.5,991.94,0.92,0.0,0,Normal,0.2177274493675358
2020-12-16 05:00:00,6.82,93.9,991.96,0.45,0.0,0,Normal,0.2122509338431504
2020-12-16 05:10:00,6.86,93.8,992.08,1.23,0.0,0,Normal,0.2253634336175579
2020-12-16 05:20:00,6.81,94.3,992.19,0.6,0.0,0,Normal,0.21545639260531152
2020-12-16 05:30:00,6.71,95.1,992.21,1.27,0.0,0,Normal,0.2192109979648721
2020-12-16 05:40:00,6.62,96.0,992.28,1.34,0.0,0,Normal,0.21713118390492264
2020-12-16 05:50:00,6.64,95.8,992.33,0.9,0.0,0,Normal,0.2159473833092997
2020-12-16 06:00:00,6.63,95.8,992.33,0.91,0.0,0,Normal,0.2159473833092997
2020-12-16 06:10:00,6.6,95.7,992.37,1.06,0.0,0,Normal,0.2162464628705607
2020-12-16 06:20:00,6.61,95.9,992.43,1.04,0.0,0,Normal,0.21605758180982165
2020-12-16 06:30:00,6.6,95.7,992.43,1.19,0.0,0,Normal,0.21661575362319835
2020-12-16 06:40:00,6.57,95.7,992.49,1.11,0.0,0,Normal,0.21616610791165503
2020-12-16 06:50:00,6.6,95.5,992.55,0.8,0.0,0,Normal,0.2163409893031134
2020-12-16 07:00:00,6.63,95.4,992.6,0.96,0.0,0,Normal,0.21655122696815837
2020-12-16 07:10:00,6.6,96.1,992.69,1.56,0.0,0,Normal,0.21522161876661322
2020-12-16 07:20:00,6.57,96.3,992.78,1.0,0.0,0,Normal,0.21202579287711615
2020-12-16 07:30:00,6.52,96.2,992.82,0.79,0.0,0,Normal,0.2127951347062727
2020-12-16 07:40:00,6.45,96.7,992.88,0.91,0.0,0,Normal,0.20916996946532274
2020-12-16 07:50:00,6.35,97.2,992.92,0.69,0.0,0,Normal,0.2038280705073791
2020-12-16 08:00:00,6.36,97.1,992.94,0.89,0.0,0,Normal,0.205229342527324
2020-12-16 08:10:00,6.31,97.2,992.98,1.24,0.0,0,Normal,0.20819707738406945
2020-12-16 08:20:00,6.28,97.1,993.07,1.07,0.0,0,Normal,0.20511225952670914
2020-12-16 08:30:00,6.26,97.2,993.14,1.33,0.0,0,Normal,0.2067711850523003
2020-12-16 08:40:00,6.27,97.0,993.16,1.76,0.0,0,Normal,0.20201385448587234
2020-12-16 08:50:00,6.32,96.5,993.18,1.58,0.0,0,Normal,0.20572830873437825
2020-12-16 09:00:00,6.31,96.5,993.21,0.97,0.0,0,Normal,0.20675633063413112
2020-12-16 09:10:00,6.36,96.3,993.19,0.48,0.0,0,Normal,0.20044098303638258
2020-12-16 09:20:00,6.44,96.2,993.23,0.68,0.0,0,Normal,0.21042358315855553
2020-12-16 09:30:00,6.61,95.1,993.24,0.94,0.0,0,Normal,0.21622383422593927
2020-12-16 09:40:00,6.73,94.2,993.27,0.92,0.0,0,Normal,0.21824059223281694
2020-12-16 09:50:00,6.72,93.6,993.38,0.86,0.0,0,Normal,0.22108821792090505
2020-12-16 10:00:00,6.68,93.9,993.43,0.73,0.0,0,Normal,0.21949840555527184
2020-12-16 10:10:00,6.49,94.8,993.47,0.86,0.0,0,Normal,0.21526780361487874
2020-12-16 10:20:00,6.26,96.9,993.5,1.07,0.0,0,Normal,0.20413932870523854
2020-12-16 10:30:00,6.34,97.1,993.55,1.0,0.0,0,Normal,0.204160801998314
2020-12-16 10:40:00,6.74,95.7,993.47,0.76,0.0,0,Normal,0.21466038532529452
2020-12-16 10:50:00,7.15,93.2,993.38,0.77,0.0,0,Normal,0.22210258129944715
2020-12-16 11:00:00,7.22,92.8,993.32,1.06,0.0,0,Normal,0.2252026977285968
2020-12-16 11:10:00,7.01,93.8,993.23,1.32,0.0,0,Normal,0.22378496640775664
2020-12-16 11:20:00,7.15,93.8,993.15,1.68,0.0,0,Normal,0.22147290061702135
2020-12-16 11:30:00,7.4,92.9,993.14,1.82,0.0,0,Normal,0.2231278929584205
2020-12-16 11:40:00,7.85,90.7,993.05,1.07,0.0,0,Normal,0.2270196474355462
2020-12-16 11:50:00,8.21,89.2,993.02,1.72,0.0,0,Normal,0.23172233805514914
2020-12-16 12:00:00,8.55,87.3,992.96,1.41,0.0,0,Normal,0.23675499911333564
2020-12-16 12:10:00,8.97,85.8,992.85,1.62,0.0,0,Normal,0.2384943235139934
2020-12-16 12:20:00,9.57,83.2,992.81,1.44,0.0,0,Normal,0.24198994274884394
2020-12-16 12:30:00,9.88,82.0,992.78,1.49,0.0,0,Normal,0.24092196164728424
2020-12-16 12:40:00,10.46,79.5,992.8,1.31,0.0,0,Normal,0.24630457923088966
2020-12-16 12:50:00,10.79,78.16,992.77,1.23,0.0,0,Normal,0.24459017137605543
2020-12-16 13:00:00,10.73,78.46,992.67,1.44,0.0,0,Normal,0.24559257059909334
2020-12-16 13:10:00,10.68,78.92,992.63,1.86,0.0,0,Normal,0.2436397785687221
2020-12-16 13:20:00,10.65,79.19,992.57,2.03,0.0,0,Normal,0.24194680688519732
2020-12-16 13:30:00,10.73,78.48,992.55,2.38,0.0,0,Normal,0.24000923946654362
2020-12-16 13:40:00,10.87,77.9,992.53,2.38,0.0,0,Normal,0.24109372145767388
2020-12-16 13:50:00,10.69,78.39,992.55,2.49,0.0,0,Normal,0.2391912938972902
2020-12-16 14:00:00,10.62,78.48,992.59,2.44,0.0,0,Normal,0.24018275805989026
2020-12-16 14:10:00,11.09,77.15,992.63,2.05,0.0,0,Normal,0.24508534871130555
2020-12-16 14:20:00,11.18,75.88,992.69,2.93,0.0,0,Normal,0.23237713819567352
2020-12-16 14:30:00,11.06,76.31,992.67,2.52,0.0,0,Normal,0.23721028834399072
2020-12-16 14:40:00,10.98,76.67,992.66,2.07,0.0,0,Normal,0.24388349516921431
2020-12-16 14:50:00,10.8,77.39,992.66,2.28,0.0,0,Normal,0.2436275607484621
2020-12-16 15:00:00,10.45,78.8,992.66,2.02,0.0,0,Normal,0.24467462567680393
2020-12-16 15:10:00,10.26,79.71,992.63,1.75,0.0,0,Normal,0.2454113447163671
2020-12-16 15:20:00,10.18,80.1,992.67,1.65,0.0,0,Normal,0.24598808288759677
2020-12-16 15:30:00,10.12,80.4,992.65,1.51,0.0,0,Normal,0.24759845653461315
2020-12-16 15:40:00,9.95,81.0,992.68,1.91,0.0,0,Normal,0.24224890428484397
2020-12-16 15:50:00,9.48,82.7,992.76,1.62,0.0,0,Normal,0.24011123793832384
2020-12-16 16:00:00,9.01,85.1,992.81,1.22,0.0,0,Normal,0.2374358534284869
2020-12-16 16:10:00,8.59,86.7,992.8,1.42,0.0,0,Normal,0.23817189790093257
2020-12-16 16:20:00,8.37,87.2,992.87,1.34,0.0,0,Normal,0.23559875601881136
2020-12-16 16:30:00,8.2,87.6,993.02,1.65,0.0,0,Normal,0.23630715341595948
2020-12-16 16:40:00,8.06,87.9,993.12,2.0,0.0,0,Normal,0.23423703252577993
2020-12-16 16:50:00,7.79,88.9,993.2,1.56,0.0,0,Normal,0.2304787879620651
2020-12-16 17:00:00,7.49,90.0,993.22,1.21,0.0,0,Normal,0.2294602468882172
2020-12-16 17:10:00,7.32,90.7,993.31,1.3,0.0,0,Normal,0.2284604112904875
2020-12-16 17:20:00,7.23,90.8,993.3,0.98,0.0,0,Normal,0.22714651052319212
2020-12-16 17:30:00,7.15,90.9,993.36,0.69,0.0,0,Normal,0.22385766863513773
2020-12-16 17:40:00,6.99,91.5,993.41,1.24,0.0,0,Normal,0.2266713687273197
2020-12-16 17:50:00,6.85,92.1,993.53,1.36,0.0,0,Normal,0.22505702172374947
2020-12-16 18:00:00,6.7,92.9,993.62,1.32,0.0,0,Normal,0.22554332879306926
2020-12-16 18:10:00,6.7,93.0,993.62,1.26,0.0,0,Normal,0.22486070425512455
2020-12-16 18:20:00,6.75,92.7,993.65,1.5,0.0,0,Normal,0.22325374206612736
2020-12-16 18:30:00,6.71,92.9,993.64,1.64,0.0,0,Normal,0.22074067351227022
2020-12-16 18:40:00,6.72,92.9,993.72,1.77,0.0,0,Normal,0.22051468151150982
2020-12-16 18:50:00,6.76,92.8,993.75,1.7,0.0,0,Normal,0.22250851454417758
2020-12-16 19:00:00,6.82,92.5,993.71,1.68,0.0,0,Normal,0.22211476407973385
2020-12-16 19:10:00,6.83,92.5,993.77,1.66,0.0,0,Normal,0.2222600942486292
2020-12-16 19:20:00,6.78,92.8,993.8,1.89,0.0,0,Normal,0.22335530252824587
2020-12-16 19:30:00,6.72,93.0,993.83,2.35,0.0,0,Normal,0.2154052976072653
2020-12-16 19:40:00,6.75,92.9,993.85,2.46,0.0,0,Normal,0.21479797158212327
2020-12-16 19:50:00,6.8,92.7,993.92,2.69,0.0,0,Normal,0.21254892657702484
2020-12-16 20:00:00,6.88,92.3,993.93,3.04,0.0,0,Normal,0.20145617423257017
2020-12-16 20:10:00,6.92,92.0,993.88,2.81,0.0,0,Normal,0.21026898071115296
2020-12-16 20:20:00,6.92,92.0,993.9,2.8,0.0,0,Normal,0.21026898071115296
2020-12-16 20:30:00,6.89,92.1,993.84,2.57,0.0,0,Normal,0.21410511358486306
2020-12-16 20:40:00,6.86,92.2,993.74,2.46,0.0,0,Normal,0.21621235692614255
2020-12-16 20:50:00,6.84,92.2,993.7,2.78,0.0,0,Normal,0.21195239124617865
2020-12-16 21:00:00,6.83,92.2,993.68,2.72,0.0,0,Normal,0.2128440657411355
2020-12-16 21:10:00,6.84,92.1,993.58,2.62,0.0,0,Normal,0.2144663104749962
2020-12-16 21:20:00,6.87,91.8,993.55,2.91,0.0,0,Normal,0.20740189604894493
2020-12-16 21:30:00,6.9,91.5,993.57,3.09,0.0,0,Normal,0.20332472557505687
2020-12-16 21:40:00,6.94,91.3,993.59,3.08,0.0,0,Normal,0.20365302905858212
2020-12-16 21:50:00,6.94,91.4,993.61,2.87,0.0,0,Normal,0.2099548413868355
2020-12-16 22:00:00,6.97,91.0,993.59,2.9,0.0,0,Normal,0.2109522455675818
2020-12-16 22:10:00,6.98,91.0,993.49,3.06,0.0,0,Normal,0.20600315392065238
2020-12-16 22:20:00,7.01,90.8,993.51,2.52,0.0,0,Normal,0.2184161672875472
2020-12-16 22:30:00,7.04,90.5,993.5,3.13,0.0,0,Normal,0.20730009288956203
2020-12-16 22:40:00,7.01,90.5,993.45,3.26,0.0,0,Normal,0.2036037144604747
2020-12-16 22:50:00,6.98,90.6,993.34,2.89,0.0,0,Normal,0.21375092510925908
2020-12-16 23:00:00,6.98,90.1,993.34,3.34,0.0,0,Normal,0.20243640414141784
2020-12-16 23:10:00,7.02,89.7,993.32,3.11,0.0,0,Normal,0.2106333931459159
2020-12-16 23:20:00,6.95,90.0,993.27,2.92,0.0,0,Normal,0.21535057758217918
2020-12-16 23:30:00,6.77,90.7,993.27,3.06,0.0,0,Normal,0.20739197716346347
2020-12-16 23:40:00,6.48,92.0,993.28,1.17,0.0,0,Normal,0.22166585338732797
2020-12-16 23:50:00,6.26,93.0,993.21,1.65,0.0,0,Normal,0.21663843010206024
2020-12-17 00:00:00,6.01,93.8,993.18,1.94,0.0,0,Normal,0.21487779838147364
2020-12-17 00:10:00,5.75,94.6,993.15,2.24,0.0,0,Normal,0.20612534943866417
2020-12-17 00:20:00,5.51,95.4,993.15,1.94,0.0,0,Normal,0.2076769992855838
2020-12-17 00:30:00,5.38,95.7,993.21,2.12,0.0,0,Normal,0.20725457073232684
2020-12-17 00:40:00,5.32,95.6,993.23,2.4,0.0,0,Normal,0.2020739290508909
2020-12-17 00:50:00,5.23,95.8,993.14,2.6,0.0,0,Normal,0.1994551475844496
2020-12-17 01:00:00,5.19,96.0,993.13,3.06,0.0,0,Normal,0.1875584637750345
2020-12-17 01:10:00,5.17,95.6,993.07,4.17,0.0,0,Normal,0.15672558145452076
2020-12-17 01:20:00,5.08,95.8,993.12,3.51,0.0,0,Normal,0.17734734817280395
2020-12-17 01:30:00,4.94,96.3,993.15,3.4,0.0,0,Normal,0.1779670885096225
2020-12-17 01:40:00,4.78,96.9,993.12,4.34,0.0,0,Normal,0.14508177158814922
2020-12-17 01:50:00,4.65,97.6,993.13,4.14,0.0,0,Normal,0.14517827610366602
2020-12-17 02:00:00,4.59,97.9,993.07,3.91,0.0,0,Normal,0.1523217665898305
2020-12-17 02:10:00,4.61,97.9,993.03,3.62,0.0,0,Normal,0.1620429733738487
2020-12-17 02:20:00,4.51,98.1,993.0,3.68,0.0,0,Normal,0.15997553818280952
2020-12-17 02:30:00,4.4,98.5,993.07,3.73,0.0,0,Normal,0.15896193379797902
2020-12-17 02:40:00,4.34,98.7,993.15,3.34,0.0,0,Normal,0.16304386149531847
2020-12-17 02:50:00,4.28,98.4,993.26,2.84,0.0,0,Normal,0.17916490261728274
2020-12-17 03:00:00,4.21,98.4,993.23,2.11,0.0,0,Normal,0.19044468801801234
2020-12-17 03:10:00,4.12,98.8,993.13,2.45,0.0,0,Normal,0.18154907646625112
2020-12-17 03:20:00,4.1,99.2,993.08,2.68,0.0,0,Normal,0.1784853406079091
2020-12-17 03:30:00,4.13,98.8,993.05,2.83,0.0,0,Normal,0.1756431021435173
2020-12-17 03:40:00,4.17,98.6,993.1,3.26,0.0,0,Normal,0.16781838495146895
2020-12-17 03:50:00,4.13,98.5,993.12,3.2,0.0,0,Normal,0.16926292655829606
2020-12-17 04:00:00,4.09,98.6,993.13,2.27,0.0,0,Normal,0.18423578317288153
2020-12-17 04:10:00,3.88,98.9,993.11,2.54,0.0,0,Normal,0.17913673599045216
2020-12-17 04:20:00,3.91,99.5,993.15,3.38,0.0,0,Normal,0.15878702633622976
2020-12-17 04:30:00,4.04,98.7,993.22,2.9,0.0,0,Normal,0.17352088652307007
2020-12-17 04:40:00,4.17,98.6,993.25,3.42,0.0,0,Normal,0.16141536423288783
2020-12-17 04:50:00,4.33,97.6,993.3,2.52,0.0,0,Normal,0.18929854655689748
2020-12-17 05:00:00,4.39,97.1,993.3,3.06,0.0,0,Normal,0.1779640345018928
2020-12-17 05:10:00,4.52,96.3,993.25,3.79,0.0,0,Normal,0.16753080157772643
2020-12-17 05:20:00,4.58,95.9,993.16,3.8,0.0,0,Normal,0.16884952437241219
2020-12-17 05:30:00,4.66,95.4,993.17,3.29,0.0,0,Normal,0.18262237532707715
2020-12-17 05:40:00,4.67,95.2,993.15,3.29,0.0,0,Normal,0.18312446024691503
2020-12-17 05:50:00,4.73,94.9,993.12,3.18,0.0,0,Normal,0.18729739435933523
2020-12-17 06:00:00,4.75,94.8,993.19,3.4,0.0,0,Normal,0.1813671734675943
2020-12-17 06:10:00,4.81,94.3,993.13,3.61,0.0,0,Normal,0.17614156423968585
2020-12-17 06:20:00,4.81,94.1,993.14,2.85,0.0,0,Normal,0.19792847865495578
2020-12-17 06:30:00,4.9,93.4,993.15,4.11,0.0,0,Normal,0.16190676115517877
2020-12-17 06:40:00,5.01,92.8,993.17,3.31,0.0,0,Normal,0.19048182636000716
2020-12-17 06:50:00,5.02,92.6,993.19,3.16,0.0,0,Normal,0.196514114038932
2020-12-17 07:00:00,4.99,92.8,993.15,3.62,0.0,0,Normal,0.1805644969984636
2020-12-17 07:10:00,5.02,92.7,993.19,2.88,0.0,0,Normal,0.20270570497777995
2020-12-17 07:20:00,5.04,92.5,993.23,2.99,0.0,0,Normal,0.19720238235230841
2020-12-17 07:30:00,4.97,92.7,993.28,2.37,0.0,0,Normal,0.2107157239200842
2020-12-17 07:40:00,4.97,92.6,993.35,2.07,0.0,0,Normal,0.21635486570238727
2020-12-17 07:50:00,4.94,92.6,993.37,2.28,0.0,0,Normal,0.21079812435936424
2020-12-17 08:00:00,5.05,91.9,993.32,3.5,0.0,0,Normal,0.18647999685001576
2020-12-17 08:10:00,5.13,91.3,993.36,3.35,0.0,0,Normal,0.19006588252612233
2020-12-17 08:20:00,5.11,91.4,993.53,2.35,0.0,0,Normal,0.21156787677851135
2020-12-17 08:30:00,5.15,91.2,993.66,2.78,0.0,0,Normal,0.20693868281190403
2020-12-17 08:40:00,5.18,91.0,993.77,2.75,0.0,0,Normal,0.20993522428353895
2020-12-17 08:50:00,5.18,90.8,993.93,2.53,0.0,0,Normal,0.21202542660466794
2020-12-17 09:00:00,5.23,90.3,994.0,2.63,0.0,0,Normal,0.21346034258930507
2020-12-17 09:10:00,5.36,89.1,994.13,2.74,0.0,0,Normal,0.21842832162718356
2020-12-17 09:20:00,5.53,87.5,994.26,3.01,0.0,0,Normal,0.20871400612003393
2020-12-17 09:30:00,5.65,86.5,994.41,3.21,0.0,0,Normal,0.20647558530647792
2020-12-17 09:40:00,5.7,85.6,994.42,3.73,0.0,0,Normal,0.1987928870454082
2020-12-17 09:50:00,5.66,85.8,994.41,3.61,0.0,0,Normal,0.19732457398187375
2020-12-17 10:00:00,5.56,86.1,994.45,3.07,0.0,0,Normal,0.2086177382588651
2020-12-17 10:10:00,5.49,86.8,994.53,2.79,0.0,0,Normal,0.21742884098576865
2020-12-17 10:20:00,5.5,87.0,994.62,2.97,0.0,0,Normal,0.2113498004919135
2020-12-17 10:30:00,5.65,86.3,994.66,2.13,0.0,0,Normal,0.2290417675865376
2020-12-17 10:40:00,5.85,85.6,994.65,3.74,0.0,0,Normal,0.19846154715013492
2020-12-17 10:50:00,6.09,85.0,994.65,3.91,0.0,0,Normal,0.19086055462451545
2020-12-17 11:00:00,6.35,84.1,994.49,3.93,0.0,0,Normal,0.19243804639585033
2020-12-17 11:10:00,6.47,83.1,994.44,3.73,0.0,0,Normal,0.20678971166772953
2020-12-17 11:20:00,6.37,83.5,994.6,4.53,0.0,0,Normal,0.1775080924047563
2020-12-17 11:30:00,6.42,83.6,994.53,4.69,0.0,0,Normal,0.17604855734106561
2020-12-17 11:40:00,6.58,83.1,994.36,5.45,0.0,0,Normal,0.15347761402412885
2020-12-17 11:50:00,6.74,82.7,994.36,4.62,0.0,0,Normal,0.1766967099862956
2020-12-17 12:00:00,7.04,81.6,994.46,3.26,0.0,0,Normal,0.21713057674880387
2020-12-17 12:10:00,7.18,81.0,994.53,2.96,0.0,0,Normal,0.22678527510522817
2020-12-17 12:20:00,7.46,79.42,994.53,3.8,0.0,0,Normal,0.2066136910465196
2020-12-17 12:30:00,7.45,79.57,994.47,3.36,0.0,0,Normal,0.2156058797983793
2020-12-17 12:40:00,7.34,80.0,994.28,3.82,0.0,0,Normal,0.20556310625349683
2020-12-17 12:50:00,7.33,80.1,994.18,3.88,0.0,0,Normal,0.20512469281147383
2020-12-17 13:00:00,7.06,81.4,994.18,4.7,0.0,0,Normal,0.17963915298699817
2020-12-17 13:10:00,6.75,83.2,994.33,2.79,0.0,0,Normal,0.2284131703170389
2020-12-17 13:20:00,6.74,83.8,994.43,2.81,0.0,0,Normal,0.22831080997316688
2020-12-17 13:30:00,6.89,83.6,994.32,2.77,0.0,0,Normal,0.2305577433195457
2020-12-17 13:40:00,6.93,83.7,994.31,4.2,0.0,0,Normal,0.18977173591285795
2020-12-17 13:50:00,7.0,83.4,994.42,4.94,0.0,0,Normal,0.16743652679346793
2020-12-17 14:00:00,6.96,83.5,994.74,4.88,0.0,0,Normal,0.16832946836391438
2020-12-17 14:10:00,6.82,84.2,994.8,4.37,0.0,0,Normal,0.1818729617669803
2020-12-17 14:20:00,6.71,84.4,994.9,4.29,0.0,0,Normal,0.1856093181837319
2020-12-17 14:30:00,6.65,84.6,994.92,4.33,0.0,0,Normal,0.18267285939910033
2020-12-17 14:40:00,6.51,84.9,994.86,4.79,0.0,0,Normal,0.16886349470880013
2020-12-17 14:50:00,6.45,85.5,994.89,4.18,0.0,0,Normal,0.18549388801230965
2020-12-17 15:00:00,6.45,85.7,994.84,3.72,0.0,0,Normal,0.20397349734703063
2020-12-17 15:10:00,6.43,85.7,994.92,3.91,0.0,0,Normal,0.1939472537080703
2020-12-17 15:20:00,6.44,85.8,995.04,3.98,0.0,0,Normal,0.19121836641202372
2020-12-17 15:30:00,6.48,85.9,995.22,4.26,0.0,0,Normal,0.1808285208611824
2020-12-17 15:40:00,6.54,85.7,995.35,4.27,0.0,0,Normal,0.18215477508829153
2020-12-17 15:50:00,6.63,85.6,995.45,4.59,0.0,0,Normal,0.17493177952933409
2020-12-17 16:00:00,6.76,85.3,995.51,5.74,0.0,0,Normal,0.14033689648148134
2020-12-17 16:10:00,6.8,85.1,995.59,5.24,0.0,0,Normal,0.1526965917886386
2020-12-17 16:20:00,6.75,85.4,995.73,4.23,0.0,0,Normal,0.18525402042683997
2020-12-17 16:30:00,6.67,85.9,995.87,3.01,0.0,0,Normal,0.21611623423496074
2020-12-17 16:40:00,6.53,86.5,996.16,1.91,0.0,0,Normal,0.23270178895777005
2020-12-17 16:50:00,6.23,87.0,996.26,2.31,0.0,0,Normal,0.22297750201771405
2020-12-17 17:00:00,6.12,87.6,996.34,3.57,0.0,0,Normal,0.1933420107874309
2020-12-17 17:10:00,6.05,87.8,996.59,1.63,0.0,0,Normal,0.22386610961254566
2020-12-17 17:20:00,6.03,87.9,996.63,2.26,0.0,0,Normal,0.22100773272814872
2020-12-17 17:30:00,5.92,88.7,996.7,2.91,0.0,0,Normal,0.20745587646713026
2020-12-17 17:40:00,6.0,88.8,996.79,2.07,0.0,0,Normal,0.21878215307304383
2020-12-17 17:50:00,6.15,88.4,996.93,1.85,0.0,0,Normal,0.22132059150040012
2020-12-17 18:00:00,6.05,88.7,997.0,1.74,0.0,0,Normal,0.21985365643151106
2020-12-17 18:10:00,5.89,89.3,997.0,2.89,0.0,0,Normal,0.2051374333294847
2020-12-17 18:20:00,5.65,90.1,997.03,3.0,0.0,0,Normal,0.1961258283818238
2020-12-17 18:30:00,5.49,90.8,997.21,2.53,0.0,0,Normal,0.202576390218335
2020-12-17 18:40:00,5.51,90.8,997.24,2.0,0.0,0,Normal,0.20827264867387674
2020-12-17 18:50:00,5.45,90.9,997.24,2.51,0.0,0,Normal,0.20355576300603595
2020-12-17 19:00:00,5.1,92.3,997.22,2.6,0.0,0,Normal,0.19549702433415078
2020-12-17 19:10:00,5.08,92.8,997.29,1.84,0.0,0,Normal,0.20517419671562892
2020-12-17 19:20:00,5.1,92.7,997.35,2.35,0.0,0,Normal,0.1974622035111352
2020-12-17 19:30:00,5.01,92.9,997.38,2.79,0.0,0,Normal,0.18985678461784528
2020-12-17 19:40:00,5.04,92.6,997.47,2.11,0.0,0,Normal,0.20228054739372414
2020-12-17 19:50:00,4.93,92.9,997.58,2.42,0.0,0,Normal,0.1971283557876854
2020-12-17 20:00:00,4.72,93.9,997.65,1.68,0.0,0,Normal,0.20186429470607287
2020-12-17 20:10:00,4.59,94.7,997.78,1.14,0.0,0,Normal,0.19832116402953215
2020-12-17 20:20:00,4.43,95.6,997.79,1.64,0.0,0,Normal,0.19175336412602162
2020-12-17 20:30:00,4.18,96.4,997.84,2.03,0.0,0,Normal,0.18718259707472157
2020-12-17 20:40:00,4.01,97.3,997.86,1.85,0.0,0,Normal,0.1839940874840969
2020-12-17 20:50:00,4.02,97.1,997.91,0.77,0.0,0,Normal,0.18423779932542178
2020-12-17 21:00:00,3.9,97.5,998.03,1.02,0.0,0,Normal,0.18205204257025326
2020-12-17 21:10:00,3.98,97.7,998.09,1.34,0.0,0,Normal,0.18431156818382066
2020-12-17 21:20:00,3.85,98.2,998.14,1.61,0.0,0,Normal,0.1786596226971095
2020-12-17 21:30:00,3.68,98.5,998.15,1.45,0.0,0,Normal,0.18103607053691978
2020-12-17 21:40:00,3.45,99.3,998.19,1.48,0.0,0,Normal,0.17583527687747846
2020-12-17 21:50:00,3.42,99.5,998.16,1.43,0.0,0,Normal,0.1767548469617633
2020-12-17 22:00:00,3.27,99.8,998.15,1.67,0.0,0,Normal,0.17262612056252935
2020-12-17 22:10:00,3.24,99.9,998.18,1.89,0.0,0,Normal,0.16821514397063292
2020-12-17 22:20:00,3.11,100.0,998.15,2.03,0.0,0,Normal,0.16340823443810648
2020-12-17 22:30:00,3.1,100.0,998.17,1.78,0.0,0,Normal,0.1676081076465583
2020-12-17 22:40:00,3.12,100.0,998.24,1.41,0.0,0,Normal,0.1724032477028039
2020-12-17 22:50:00,2.81,100.0,998.26,2.49,0.0,0,Normal,0.15897744343856485
2020-12-17 23:00:00,2.25,100.0,998.26,2.18,0.0,0,Normal,0.15250640066907784
2020-12-17 23:10:00,2.03,100.0,998.26,1.32,0.0,0,Normal,0.1603358669691563
2020-12-17 23:20:00,1.92,100.0,998.29,1.95,0.0,0,Normal,0.1498456590541975
2020-12-17 23:30:00,1.84,100.0,998.31,1.66,0.0,0,Normal,0.15224168744942967
2020-12-17 23:40:00,1.59,100.0,998.34,1.93,0.0,0,Normal,0.14439331944567912
2020-12-17 23:50:00,1.55,100.0,998.34,2.0,0.0,0,Normal,0.14223988018016065
2020-12-18 00:00:00,1.67,100.0,998.34,1.53,0.0,0,Normal,0.15233707156724247
2020-12-18 00:10:00,1.62,100.0,998.31,1.83,0.0,0,Normal,0.14819208036056775
2020-12-18 00:20:00,1.64,100.0,998.3,1.9,0.0,0,Normal,0.1456585531531953
2020-12-18 00:30:00,1.78,100.0,998.41,1.25,0.0,0,Normal,0.15632945049210972
2020-12-18 00:40:00,1.74,100.0,998.55,1.5,0.0,0,Normal,0.1503128707851003
2020-12-18 00:50:00,1.45,100.0,998.61,1.72,0.0,0,Normal,0.1475670318709728
2020-12-18 01:00:00,1.31,100.0,998.57,0.48,0.0,0,Normal,0.1427018461717569
2020-12-18 01:10:00,1.46,100.0,998.57,0.61,0.0,0,Normal,0.14751110924900274
2020-12-18 01:20:00,1.44,100.0,998.56,1.2,0.0,0,Normal,0.15241180069083032
2020-12-18 01:30:00,1.25,100.0,998.59,1.44,0.0,0,Normal,0.15070289585488994
2020-12-18 01:40:00,1.41,100.0,998.63,2.01,0.0,0,Normal,0.1413489374280772
2020-12-18 01:50:00,1.17,100.0,998.67,1.39,0.0,0,Normal,0.15240324859429422
2020-12-18 02:00:00,0.98,100.0,998.69,1.08,0.0,0,Normal,0.14923576073522538
2020-12-18 02:10:00,0.42,100.0,998.73,0.59,0.0,0,Normal,0.14048684387279237
2020-12-18 02:20:00,0.1,100.0,998.7,0.45,0.0,0,Normal,0.13134147411901703
2020-12-18 02:30:00,0.42,100.0,998.72,0.49,0.0,0,Normal,0.13629467886018048
2020-12-18 02:40:00,0.65,100.0,998.74,1.82,0.0,0,Normal,0.14012219517252117
2020-12-18 02:50:00,0.51,100.0,998.73,1.9,0.0,0,Normal,0.13729030191776315
2020-12-18 03:00:00,0.43,100.0,998.77,0.39,0.0,0,Normal,0.12403905074834687
2020-12-18 03:10:00,0.45,100.0,998.85,0.8,0.0,0,Normal,0.1446689790738448
2020-12-18 03:20:00,0.52,100.0,998.85,1.24,0.0,0,Normal,0.14781287958939637
2020-12-18 03:30:00,0.46,100.0,998.78,1.36,0.0,0,Normal,0.1475682410079585
2020-12-18 03:40:00,0.84,100.0,998.74,1.2,0.0,0,Normal,0.14981720280847016
2020-12-18 03:50:00,0.85,100.0,998.75,1.78,0.0,0,Normal,0.14236096617853983
2020-12-18 04:00:00,0.69,100.0,998.75,1.77,0.0,0,Normal,0.14035275977519363
2020-12-18 04:10:00,0.73,100.0,998.78,1.66,0.0,0,Normal,0.14388533876027448
2020-12-18 04:20:00,0.73,100.0,998.83,1.79,0.0,0,Normal,0.14082200614705487
2020-12-18 04:30:00,0.73,100.0,998.77,1.56,0.0,0,Normal,0.14517918761878806
2020-12-18 04:40:00,0.88,100.0,998.74,1.44,0.0,0,Normal,0.1489020983877155
2020-12-18 04:50:00,0.99,100.0,998.72,1.52,0.0,0,Normal,0.14673199675097187
2020-12-18 05:00:00,1.1,100.0,998.83,1.25,0.0,0,Normal,0.15260624861263217
2020-12-18 05:10:00,0.44,100.0,998.91,0.91,0.0,0,Normal,0.14408933036074512
2020-12-18 05:20:00,0.41,100.0,998.94,0.54,0.0,0,Normal,0.1369144193560491
2020-12-18 05:30:00,0.2,100.0,998.91,0.84,0.0,0,Normal,0.14361068325343468
2020-12-18 05:40:00,-0.17,100.0,998.96,0.77,0.0,0,Normal,0.14184019133713588
2020-12-18 05:50:00,0.33,100.0,999.02,0.8,0.0,0,Normal,0.14382764815556326
2020-12-18 06:00:00,-0.25,100.0,998.99,0.73,0.0,0,Normal,0.14054147038081233
2020-12-18 06:10:00,-0.11,100.0,998.97,0.68,0.0,0,Normal,0.13994102316282198
2020-12-18 06:20:00,-0.08,100.0,998.95,0.69,0.0,0,Normal,0.1410061108524132
2020-12-18 06:30:00,0.32,100.0,999.02,1.06,0.0,0,Normal,0.14564820814871737
2020-12-18 06:40:00,0.42,100.0,999.03,0.68,0.0,0,Normal,0.1418587367542259
2020-12-18 06:50:00,0.4,100.0,999.0,1.31,0.0,0,Normal,0.14609077407832205
2020-12-18 07:00:00,0.61,100.0,998.96,1.44,0.0,0,Normal,0.14551426010951607
2020-12-18 07:10:00,0.8,100.0,999.08,1.08,0.0,0,Normal,0.14709672400789686
2020-12-18 07:20:00,0.99,100.0,999.09,1.94,0.0,0,Normal,0.13869032963083627
2020-12-18 07:30:00,1.17,100.0,999.07,1.64,0.0,0,Normal,0.1457068017521661
2020-12-18 07:40:00,1.32,100.0,999.12,1.55,0.0,0,Normal,0.1487722696530226
2020-12-18 07:50:00,1.27,100.0,999.2,1.32,0.0,0,Normal,0.15265296900228598
2020-12-18 08:00:00,1.25,100.0,999.29,1.31,0.0,0,Normal,0.15265296900228598
2020-12-18 08:10:00,1.41,100.0,999.26,1.72,0.0,0,Normal,0.14771735246087297
2020-12-18 08:20:00,1.32,100.0,999.25,1.52,0.0,0,Normal,0.14979006455009874
2020-12-18 08:30:00,0.96,100.0,999.27,1.11,0.0,0,Normal,0.14899016926673986
2020-12-18 08:40:00,0.77,100.0,999.26,0.99,0.0,0,Normal,0.14667264594869917
2020-12-18 08:50:00,0.69,100.0,999.26,1.06,0.0,0,Normal,0.1481253869727771
2020-12-18 09:00:00,0.64,100.0,999.28,1.97,0.0,0,Normal,0.1363416380144984
2020-12-18 09:10:00,0.7,100.0,999.26,2.23,0.0,0,Normal,0.13623825150859964
2020-12-18 09:20:00,0.86,100.0,999.23,1.99,0.0,0,Normal,0.13757528680300535
2020-12-18 09:30:00,1.05,100.0,999.25,1.75,0.0,0,Normal,0.14368002492341325
2020-12-18 09:40:00,1.53,100.0,999.21,1.54,0.0,0,Normal,0.1478899977007474
2020-12-18 09:50:00,2.07,100.0,999.21,1.73,0.0,0,Normal,0.15256948624689376
2020-12-18 10:00:00,2.24,100.0,999.23,1.16,0.0,0,Normal,0.1597271158151773
2020-12-18 10:10:00,2.65,99.0,999.24,1.07,0.0,0,Normal,0.1684092850223206
2020-12-18 10:20:00,2.76,98.5,999.28,1.33,0.0,0,Normal,0.17356479748949538
2020-12-18 10:30:00,2.92,98.0,999.3,1.27,0.0,0,Normal,0.17591064284470642
2020-12-18 10:40:00,3.28,97.1,999.17,1.25,0.0,0,Normal,0.17750321868614877
2020-12-18 10:50:00,3.61,95.8,999.12,1.28,0.0,0,Normal,0.18823001137607986
2020-12-18 11:00:00,3.94,94.9,999.11,1.36,0.0,0,Normal,0.1896731755576036
2020-12-18 11:10:00,4.23,94.1,999.07,1.15,0.0,0,Normal,0.19265124196861605
2020-12-18 11:20:00,4.65,92.5,999.01,1.23,0.0,0,Normal,0.19997400733991683
2020-12-18 11:30:00,4.85,92.1,998.96,2.08,0.0,0,Normal,0.19774703273922312
2020-12-18 11:40:00,4.92,92.5,998.85,2.61,0.0,0,Normal,0.18874469767550456
2020-12-18 11:50:00,5.31,90.8,998.72,1.38,0.0,0,Normal,0.2046923870429332
2020-12-18 12:00:00,5.94,88.8,998.64,1.45,0.0,0,Normal,0.2106230534770085
2020-12-18 12:10:00,6.31,88.2,998.6,2.03,0.0,0,Normal,0.20937843919973548
2020-12-18 12:20:00,6.93,86.1,998.55,1.79,0.0,0,Normal,0.21833345597466003
2020-12-18 12:30:00,7.54,83.4,998.47,2.14,0.0,0,Normal,0.2233710951402652
2020-12-18 12:40:00,8.03,81.0,998.36,2.18,0.0,0,Normal,0.22543637678129091
2020-12-18 12:50:00,8.19,79.64,998.2,2.38,0.0,0,Normal,0.22440995274027326
2020-12-18 13:00:00,8.24,79.46,998.03,3.04,0.0,0,Normal,0.21031349490402734
2020-12-18 13:10:00,8.18,79.76,997.96,3.06,0.0,0,Normal,0.2097085759520934
2020-12-18 13:20:00,8.5,78.45,997.87,2.7,0.0,0,Normal,0.21970201596657496
2020-12-18 13:30:00,8.83,77.25,997.77,2.54,0.0,0,Normal,0.22278406375069415
2020-12-18 13:40:00,8.82,77.02,997.7,3.06,0.0,0,Normal,0.2136561899794312
2020-12-18 13:50:00,8.52,78.28,997.64,3.53,0.0,0,Normal,0.19837616539231134
2020-12-18 14:00:00,8.33,79.64,997.58,2.75,0.0,0,Normal,0.22231882577580397
2020-12-18 14:10:00,8.55,78.92,997.55,2.17,0.0,0,Normal,0.23003332233133322
2020-12-18 14:20:00,8.63,78.22,997.54,2.36,0.0,0,Normal,0.22737318450818533
2020-12-18 14:30:00,8.73,77.61,997.51,1.82,0.0,0,Normal,0.23332841723383674
2020-12-18 14:40:00,9.07,75.91,997.6,1.3,0.0,0,Normal,0.23493223283977283
2020-12-18 14:50:00,9.32,74.37,997.63,1.33,0.0,0,Normal,0.23482697740097774
2020-12-18 15:00:00,9.17,75.11,997.7,1.04,0.0,0,Normal,0.23091428953590953
2020-12-18 15:10:00,9.04,75.33,997.7,1.5,0.0,0,Normal,0.23498534957238754
2020-12-18 15:20:00,8.44,78.17,997.61,2.14,0.0,0,Normal,0.2303991424784399
2020-12-18 15:30:00,7.85,81.0,997.52,2.42,0.0,0,Normal,0.2275041923566422
2020-12-18 15:40:00,7.72,81.6,997.47,2.28,0.0,0,Normal,0.228698145075803
2020-12-18 15:50:00,7.53,82.5,997.51,1.82,0.0,0,Normal,0.23066417192455535
2020-12-18 16:00:00,7.38,83.4,997.53,1.76,0.0,0,Normal,0.23203042467669138
2020-12-18 16:10:00,7.3,83.8,997.51,1.8,0.0,0,Normal,0.2325695502492151
2020-12-18 16:20:00,7.26,83.9,997.44,2.1,0.0,0,Normal,0.22937910004276618
2020-12-18 16:30:00,7.23,83.8,997.41,1.51,0.0,0,Normal,0.23277587410249162
2020-12-18 16:40:00,7.08,84.4,997.41,1.12,0.0,0,Normal,0.23077212410341164
2020-12-18 16:50:00,6.92,84.6,997.36,1.53,0.0,0,Normal,0.22937897216190856
2020-12-18 17:00:00,6.75,85.0,997.32,1.6,0.0,0,Normal,0.22894684315758385
2020-12-18 17:10:00,6.38,86.7,997.34,1.58,0.0,0,Normal,0.2244883733130112
2020-12-18 17:20:00,5.85,89.0,997.36,1.57,0.0,0,Normal,0.2165422383684371
2020-12-18 17:30:00,5.26,91.4,997.39,1.22,0.0,0,Normal,0.20917802950824316
2020-12-18 17:40:00,5.08,93.3,997.33,1.61,0.0,0,Normal,0.20348014755343635
2020-12-18 17:50:00,4.83,94.4,997.24,1.28,0.0,0,Normal,0.20233468038569913
2020-12-18 18:00:00,4.73,94.9,997.14,1.29,0.0,0,Normal,0.20200029533411312
2020-12-18 18:10:00,4.85,93.8,997.08,1.71,0.0,0,Normal,0.20586050268533806
2020-12-18 18:20:00,4.75,93.8,997.0,1.57,0.0,0,Normal,0.20644234620665608
2020-12-18 18:30:00,4.44,95.1,996.94,1.29,0.0,0,Normal,0.20370307518116781
2020-12-18 18:40:00,4.22,96.1,996.9,1.47,0.0,0,Normal,0.19989459303795448
2020-12-18 18:50:00,4.18,95.9,996.88,1.75,0.0,0,Normal,0.20092763256697826
2020-12-18 19:00:00,3.99,96.4,996.95,1.83,0.0,0,Normal,0.19555147723945515
2020-12-18 19:10:00,3.82,97.1,996.97,1.34,0.0,0,Normal,0.1908667226217063
2020-12-18 19:20:00,3.81,97.1,997.0,1.62,0.0,0,Normal,0.18834275745186696
2020-12-18 19:30:00,3.67,97.4,997.0,2.09,0.0,0,Normal,0.18752016949850797
2020-12-18 19:40:00,3.45,98.2,997.03,1.73,0.0,0,Normal,0.1842427660982338
2020-12-18 19:50:00,3.26,98.5,997.03,1.82,0.0,0,Normal,0.18342993761330245
2020-12-18 20:00:00,3.22,98.7,996.99,2.61,0.0,0,Normal,0.17415932967572534
2020-12-18 20:10:00,3.24,98.5,996.93,2.55,0.0,0,Normal,0.17616105865588294
2020-12-18 20:20:00,3.05,98.9,996.82,1.86,0.0,0,Normal,0.1826543430925895
2020-12-18 20:30:00,2.83,99.4,996.8,1.97,0.0,0,Normal,0.17775271143140547
2020-12-18 20:40:00,2.76,99.7,996.83,2.4,0.0,0,Normal,0.1735379153524651
2020-12-18 20:50:00,2.68,99.7,996.81,2.53,0.0,0,Normal,0.17012936813760632
2020-12-18 21:00:00,2.58,100.0,996.78,2.82,0.0,0,Normal,0.15870343541152138
2020-12-18 21:10:00,2.69,100.0,996.79,2.65,0.0,0,Normal,0.1647742488787785
2020-12-18 21:20:00,2.67,100.0,996.72,2.45,0.0,0,Normal,0.1685712182862344
2020-12-18 21:30:00,2.62,100.0,996.7,2.44,0.0,0,Normal,0.1684750794568899
2020-12-18 21:40:00,2.45,100.0,996.63,2.15,0.0,0,Normal,0.1665852731430289
2020-12-18 21:50:00,2.27,100.0,996.57,2.31,0.0,0,Normal,0.16265712623048456
2020-12-18 22:00:00,2.29,100.0,996.54,2.51,0.0,0,Normal,0.16209913527870778
2020-12-18 22:10:00,2.34,100.0,996.5,2.63,0.0,0,Normal,0.16080648865597003
2020-12-18 22:20:00,2.1,100.0,996.41,1.84,0.0,0,Normal,0.16604264433826266
2020-12-18 22:30:00,2.07,100.0,996.35,2.63,0.0,0,Normal,0.1577107645733748
2020-12-18 22:40:00,2.44,99.9,996.32,2.65,0.0,0,Normal,0.16365537397568886
2020-12-18 22:50:00,2.53,99.8,996.28,3.08,0.0,0,Normal,0.15581102293885485
2020-12-18 23:00:00,2.61,99.2,996.26,2.69,0.0,0,Normal,0.17055924116901194
2020-12-18 23:10:00,2.42,99.5,996.22,2.73,0.0,0,Normal,0.1669525817822865
2020-12-18 23:20:00,2.17,99.9,996.19,2.94,0.0,0,Normal,0.15349484897052212
2020-12-18 23:30:00,2.05,100.0,996.17,2.77,0.0,0,Normal,0.15730276727184633
2020-12-18 23:40:00,2.04,100.0,996.15,2.44,0.0,0,Normal,0.1622933012261632
2020-12-18 23:50:00,2.06,100.0,996.12,2.2,0.0,0,Normal,0.1628319208288233
2020-12-19 00:00:00,2.09,99.9,996.09,2.1,0.0,0,Normal,0.16430473873621337
2020-12-19 00:10:00,2.17,99.4,996.03,2.24,0.0,0,Normal,0.17035037600663477
2020-12-19 00:20:00,2.08,99.4,996.05,1.95,0.0,0,Normal,0.16814548499009446
2020-12-19 00:30:00,2.12,99.7,995.96,2.36,0.0,0,Normal,0.1685130957205273
2020-12-19 00:40:00,2.2,99.6,995.93,1.74,0.0,0,Normal,0.17368630127664886
2020-12-19 00:50:00,2.26,99.2,995.92,1.87,0.0,0,Normal,0.17337508587688555
2020-12-19 01:00:00,2.18,99.5,995.92,1.19,0.0,0,Normal,0.17626182916595906
2020-12-19 01:10:00,2.13,99.5,995.87,0.92,0.0,0,Normal,0.17441367907728433
2020-12-19 01:20:00,2.16,99.5,995.74,1.56,0.0,0,Normal,0.17494342465030693
2020-12-19 01:30:00,2.17,99.2,995.73,1.19,0.0,0,Normal,0.17789897295303503
2020-12-19 01:40:00,2.12,99.6,995.66,1.51,0.0,0,Normal,0.17531116346112974
2020-12-19 01:50:00,2.09,99.6,995.53,1.03,0.0,0,Normal,0.17314936483039434
2020-12-19 02:00:00,2.1,99.6,995.47,0.46,0.0,0,Normal,0.16649959061018493
2020-12-19 02:10:00,2.06,99.8,995.48,0.92,0.0,0,Normal,0.17217164941053087
2020-12-19 02:20:00,2.0,99.9,995.43,0.81,0.0,0,Normal,0.1718766701200959
2020-12-19 02:30:00,1.95,100.0,995.35,1.26,0.0,0,Normal,0.17083438861512196
2020-12-19 02:40:00,1.85,100.0,995.2,1.76,0.0,0,Normal,0.16413456396247622
2020-12-19 02:50:00,1.87,100.0,994.98,2.36,0.0,0,Normal,0.16051792940959436
2020-12-19 03:00:00,2.02,100.0,994.9,2.01,0.0,0,Normal,0.1633832911694737
2020-12-19 03:10:00,2.33,99.9,994.87,2.17,0.0,0,Normal,0.1686441355952562
2020-12-19 03:20:00,2.66,99.2,994.84,2.07,0.0,0,Normal,0.18175319980073934
2020-12-19 03:30:00,2.68,98.8,994.73,1.11,0.0,0,Normal,0.18597558021228994
2020-12-19 03:40:00,2.64,99.2,994.66,1.67,0.0,0,Normal,0.18442170626338544
2020-12-19 03:50:00,2.67,99.2,994.59,2.12,0.0,0,Normal,0.18153077934372974
2020-12-19 04:00:00,2.61,99.0,994.54,1.89,0.0,0,Normal,0.18344284837951552
2020-12-19 04:10:00,2.42,99.6,994.52,2.32,0.0,0,Normal,0.17265529408753688
2020-12-19 04:20:00,2.18,100.0,994.49,1.78,0.0,0,Normal,0.16859885574956618
2020-12-19 04:30:00,2.1,100.0,994.43,1.88,0.0,0,Normal,0.16778520588272738
2020-12-19 04:40:00,2.09,100.0,994.3,1.87,0.0,0,Normal,0.16580624005190353
2020-12-19 04:50:00,2.11,100.0,994.2,2.35,0.0,0,Normal,0.16582733623567825
2020-12-19 05:00:00,1.99,100.0,994.11,2.03,0.0,0,Normal,0.16247948096275483
2020-12-19 05:10:00,1.59,100.0,994.04,2.1,0.0,0,Normal,0.1572513279593617
2020-12-19 05:20:00,1.42,100.0,993.95,1.99,0.0,0,Normal,0.15835162310230788
2020-12-19 05:30:00,1.81,100.0,993.82,2.56,0.0,0,Normal,0.15581845382998422
2020-12-19 05:40:00,2.12,99.5,993.78,2.93,0.0,0,Normal,0.15836768968013448
2020-12-19 05:50:00,2.17,99.3,993.74,2.87,0.0,0,Normal,0.16068753432493965
2020-12-19 06:00:00,2.16,98.9,993.77,2.32,0.0,0,Normal,0.17135012828675977
2020-12-19 06:10:00,1.92,98.9,993.86,2.66,0.0,0,Normal,0.16373149933637732
2020-12-19 06:20:00,1.49,99.8,993.97,2.48,0.0,0,Normal,0.15817718659074914
2020-12-19 06:30:00,1.03,100.0,993.98,2.24,0.0,0,Normal,0.1516837330233196
2020-12-19 06:40:00,0.91,100.0,994.0,2.65,0.0,0,Normal,0.14605289380514325
2020-12-19 06:50:00,0.8,100.0,993.95,2.42,0.0,0,Normal,0.14786080515420402
2020-12-19 07:00:00,0.6,100.0,993.96,2.3,0.0,0,Normal,0.1471773793819609
2020-12-19 07:10:00,0.59,100.0,993.88,1.83,0.0,0,Normal,0.1531078583373015
2020-12-19 07:20:00,0.73,100.0,993.84,2.57,0.0,0,Normal,0.14414363369227784
2020-12-19 07:30:00,1.19,100.0,993.83,2.94,0.0,0,Normal,0.13905933470216714
2020-12-19 07:40:00,1.53,99.7,993.85,2.32,0.0,0,Normal,0.15861999581143127
2020-12-19 07:50:00,1.59,99.0,993.9,1.94,0.0,0,Normal,0.16492803932382327
2020-12-19 08:00:00,1.13,99.5,993.85,1.91,0.0,0,Normal,0.16201623563896317
2020-12-19 08:10:00,0.78,100.0,993.89,1.71,0.0,0,Normal,0.15506974612273633
2020-12-19 08:20:00,1.09,100.0,993.94,1.67,0.0,0,Normal,0.16019554208258674
2020-12-19 08:30:00,1.43,99.5,993.95,1.73,0.0,0,Normal,0.16874311693712857
2020-12-19 08:40:00,1.61,98.4,993.94,1.7,0.0,0,Normal,0.17111400213232802
2020-12-19 08:50:00,1.69,98.3,993.95,1.59,0.0,0,Normal,0.17377404413722852
2020-12-19 09:00:00,1.72,98.0,994.01,2.0,0.0,0,Normal,0.16960109321001
2020-12-19 09:10:00,1.69,97.7,994.02,2.15,0.0,0,Normal,0.17051735160556558
2020-12-19 09:20:00,1.72,96.3,993.98,1.73,0.0,0,Normal,0.17995667733337523
2020-12-19 09:30:00,1.32,97.3,993.99,1.87,0.0,0,Normal,0.1719405561199262
2020-12-19 09:40:00,1.55,97.1,994.0,1.56,0.0,0,Normal,0.17614000038724437
2020-12-19 09:50:00,1.81,95.8,994.08,1.77,0.0,0,Normal,0.18415750577330953
2020-12-19 10:00:00,2.05,95.1,994.15,1.5,0.0,0,Normal,0.19104940547804855
2020-12-19 10:10:00,2.22,94.0,994.21,1.79,0.0,0,Normal,0.1952009197735084
2020-12-19 10:20:00,2.49,93.2,994.37,1.56,0.0,0,Normal,0.20260166477292813
2020-12-19 10:30:00,2.88,91.8,994.45,1.35,0.0,0,Normal,0.2133660323662664
2020-12-19 10:40:00,3.27,90.4,994.44,1.87,0.0,0,Normal,0.21553200510610282
2020-12-19 10:50:00,3.46,89.8,994.38,2.68,0.0,0,Normal,0.2070575683074407
2020-12-19 11:00:00,3.83,88.8,994.32,3.0,0.0,0,Normal,0.1991880048466685
2020-12-19 11:10:00,4.09,87.3,994.22,4.04,0.0,0,Normal,0.17247662462649221
2020-12-19 11:20:00,4.39,86.1,994.16,3.86,0.0,0,Normal,0.18565812642732832
2020-12-19 11:30:00,4.72,84.9,994.05,4.34,0.0,0,Normal,0.17604582097399896
2020-12-19 11:40:00,5.19,83.3,994.0,3.93,0.0,0,Normal,0.19360353200301256
2020-12-19 11:50:00,5.64,81.4,993.98,3.9,0.0,0,Normal,0.19839893372567247
2020-12-19 12:00:00,6.03,79.88,993.94,3.65,0.0,0,Normal,0.20553562284469878
2020-12-19 12:10:00,6.24,79.23,993.83,3.26,0.0,0,Normal,0.21400846387011024
2020-12-19 12:20:00,6.65,77.79,993.71,3.65,0.0,0,Normal,0.2147440880894016
2020-12-19 12:30:00,6.84,77.35,993.62,3.19,0.0,0,Normal,0.2249796593893088
2020-12-19 12:40:00,7.13,76.68,993.53,2.38,0.0,0,Normal,0.24143827455959
2020-12-19 12:50:00,7.67,74.65,993.41,2.93,0.0,0,Normal,0.23522090025384407
2020-12-19 13:00:00,7.93,73.82,993.35,2.54,0.0,0,Normal,0.23997130843765513
2020-12-19 13:10:00,7.99,73.55,993.27,3.2,0.0,0,Normal,0.2287015500044054
2020-12-19 13:20:00,8.52,71.67,993.21,3.22,0.0,0,Normal,0.2262588396119819
2020-12-19 13:30:00,8.73,70.94,993.14,3.11,0.0,0,Normal,0.2302266066377423
2020-12-19 13:40:00,8.81,70.78,993.05,3.65,0.0,0,Normal,0.2170078006030387
2020-12-19 13:50:00,8.58,71.89,993.08,3.57,0.0,0,Normal,0.21780311725907514
2020-12-19 14:00:00,8.46,72.66,993.01,3.68,0.0,0,Normal,0.21772096379820377
2020-12-19 14:10:00,8.67,71.88,992.92,3.82,0.0,0,Normal,0.21357768686749795
2020-12-19 14:20:00,8.76,71.51,992.91,3.63,0.0,0,Normal,0.2192859601149459
2020-12-19 14:30:00,8.8,71.09,992.9,3.89,0.0,0,Normal,0.21303089739842207
2020-12-19 14:40:00,8.8,71.0,992.84,3.56,0.0,0,Normal,0.22063891138847552
2020-12-19 14:50:00,8.72,71.23,992.85,3.43,0.0,0,Normal,0.22223312385674315
2020-12-19 15:00:00,8.51,72.22,992.84,3.49,0.0,0,Normal,0.22318534662211909
2020-12-19 15:10:00,8.21,73.3,992.85,4.06,0.0,0,Normal,0.2104103194730121
2020-12-19 15:20:00,8.05,74.05,992.88,3.2,0.0,0,Normal,0.23015751694834757
2020-12-19 15:30:00,8.01,74.25,992.92,2.73,0.0,0,Normal,0.24091925150896826
2020-12-19 15:40:00,7.9,74.57,992.97,3.18,0.0,0,Normal,0.23077610368936763
2020-12-19 15:50:00,7.45,76.59,992.99,3.23,0.0,0,Normal,0.22773360215231853
2020-12-19 16:00:00,7.09,78.34,992.99,2.9,0.0,0,Normal,0.23261520916617962
2020-12-19 16:10:00,6.91,79.34,993.06,3.05,0.0,0,Normal,0.2230327377518937
2020-12-19 16:20:00,6.81,80.0,993.12,2.7,0.0,0,Normal,0.23411708675168696
2020-12-19 16:30:00,6.58,80.9,993.14,2.95,0.0,0,Normal,0.22676734021231382
2020-12-19 16:40:00,6.34,82.0,993.19,2.67,0.0,0,Normal,0.2288951830722501
2020-12-19 16:50:00,6.11,82.9,993.23,2.68,0.0,0,Normal,0.22830886218278895
2020-12-19 17:00:00,6.03,83.3,993.23,2.84,0.0,0,Normal,0.22433119013994712
2020-12-19 17:10:00,5.9,83.7,993.3,3.02,0.0,0,Normal,0.21950420258855807
2020-12-19 17:20:00,5.81,84.6,993.42,2.56,0.0,0,Normal,0.22509379292588827
2020-12-19 17:30:00,5.78,85.2,993.59,1.73,0.0,0,Normal,0.23348097571370113
2020-12-19 17:40:00,5.39,86.3,993.68,1.31,0.0,0,Normal,0.23438312717687493
2020-12-19 17:50:00,5.08,88.1,993.74,1.42,0.0,0,Normal,0.2302834039106375
2020-12-19 18:00:00,4.89,88.6,993.79,1.74,0.0,0,Normal,0.22485971569298663
2020-12-19 18:10:00,4.73,89.1,993.88,2.26,0.0,0,Normal,0.22151718529766673
2020-12-19 18:20:00,4.59,89.5,993.96,2.12,0.0,0,Normal,0.22186480903884065
2020-12-19 18:30:00,4.36,90.6,994.04,2.18,0.0,0,Normal,0.21480053340148836
2020-12-19 18:40:00,4.06,91.9,994.16,2.13,0.0,0,Normal,0.21160209474839886
2020-12-19 18:50:00,4.0,92.3,994.14,1.91,0.0,0,Normal,0.21299026960063489
2020-12-19 19:00:00,4.01,92.0,994.19,1.71,0.0,0,Normal,0.21329951987349077
2020-12-19 19:10:00,4.03,91.6,994.3,1.96,0.0,0,Normal,0.21299847152653273
2020-12-19 19:20:00,4.0,91.3,994.26,2.07,0.0,0,Normal,0.2132686009434724
2020-12-19 19:30:00,3.98,91.0,994.24,2.54,0.0,0,Normal,0.20717311137643707
2020-12-19 19:40:00,4.04,90.2,994.23,2.44,0.0,0,Normal,0.21393950285599894
2020-12-19 19:50:00,3.93,90.3,994.2,2.67,0.0,0,Normal,0.20818957161184803
2020-12-19 20:00:00,3.9,89.9,994.16,3.19,0.0,0,Normal,0.1966321937786018
2020-12-19 20:10:00,3.7,90.5,994.17,3.44,0.0,0,Normal,0.1844246851708955
2020-12-19 20:20:00,3.62,90.6,994.2,3.08,0.0,0,Normal,0.19453510358683213
2020-12-19 20:30:00,3.55,90.4,994.11,2.73,0.0,0,Normal,0.20661711822951984
2020-12-19 20:40:00,3.5,90.1,994.07,3.08,0.0,0,Normal,0.19764849468097645
2020-12-19 20:50:00,3.42,90.2,994.05,3.06,0.0,0,Normal,0.19626629493998554
2020-12-19 21:00:00,3.36,90.1,994.07,3.64,0.0,0,Normal,0.18068537810822283
2020-12-19 21:10:00,3.5,88.9,994.06,2.79,0.0,0,Normal,0.2070140128899075
2020-12-19 21:20:00,3.46,88.9,994.05,2.67,0.0,0,Normal,0.21034139284216236
2020-12-19 21:30:00,3.33,89.5,993.93,2.79,0.0,0,Normal,0.20528862210240428
2020-12-19 21:40:00,3.16,90.2,993.83,2.95,0.0,0,Normal,0.19929708362301868
2020-12-19 21:50:00,3.13,89.8,993.9,2.52,0.0,0,Normal,0.2103883207600778
2020-12-19 22:00:00,3.28,88.6,994.03,2.46,0.0,0,Normal,0.2136054371179762
2020-12-19 22:10:00,3.31,88.4,994.08,1.98,0.0,0,Normal,0.21996370838774942
2020-12-19 22:20:00,3.31,88.5,994.12,2.08,0.0,0,Normal,0.21887786219623512
2020-12-19 22:30:00,3.11,89.2,994.16,3.23,0.0,0,Normal,0.19302722576637804
2020-12-19 22:40:00,2.94,90.0,994.17,3.28,0.0,0,Normal,0.19135572007371082
2020-12-19 22:50:00,2.89,89.9,994.17,3.01,0.0,0,Normal,0.19578124505669176
2020-12-19 23:00:00,2.75,90.5,994.18,2.74,0.0,0,Normal,0.20401533534111904
2020-12-19 23:10:00,2.72,90.5,994.23,2.64,0.0,0,Normal,0.2043480327024999
2020-12-19 23:20:00,2.7,90.6,994.23,2.59,0.0,0,Normal,0.20463628670245926
2020-12-19 23:30:00,2.82,89.9,994.23,2.2,0.0,0,Normal,0.2123720571278575
2020-12-19 23:40:00,2.93,89.2,994.26,2.76,0.0,0,Normal,0.20579455693713422
2020-12-19 23:50:00,2.91,89.3,994.35,2.19,0.0,0,Normal,0.2131816652900163
2020-12-20 00:00:00,2.93,89.0,994.33,2.59,0.0,0,Normal,0.20973686738327274
2020-12-20 00:10:00,2.85,89.2,994.23,2.94,0.0,0,Normal,0.19895270983996627
2020-12-20 00:20:00,2.65,90.0,994.14,3.07,0.0,0,Normal,0.1958403252059716
2020-12-20 00:30:00,2.48,90.3,994.16,3.01,0.0,0,Normal,0.18941033566605242
2020-12-20 00:40:00,2.37,90.6,994.19,2.89,0.0,0,Normal,0.19269254419140702
2020-12-20 00:50:00,2.36,90.2,994.21,2.74,0.0,0,Normal,0.200282305147284
2020-12-20 01:00:00,2.46,89.3,994.15,2.9,0.0,0,Normal,0.19693450692767173
2020-12-20 01:10:00,2.52,88.6,994.18,3.78,0.0,0,Normal,0.17686003238430742
2020-12-20 01:20:00,2.47,88.8,994.25,3.83,0.0,0,Normal,0.17173386572705424
2020-12-20 01:30:00,2.33,89.4,994.32,2.89,0.0,0,Normal,0.1945744145258509
2020-12-20 01:40:00,2.06,90.5,994.34,2.11,0.0,0,Normal,0.1996190748162861
2020-12-20 01:50:00,1.96,90.9,994.32,2.48,0.0,0,Normal,0.19467793178250925
2020-12-20 02:00:00,2.01,90.5,994.35,2.34,0.0,0,Normal,0.1981635860492254
2020-12-20 02:10:00,2.09,90.0,994.41,2.47,0.0,0,Normal,0.20125382855546775
2020-12-20 02:20:00,1.94,90.5,994.48,2.28,0.0,0,Normal,0.1989394324885712
2020-12-20 02:30:00,1.82,91.0,994.51,1.77,0.0,0,Normal,0.19606715760541976
2020-12-20 02:40:00,1.69,91.8,994.47,2.45,0.0,0,Normal,0.1857760665786461
2020-12-20 02:50:00,1.55,92.1,994.46,2.19,0.0,0,Normal,0.18751587102898487
2020-12-20 03:00:00,1.56,91.7,994.43,3.22,0.0,0,Normal,0.16743760529773377
2020-12-20 03:10:00,1.68,90.9,994.42,3.28,0.0,0,Normal,0.17198672429738593
2020-12-20 03:20:00,1.71,90.5,994.35,3.54,0.0,0,Normal,0.16585888989864372
2020-12-20 03:30:00,1.64,90.6,994.29,3.55,0.0,0,Normal,0.16568967987819078
2020-12-20 03:40:00,1.58,90.9,994.27,2.96,0.0,0,Normal,0.17721257366691184
2020-12-20 03:50:00,1.55,90.9,994.24,3.31,0.0,0,Normal,0.1706940628367793
2020-12-20 04:00:00,1.56,90.7,994.29,2.64,0.0,0,Normal,0.18681876594308083
2020-12-20 04:10:00,1.46,91.1,994.23,2.69,0.0,0,Normal,0.18232784847876604
2020-12-20 04:20:00,1.35,91.5,994.28,2.39,0.0,0,Normal,0.1877282925098161
2020-12-20 04:30:00,1.16,92.4,994.39,2.18,0.0,0,Normal,0.18345257779614887
2020-12-20 04:40:00,1.2,92.4,994.48,1.96,0.0,0,Normal,0.18590357962255394
2020-12-20 04:50:00,1.21,92.0,994.45,1.5,0.0,0,Normal,0.19381794606902453
2020-12-20 05:00:00,1.23,91.8,994.36,2.27,0.0,0,Normal,0.18378279353378174
2020-12-20 05:10:00,1.17,91.9,994.46,2.62,0.0,0,Normal,0.17779031877049734
2020-12-20 05:20:00,1.17,91.7,994.5,3.53,0.0,0,Normal,0.15617178425619577
2020-12-20 05:30:00,1.14,91.9,994.46,3.19,0.0,0,Normal,0.16532411361728933
2020-12-20 05:40:00,1.01,92.4,994.48,3.28,0.0,0,Normal,0.15912069340511786
2020-12-20 05:50:00,1.21,91.4,994.46,3.33,0.0,0,Normal,0.16372220044250924
2020-12-20 06:00:00,1.2,91.5,994.44,3.01,0.0,0,Normal,0.16739020956224543
2020-12-20 06:10:00,1.18,91.6,994.46,2.99,0.0,0,Normal,0.16766439742790334
2020-12-20 06:20:00,1.31,90.9,994.34,2.95,0.0,0,Normal,0.1747689165114788
2020-12-20 06:30:00,1.49,90.0,994.22,3.34,0.0,0,Normal,0.173064447866485
2020-12-20 06:40:00,1.75,88.7,994.2,3.57,0.0,0,Normal,0.169685620222914
2020-12-20 06:50:00,2.01,87.4,994.2,3.37,0.0,0,Normal,0.17978612133987615
2020-12-20 07:00:00,2.08,87.2,994.18,3.35,0.0,0,Normal,0.18078595087746469
2020-12-20 07:10:00,2.15,87.0,994.2,2.97,0.0,0,Normal,0.19405352288920458
2020-12-20 07:20:00,2.12,87.2,994.25,2.58,0.0,0,Normal,0.2029456033622058
2020-12-20 07:30:00,2.13,87.2,994.31,2.6,0.0,0,Normal,0.20250195413708866
2020-12-20 07:40:00,2.16,87.1,994.25,2.51,0.0,0,Normal,0.20666970677712104
2020-12-20 07:50:00,2.11,87.5,994.25,2.62,0.0,0,Normal,0.20268147501390055
2020-12-20 08:00:00,2.07,87.7,994.29,2.89,0.0,0,Normal,0.194458703236554
2020-12-20 08:10:00,2.14,87.4,994.29,3.23,0.0,0,Normal,0.18710826581589357
2020-12-20 08:20:00,2.19,87.2,994.26,3.33,0.0,0,Normal,0.1845113186885703
2020-12-20 08:30:00,2.26,86.8,994.22,3.81,0.0,0,Normal,0.17376382611193508
2020-12-20 08:40:00,2.37,86.2,994.28,3.83,0.0,0,Normal,0.1757922426578245
2020-12-20 08:50:00,2.48,85.6,994.27,3.59,0.0,0,Normal,0.18706943749599259
2020-12-20 09:00:00,2.45,85.9,994.17,3.17,0.0,0,Normal,0.19686267896043402
2020-12-20 09:10:00,2.54,85.1,994.2,3.66,0.0,0,Normal,0.18749999837922826
2020-12-20 09:20:00,2.7,84.1,994.14,3.84,0.0,0,Normal,0.18591105466519497
2020-12-20 09:30:00,2.69,83.8,994.19,3.75,0.0,0,Normal,0.19103153725264005
2020-12-20 09:40:00,2.59,84.1,994.25,4.58,0.0,0,Normal,0.1604353502262426
2020-12-20 09:50:00,2.58,84.3,994.26,4.53,0.0,0,Normal,0.1608253728826442
2020-12-20 10:00:00,2.47,85.0,994.31,4.55,0.0,0,Normal,0.15825129579329877
2020-12-20 10:10:00,2.45,85.4,994.34,3.59,0.0,0,Normal,0.1863616886820677
2020-12-20 10:20:00,2.52,85.1,994.44,2.96,0.0,0,Normal,0.2053731033755843
2020-12-20 10:30:00,2.66,84.4,994.47,3.19,0.0,0,Normal,0.2039316310609674
2020-12-20 10:40:00,2.78,83.7,994.47,3.33,0.0,0,Normal,0.2004804576781783
2020-12-20 10:50:00,2.91,83.7,994.42,2.47,0.0,0,Normal,0.22268657024109428
2020-12-20 11:00:00,2.93,83.7,994.41,3.16,0.0,0,Normal,0.206895944964815
2020-12-20 11:10:00,2.91,83.9,994.46,3.38,0.0,0,Normal,0.19876569346120193
2020-12-20 11:20:00,2.91,84.4,994.53,2.83,0.0,0,Normal,0.21410826242084252
2020-12-20 11:30:00,2.97,84.5,994.38,2.95,0.0,0,Normal,0.2093696013487108
2020-12-20 11:40:00,3.03,84.6,994.35,2.91,0.0,0,Normal,0.21027383475997302
2020-12-20 11:50:00,3.24,83.9,994.28,2.65,0.0,0,Normal,0.21889564898527664
2020-12-20 12:00:00,3.49,82.6,994.24,3.22,0.0,0,Normal,0.20417802315959083
2020-12-20 12:10:00,3.73,81.5,994.1,3.13,0.0,0,Normal,0.2123559889651102
2020-12-20 12:20:00,3.92,81.3,994.06,2.65,0.0,0,Normal,0.22461219007842437
2020-12-20 12:30:00,4.1,80.6,994.08,2.79,0.0,0,Normal,0.22290036576505573
2020-12-20 12:40:00,4.28,79.59,994.04,3.05,0.0,0,Normal,0.21842770898380204
2020-12-20 12:50:00,4.52,78.26,993.92,2.67,0.0,0,Normal,0.23222947108701342
2020-12-20 13:00:00,4.74,76.72,993.83,2.9,0.0,0,Normal,0.22905350308678435
2020-12-20 13:10:00,4.9,76.1,993.78,2.55,0.0,0,Normal,0.23454398346502975
2020-12-20 13:20:00,4.94,75.85,993.74,3.12,0.0,0,Normal,0.22494913685556273
2020-12-20 13:30:00,4.94,75.97,993.67,3.09,0.0,0,Normal,0.2247206952626979
2020-12-20 13:40:00,5.02,76.07,993.72,2.03,0.0,0,Normal,0.23937748514811735
2020-12-20 13:50:00,5.08,75.89,993.79,2.04,0.0,0,Normal,0.2396040769663338
2020-12-20 14:00:00,5.09,75.88,993.82,2.36,0.0,0,Normal,0.23780924512421586
2020-12-20 14:10:00,5.13,75.85,993.85,2.44,0.0,0,Normal,0.23711360214876903
2020-12-20 14:20:00,5.17,75.55,993.88,2.65,0.0,0,Normal,0.23523399615345553
2020-12-20 14:30:00,5.26,75.24,993.9,2.92,0.0,0,Normal,0.23163851105965316
2020-12-20 14:40:00,5.27,75.68,993.88,3.01,0.0,0,Normal,0.2263518005154943
2020-12-20 14:50:00,5.27,75.99,993.88,3.36,0.0,0,Normal,0.2182528357753587
2020-12-20 15:00:00,5.32,76.11,994.01,3.1,0.0,0,Normal,0.22459126781500927
2020-12-20 15:10:00,5.33,76.3,994.07,2.06,0.0,0,Normal,0.24058300220273915
2020-12-20 15:20:00,5.35,75.98,994.18,2.45,0.0,0,Normal,0.23637025619989738
2020-12-20 15:30:00,5.34,76.3,994.24,2.3,0.0,0,Normal,0.23884483417197477
2020-12-20 15:40:00,5.36,76.57,994.22,1.57,0.0,0,Normal,0.2421240325237265
2020-12-20 15:50:00,5.24,77.37,994.31,1.98,0.0,0,Normal,0.23894519811877918
2020-12-20 16:00:00,5.18,77.71,994.45,2.03,0.0,0,Normal,0.23810078946273305
2020-12-20 16:10:00,5.23,77.79,994.58,2.09,0.0,0,Normal,0.23893612952330578
2020-12-20 16:20:00,5.24,77.61,994.49,3.35,0.0,0,Normal,0.2136510420916855
2020-12-20 16:30:00,5.14,77.98,994.53,3.01,0.0,0,Normal,0.22157059567675313
2020-12-20 16:40:00,5.09,78.63,994.59,2.87,0.0,0,Normal,0.22701313755966845
2020-12-20 16:50:00,5.03,79.57,994.6,1.7,0.0,0,Normal,0.23732983967526167
2020-12-20 17:00:00,4.92,80.3,994.74,1.49,0.0,0,Normal,0.2365344045892147
2020-12-20 17:10:00,4.89,80.8,994.72,2.26,0.0,0,Normal,0.23444665752640492
2020-12-20 17:20:00,4.8,81.3,994.65,2.65,0.0,0,Normal,0.22782629709462
2020-12-20 17:30:00,4.71,81.9,994.72,2.62,0.0,0,Normal,0.22624447337582188
2020-12-20 17:40:00,4.71,81.9,994.72,2.88,0.0,0,Normal,0.22167265511730377
2020-12-20 17:50:00,4.71,82.2,994.78,2.14,0.0,0,Normal,0.23343969926085933
2020-12-20 18:00:00,4.66,82.7,994.72,2.14,0.0,0,Normal,0.23348407992105796
2020-12-20 18:10:00,4.69,82.6,994.69,2.51,0.0,0,Normal,0.22811099246528144
2020-12-20 18:20:00,4.68,82.9,994.79,2.22,0.0,0,Normal,0.2338722841472644
2020-12-20 18:30:00,4.67,83.4,994.84,2.37,0.0,0,Normal,0.23189856201636638
2020-12-20 18:40:00,4.71,83.5,994.88,1.99,0.0,0,Normal,0.23604924332864258
2020-12-20 18:50:00,4.76,83.5,994.85,2.16,0.0,0,Normal,0.23413295630345032
2020-12-20 19:00:00,4.8,83.7,994.87,2.12,0.0,0,Normal,0.2346375221578515
2020-12-20 19:10:00,4.82,84.1,994.93,2.31,0.0,0,Normal,0.2297981054690164
2020-12-20 19:20:00,4.81,84.5,995.05,2.07,0.0,0,Normal,0.23289532735506852
2020-12-20 19:30:00,4.8,85.0,995.14,2.03,0.0,0,Normal,0.23172734358811792
2020-12-20 19:40:00,4.72,85.9,995.29,2.06,0.0,0,Normal,0.22963714934928176
2020-12-20 19:50:00,4.63,86.5,995.27,1.72,0.0,0,Normal,0.2305749571189989
2020-12-20 20:00:00,4.77,86.1,995.36,2.36,0.0,0,Normal,0.22645312905343745
2020-12-20 20:10:00,4.88,85.4,995.45,2.35,0.0,0,Normal,0.2284824701533683
2020-12-20 20:20:00,4.95,85.1,995.5,2.62,0.0,0,Normal,0.2243600102535609
2020-12-20 20:30:00,5.01,84.8,995.68,2.64,0.0,0,Normal,0.22430511513071788
2020-12-20 20:40:00,4.95,85.7,995.79,2.13,0.0,0,Normal,0.23076590689014487
2020-12-20 20:50:00,4.78,87.5,995.95,2.33,0.0,0,Normal,0.22112821757057421
2020-12-20 21:00:00,4.63,89.7,996.05,1.62,0.1,0,Normal,0.13589929871073003
2020-12-20 21:10:00,4.41,92.2,996.16,1.91,0.1,0,Normal,0.13324212879590985
2020-12-20 21:20:00,4.21,94.4,996.16,1.47,0.0,0,Normal,0.20491127124658276
2020-12-20 21:30:00,4.08,95.9,996.2,1.85,0.1,0,Normal,0.11959340662493534
2020-12-20 21:40:00,4.01,96.7,996.28,1.92,0.0,0,Normal,0.19511326230139248
2020-12-20 21:50:00,3.89,97.3,996.3,2.32,0.1,0,Normal,0.10173156918990689
2020-12-20 22:00:00,3.82,98.0,996.29,2.45,0.1,0,Normal,0.09907314996308969
2020-12-20 22:10:00,3.76,98.3,996.18,2.93,0.0,0,Normal,0.17285129788588743
2020-12-20 22:20:00,3.7,98.3,996.17,2.96,0.0,0,Normal,0.17161054068435988
2020-12-20 22:30:00,3.64,98.7,996.2,2.8,0.1,0,Normal,0.0937512902737001
2020-12-20 22:40:00,3.61,98.6,996.29,2.92,0.0,0,Normal,0.17133439486597746
2020-12-20 22:50:00,3.61,98.9,996.37,2.48,0.0,0,Normal,0.17938199523707749
2020-12-20 23:00:00,3.55,99.6,996.37,2.49,0.0,0,Normal,0.17828410921806515
2020-12-20 23:10:00,3.54,99.9,996.4,2.77,0.0,0,Normal,0.17051155567788956
2020-12-20 23:20:00,3.53,100.0,996.44,3.49,0.0,0,Normal,0.1482738720269825
2020-12-20 23:30:00,3.53,100.0,996.44,3.18,0.0,0,Normal,0.15711960740009684
2020-12-20 23:40:00,3.52,100.0,996.52,3.09,0.0,0,Normal,0.15891380534271637
2020-12-20 23:50:00,3.51,100.0,996.56,3.08,0.0,0,Normal,0.1580893894065109
2020-12-21 00:00:00,3.5,100.0,996.54,2.69,0.0,0,Normal,0.1686560442887441
2020-12-21 00:10:00,3.49,100.0,996.53,2.98,0.0,0,Normal,0.16021556512247176
2020-12-21 00:20:00,3.5,100.0,996.48,2.63,0.0,0,Normal,0.17038427765619435
2020-12-21 00:30:00,3.53,99.9,996.52,2.43,0.0,0,Normal,0.17578565526600126
2020-12-21 00:40:00,3.55,99.6,996.5,2.66,0.0,0,Normal,0.17546930359273682
2020-12-21 00:50:00,3.53,99.3,996.47,2.87,0.0,0,Normal,0.16987120753706092
2020-12-21 01:00:00,3.53,99.0,996.59,2.62,0.0,0,Normal,0.17548813765675142
2020-12-21 01:10:00,3.53,98.5,996.69,2.48,0.0,0,Normal,0.18069443425374832
2020-12-21 01:20:00,3.53,98.6,996.7,2.7,0.0,0,Normal,0.17605005956230846
2020-12-21 01:30:00,3.54,98.4,996.61,2.78,0.0,0,Normal,0.17600129921130298
2020-12-21 01:40:00,3.5,98.3,996.61,2.7,0.0,0,Normal,0.17608855376956944
2020-12-21 01:50:00,3.46,98.3,996.67,2.58,0.0,0,Normal,0.17785809650514356
2020-12-21 02:00:00,3.39,98.3,996.65,2.89,0.0,0,Normal,0.16950110507542532
2020-12-21 02:10:00,3.24,99.1,996.68,2.63,0.0,0,Normal,0.171952739725723
2020-12-21 02:20:00,3.26,98.3,996.67,2.79,0.0,0,Normal,0.1714606700662351
2020-12-21 02:30:00,3.21,97.8,996.78,2.87,0.0,0,Normal,0.172190029739471
2020-12-21 02:40:00,3.19,97.4,996.94,2.6,0.0,0,Normal,0.1790392282691292
2020-12-21 02:50:00,3.16,97.5,997.08,1.35,0.0,0,Normal,0.18725592769281774
2020-12-21 03:00:00,3.16,97.6,997.19,0.81,0.0,0,Normal,0.18321546655562887
2020-12-21 03:10:00,3.01,98.1,997.16,1.14,0.0,0,Normal,0.18446161693158136
2020-12-21 03:20:00,2.79,99.2,997.12,1.01,0.0,0,Normal,0.17849088921160244
2020-12-21 03:30:00,2.63,99.9,997.11,0.63,0.0,0,Normal,0.17077857037180633
2020-12-21 03:40:00,2.59,99.9,997.03,1.66,0.0,0,Normal,0.17188182798517143
2020-12-21 03:50:00,2.56,99.7,997.07,1.6,0.0,0,Normal,0.1742785932925482
2020-12-21 04:00:00,2.52,99.4,997.1,1.11,0.0,0,Normal,0.17719821922550189
2020-12-21 04:10:00,2.4,99.7,997.13,0.88,0.0,0,Normal,0.17034370628611956
2020-12-21 04:20:00,2.35,99.8,997.05,1.69,0.0,0,Normal,0.16805495104309853
2020-12-21 04:30:00,2.23,100.0,996.94,1.78,0.0,0,Normal,0.16593628737784838
2020-12-21 04:40:00,2.2,100.0,996.99,2.03,0.0,0,Normal,0.1610136941501888
2020-12-21 04:50:00,2.18,99.9,997.02,1.28,0.0,0,Normal,0.16993663314147556
2020-12-21 05:00:00,2.19,99.9,997.06,0.9,0.0,0,Normal,0.16753201702137305
2020-12-21 05:10:00,2.08,100.0,997.07,1.41,0.0,0,Normal,0.16656558002178862
2020-12-21 05:20:00,2.07,100.0,997.01,1.6,0.0,0,Normal,0.1626157256972004
2020-12-21 05:30:00,1.99,100.0,996.87,1.77,0.0,0,Normal,0.1625583548408444
2020-12-21 05:40:00,1.83,100.0,996.87,1.54,0.0,0,Normal,0.16158004103527024
2020-12-21 05:50:00,1.76,100.0,996.88,1.23,0.0,0,Normal,0.16426644180960093
2020-12-21 06:00:00,1.58,100.0,996.89,0.91,0.0,0,Normal,0.16074686845282526
2020-12-21 06:10:00,1.56,100.0,996.85,0.65,0.0,0,Normal,0.15796470537927765
2020-12-21 06:20:00,1.77,100.0,996.97,1.84,0.0,0,Normal,0.15722754738573375
2020-12-21 06:30:00,1.86,100.0,997.0,1.85,0.0,0,Normal,0.15809830630965094
2020-12-21 06:40:00,1.75,100.0,996.95,1.28,0.0,0,Normal,0.1631846694281659
2020-12-21 06:50:00,1.52,100.0,996.83,1.67,0.0,0,Normal,0.15897863051844552
2020-12-21 07:00:00,1.51,100.0,996.89,1.23,0.0,0,Normal,0.16332087135031337
2020-12-21 07:10:00,1.58,100.0,997.01,1.49,0.0,0,Normal,0.1585776773672301
2020-12-21 07:20:00,1.67,100.0,996.94,1.24,0.0,0,Normal,0.16469352839732826
2020-12-21 07:30:00,1.67,100.0,997.02,1.14,0.0,0,Normal,0.16165961627730546
2020-12-21 07:40:00,1.6,100.0,997.03,1.13,0.0,0,Normal,0.15945754451189165
2020-12-21 07:50:00,1.58,100.0,997.02,1.18,0.0,0,Normal,0.1595429139557883
2020-12-21 08:00:00,1.57,100.0,996.99,1.97,0.0,0,Normal,0.15255757911698503
2020-12-21 08:10:00,1.52,100.0,997.05,1.51,0.0,0,Normal,0.15795783589000023
2020-12-21 08:20:00,1.47,100.0,997.14,2.03,0.0,0,Normal,0.1502828250585077
2020-12-21 08:30:00,1.49,100.0,997.22,1.98,0.0,0,Normal,0.14904071279897474
2020-12-21 08:40:00,1.48,100.0,997.2,2.45,0.0,0,Normal,0.14685814950801634
2020-12-21 08:50:00,1.28,100.0,997.28,2.3,0.0,0,Normal,0.1454701208914358
2020-12-21 09:00:00,1.43,100.0,997.27,1.85,0.0,0,Normal,0.15233921901889796
2020-12-21 09:10:00,1.62,100.0,997.28,1.48,0.0,0,Normal,0.15546645751695504
2020-12-21 09:20:00,1.78,99.8,997.23,1.55,0.0,0,Normal,0.16053445323564391
2020-12-21 09:30:00,1.8,99.8,997.15,1.43,0.0,0,Normal,0.1647953266575648
2020-12-21 09:40:00,1.93,99.1,997.16,1.17,0.0,0,Normal,0.1689849766659039
2020-12-21 09:50:00,2.1,98.6,997.11,1.43,0.0,0,Normal,0.17286745871745862
2020-12-21 10:00:00,2.41,97.3,997.06,1.3,0.0,0,Normal,0.18031863232878037
2020-12-21 10:10:00,2.57,96.9,997.05,1.64,0.0,0,Normal,0.18058265714420446
2020-12-21 10:20:00,2.96,95.5,997.01,1.0,0.0,0,Normal,0.19490509936533768
2020-12-21 10:30:00,3.34,93.7,996.99,1.15,0.0,0,Normal,0.20359075323881276
2020-12-21 10:40:00,3.58,93.8,997.0,1.29,0.0,0,Normal,0.20648988800875556
2020-12-21 10:50:00,3.96,92.7,996.91,2.07,0.0,0,Normal,0.2067437541745562
2020-12-21 11:00:00,4.27,92.4,996.8,2.56,0.0,0,Normal,0.19908675658702107
2020-12-21 11:10:00,4.65,91.5,996.71,2.4,0.0,0,Normal,0.20715134734856705
2020-12-21 11:20:00,4.95,90.9,996.6,2.67,0.0,0,Normal,0.2058262588287273
2020-12-21 11:30:00,5.23,90.6,996.42,2.51,0.0,0,Normal,0.21059048848840534
2020-12-21 11:40:00,5.48,89.8,996.35,3.59,0.0,0,Normal,0.18711806338365683
2020-12-21 11:50:00,5.65,89.4,996.21,3.28,0.0,0,Normal,0.19871652758857
2020-12-21 12:00:00,5.94,88.2,996.05,3.53,0.0,0,Normal,0.1944912538539143
2020-12-21 12:10:00,6.08,87.7,995.98,3.7,0.0,0,Normal,0.19349385363772398
2020-12-21 12:20:00,6.31,86.8,995.93,3.09,0.0,0,Normal,0.20910780783211952
2020-12-21 12:30:00,6.29,86.5,995.76,3.58,0.0,0,Normal,0.19939297770131392
2020-12-21 12:40:00,6.3,86.3,995.62,4.07,0.0,0,Normal,0.1817404727326934
2020-12-21 12:50:00,6.26,86.7,995.58,3.85,0.0,0,Normal,0.1902699768827465
2020-12-21 13:00:00,6.01,87.8,995.38,3.38,0.0,0,Normal,0.20296367590996367
2020-12-21 13:10:00,5.77,88.4,995.24,3.36,0.0,0,Normal,0.19917959538987018
2020-12-21 13:20:00,5.72,88.8,995.18,3.14,0.0,0,Normal,0.20502252981788155
2020-12-21 13:30:00,5.73,88.9,995.16,3.2,0.0,0,Normal,0.2031626178754773
2020-12-21 13:40:00,5.74,88.9,995.12,2.97,0.0,0,Normal,0.20692815257021296
2020-12-21 13:50:00,5.89,88.5,995.11,2.12,0.0,0,Normal,0.22432825442146276
2020-12-21 14:00:00,6.09,88.0,995.06,2.42,0.0,0,Normal,0.2238460183830755
2020-12-21 14:10:00,6.26,87.9,994.98,2.04,0.0,0,Normal,0.22812673888670904
2020-12-21 14:20:00,6.63,86.5,994.73,1.87,0.0,0,Normal,0.2342857041506584
2020-12-21 14:30:00,6.98,84.9,994.73,2.42,0.0,0,Normal,0.23266893337799077
2020-12-21 14:40:00,6.86,85.6,994.58,2.66,0.0,0,Normal,0.2289499143767802
2020-12-21 14:50:00,7.04,84.6,994.39,2.92,0.0,0,Normal,0.22459345318971952
2020-12-21 15:00:00,6.85,85.3,994.23,3.18,0.0,0,Normal,0.21617849065669514
2020-12-21 15:10:00,6.27,88.2,994.2,2.82,0.0,0,Normal,0.21541365242226124
2020-12-21 15:20:00,6.09,88.8,994.14,2.67,0.0,0,Normal,0.21911842121520742
2020-12-21 15:30:00,6.0,89.1,994.02,2.49,0.0,0,Normal,0.22163174434161903
2020-12-21 15:40:00,5.74,90.4,994.05,2.6,0.0,0,Normal,0.2142607508572008
2020-12-21 15:50:00,5.63,91.4,993.99,2.53,0.0,0,Normal,0.20956893788863729
2020-12-21 16:00:00,5.68,91.6,993.86,1.98,0.0,0,Normal,0.21793456169818415
2020-12-21 16:10:00,5.74,91.2,993.81,2.34,0.0,0,Normal,0.21367313500411894
2020-12-21 16:20:00,5.68,91.4,993.72,2.33,0.0,0,Normal,0.21283490256934323
2020-12-21 16:30:00,5.55,91.8,993.62,2.81,0.0,0,Normal,0.20551145939904508
2020-12-21 16:40:00,5.3,92.9,993.54,2.32,0.0,0,Normal,0.20851945525310656
2020-12-21 16:50:00,5.27,92.1,993.43,2.41,0.0,0,Normal,0.21188125480404252
2020-12-21 17:00:00,5.24,91.8,993.34,2.32,0.0,0,Normal,0.2114510606767337
2020-12-21 17:10:00,5.1,92.6,993.27,2.51,0.0,0,Normal,0.20970928716864834
2020-12-21 17:20:00,5.14,92.1,993.09,2.24,0.0,0,Normal,0.21245091423603185
2020-12-21 17:30:00,5.23,91.5,993.13,1.65,0.0,0,Normal,0.2174232473989005
2020-12-21 17:40:00,5.25,91.2,993.01,1.83,0.0,0,Normal,0.2181386449669958
2020-12-21 17:50:00,5.17,91.6,992.86,1.93,0.0,0,Normal,0.21764422061643252
2020-12-21 18:00:00,5.12,91.7,992.8,2.39,0.0,0,Normal,0.21274889255024243
2020-12-21 18:10:00,5.26,90.8,992.83,2.58,0.0,0,Normal,0.21382413551578294
2020-12-21 18:20:00,5.34,90.7,992.84,2.88,0.0,0,Normal,0.20792703602736246
2020-12-21 18:30:00,5.28,92.1,992.7,3.17,0.1,0,Normal,0.11785787252720359
2020-12-21 18:40:00,5.16,93.9,992.49,3.29,0.0,0,Normal,0.18875053199546482
2020-12-21 18:50:00,4.91,96.1,992.36,2.54,0.0,0,Normal,0.2025658728278693
2020-12-21 19:00:00,4.59,98.3,992.13,2.47,0.1,0,Normal,0.10616510174027238
2020-12-21 19:10:00,4.4,99.4,991.86,2.79,0.0,0,Normal,0.17719014054127008
2020-12-21 19:20:00,4.35,99.8,991.66,2.75,0.0,0,Normal,0.1789034576207844
2020-12-21 19:30:00,4.35,99.8,991.61,1.98,0.0,0,Normal,0.18930121874557765
2020-12-21 19:40:00,4.46,99.1,991.5,1.92,0.0,0,Normal,0.19270225444717987
2020-12-21 19:50:00,4.54,99.3,991.39,2.45,0.0,0,Normal,0.18478195788751545
2020-12-21 20:00:00,4.6,99.9,991.24,2.7,0.0,0,Normal,0.17926831816460925
2020-12-21 20:10:00,4.66,99.7,991.0,3.04,0.0,0,Normal,0.17295858424936333
2020-12-21 20:20:00,4.62,99.8,990.88,3.73,0.0,0,Normal,0.1594753585477371
2020-12-21 20:30:00,4.62,100.0,990.61,3.36,0.0,0,Normal,0.16098660756570143
2020-12-21 20:40:00,4.69,100.0,990.38,2.88,0.1,0,Normal,0.09581274645149884
2020-12-21 20:50:00,4.6,100.0,990.18,2.92,0.0,0,Normal,0.1727215409526161
2020-12-21 21:00:00,4.52,100.0,989.95,2.85,0.0,0,Normal,0.17484300517496315
2020-12-21 21:10:00,4.62,100.0,989.66,2.79,0.0,0,Normal,0.17568472304671323
2020-12-21 21:20:00,4.73,100.0,989.39,2.81,0.0,0,Normal,0.1758589761380005
2020-12-21 21:30:00,4.84,99.8,989.57,2.67,0.0,0,Normal,0.1829614753462216
2020-12-21 21:40:00,5.08,98.7,989.62,2.75,0.0,0,Normal,0.1840109174511959
2020-12-21 21:50:00,5.25,97.9,989.51,2.62,0.0,0,Normal,0.1910080007928529
2020-12-21 22:00:00,5.17,98.3,989.08,3.37,0.0,0,Normal,0.16824935082246162
2020-12-21 22:10:00,5.22,97.9,988.95,4.4,0.0,0,Normal,0.14430450059854472
2020-12-21 22:20:00,5.58,95.6,988.83,4.36,0.0,0,Normal,0.1602271273956406
2020-12-21 22:30:00,6.1,92.4,988.73,5.44,0.0,0,Normal,0.1409944934021754
2020-12-21 22:40:00,6.59,89.7,988.65,5.47,0.0,0,Normal,0.1523616303444773
2020-12-21 22:50:00,6.67,89.4,988.52,4.62,0.0,0,Normal,0.17406885998371707
2020-12-21 23:00:00,6.78,88.4,988.48,6.03,0.0,0,Normal,0.138683675187677
2020-12-21 23:10:00,6.89,87.9,988.32,5.78,0.0,0,Normal,0.1474774698212432
2020-12-21 23:20:00,6.77,88.9,988.06,4.42,0.0,0,Normal,0.1779136945908153
2020-12-21 23:30:00,6.53,90.2,987.99,3.78,0.0,0,Normal,0.19531106957764854
2020-12-21 23:40:00,6.49,90.6,987.97,3.2,0.0,0,Normal,0.20697278319927587
2020-12-21 23:50:00,6.49,90.9,987.78,3.02,0.0,0,Normal,0.20743781396522692
2020-12-22 00:00:00,6.56,90.8,987.85,3.17,0.0,0,Normal,0.20784956600909654
2020-12-22 00:10:00,6.7,90.5,987.78,3.06,0.0,0,Normal,0.20960809165985977
2020-12-22 00:20:00,6.88,89.9,987.59,3.33,0.0,0,Normal,0.2045039898660163
2020-12-22 00:30:00,6.96,89.7,987.28,4.01,0.0,0,Normal,0.18451144153721427
2020-12-22 00:40:00,7.0,89.8,987.14,3.53,0.0,0,Normal,0.19965882671214896
2020-12-22 00:50:00,7.02,90.2,987.23,2.39,0.0,0,Normal,0.22262761865830039
2020-12-22 01:00:00,7.07,90.4,987.22,2.18,0.0,0,Normal,0.22368667982082308
2020-12-22 01:10:00,7.04,90.8,987.14,1.9,0.0,0,Normal,0.22659819647551804
2020-12-22 01:20:00,7.0,92.1,987.0,1.47,0.2,0,Normal,0.09754087727867389
2020-12-22 01:30:00,6.9,94.2,986.75,3.08,0.1,0,Normal,0.12140450518114987
2020-12-22 01:40:00,6.63,97.4,986.55,3.33,0.5,1,Anomaly,-0.01639183948927392
2020-12-22 01:50:00,6.65,98.7,986.39,2.9,0.3,0,Normal,0.026267947100153233
2020-12-22 02:00:00,6.76,98.8,986.24,3.35,0.1,0,Normal,0.09726545224536232
2020-12-22 02:10:00,6.98,97.8,986.25,2.92,0.3,0,Normal,0.028047469115831114
2020-12-22 02:20:00,6.94,98.7,986.19,3.58,0.0,0,Normal,0.16500361252974732
2020-12-22 02:30:00,6.94,99.3,986.01,3.9,0.0,0,Normal,0.1531081563342574
2020-12-22 02:40:00,7.07,98.8,986.02,3.36,0.0,0,Normal,0.1667994543139062
2020-12-22 02:50:00,7.18,98.6,985.88,3.22,0.0,0,Normal,0.17380761906461062
2020-12-22 03:00:00,7.11,99.7,985.87,2.58,0.0,0,Normal,0.18355998685275787
2020-12-22 03:10:00,7.12,99.7,985.89,2.73,0.0,0,Normal,0.18101341980927715
2020-12-22 03:20:00,7.43,97.8,985.78,3.46,0.0,0,Normal,0.17193633702167455
2020-12-22 03:30:00,7.71,96.0,985.7,4.43,0.0,0,Normal,0.15499546904780137
2020-12-22 03:40:00,8.14,93.5,985.54,4.8,0.0,0,Normal,0.15445593663209967
2020-12-22 03:50:00,8.41,92.4,985.5,4.87,0.0,0,Normal,0.1543116519837347
2020-12-22 04:00:00,8.8,90.9,985.23,5.61,0.0,0,Normal,0.14658486685150096
2020-12-22 04:10:00,8.7,91.6,985.0,4.55,0.0,0,Normal,0.16059365643682905
2020-12-22 04:20:00,9.06,89.9,984.87,6.49,0.0,0,Normal,0.12269000154131704
2020-12-22 04:30:00,9.34,88.7,984.93,5.07,0.0,0,Normal,0.16104948962047244
2020-12-22 04:40:00,9.46,88.0,984.93,5.99,0.0,0,Normal,0.14294988738132636
2020-12-22 04:50:00,9.67,87.3,985.03,6.3,0.0,0,Normal,0.13467263137005142
2020-12-22 05:00:00,9.76,87.3,985.04,7.29,0.0,0,Normal,0.1024556975906179
2020-12-22 05:10:00,9.89,87.0,984.73,8.41,0.0,0,Normal,0.08568671287419483
2020-12-22 05:20:00,10.01,86.8,984.52,8.17,0.0,0,Normal,0.09125912541353576
2020-12-22 05:30:00,10.04,86.8,984.73,7.12,0.0,0,Normal,0.1092731171467417
2020-12-22 05:40:00,10.07,86.7,984.73,7.31,0.0,0,Normal,0.10476334314225921
2020-12-22 05:50:00,10.16,86.1,984.66,8.01,0.0,0,Normal,0.09703152176635332
2020-12-22 06:00:00,10.26,85.8,984.54,7.93,0.0,0,Normal,0.09771702491317147
2020-12-22 06:10:00,10.32,85.9,984.57,7.46,0.0,0,Normal,0.1055613720108115
2020-12-22 06:20:00,10.41,85.8,984.59,6.52,0.0,0,Normal,0.13270602905726953
2020-12-22 06:30:00,10.47,85.6,984.58,6.47,0.0,0,Normal,0.135217212305205
2020-12-22 06:40:00,10.49,85.8,984.52,5.86,0.0,0,Normal,0.15182822669059703
2020-12-22 06:50:00,10.58,85.6,984.34,5.83,0.0,0,Normal,0.1521055766757684
2020-12-22 07:00:00,10.64,85.7,984.34,4.93,0.0,0,Normal,0.17333955401743167
2020-12-22 07:10:00,10.71,85.9,984.35,4.89,0.0,0,Normal,0.17316514859646615
2020-12-22 07:20:00,10.84,85.6,984.32,4.01,0.0,0,Normal,0.19237798572918863
2020-12-22 07:30:00,10.88,85.8,984.31,3.9,0.0,0,Normal,0.19485408418812245
2020-12-22 07:40:00,10.9,86.2,984.3,3.42,0.0,0,Normal,0.20863788983301274
2020-12-22 07:50:00,11.08,86.1,984.43,4.02,0.0,0,Normal,0.19119916974374396
2020-12-22 08:00:00,11.31,85.5,984.43,4.57,0.0,0,Normal,0.183179104586229
2020-12-22 08:10:00,11.42,85.4,984.44,5.1,0.0,0,Normal,0.17087235451791505
2020-12-22 08:20:00,11.49,85.5,984.49,4.67,0.0,0,Normal,0.18121051720048548
2020-12-22 08:30:00,11.51,85.8,984.6,3.84,0.0,0,Normal,0.19845844918546646
2020-12-22 08:40:00,11.54,86.2,984.81,3.21,0.0,0,Normal,0.2114782670028797
2020-12-22 08:50:00,11.61,86.3,984.82,3.85,0.0,0,Normal,0.19650020717677735
2020-12-22 09:00:00,11.7,86.2,984.96,3.67,0.0,0,Normal,0.20486811169385294
2020-12-22 09:10:00,11.74,86.3,985.16,3.26,0.0,0,Normal,0.21317566719119208
2020-12-22 09:20:00,11.79,86.2,985.24,4.54,0.0,0,Normal,0.18369390922299134
2020-12-22 09:30:00,11.85,86.2,985.24,4.15,0.0,0,Normal,0.19161861243838108
2020-12-22 09:40:00,12.05,85.6,985.24,5.32,0.0,0,Normal,0.1681885494385552
2020-12-22 09:50:00,12.27,84.9,985.22,5.96,0.0,0,Normal,0.1528726746016124
2020-12-22 10:00:00,12.28,85.1,985.2,5.42,0.0,0,Normal,0.16727712760154662
2020-12-22 10:10:00,12.33,85.1,985.34,5.33,0.0,0,Normal,0.1687186355236654
2020-12-22 10:20:00,12.45,84.9,985.54,4.64,0.0,0,Normal,0.18575573115481253
2020-12-22 10:30:00,12.52,84.9,985.57,4.27,0.0,0,Normal,0.19323043828780462
2020-12-22 10:40:00,12.57,84.8,985.59,5.14,0.0,0,Normal,0.1716186036566973
2020-12-22 10:50:00,12.8,84.2,985.63,4.81,0.0,0,Normal,0.18050526995031368
2020-12-22 11:00:00,13.07,83.3,985.66,5.35,0.0,0,Normal,0.166403587498952
2020-12-22 11:10:00,13.24,82.7,985.67,5.5,0.0,0,Normal,0.16290565733842505
2020-12-22 11:20:00,13.27,82.7,985.69,5.32,0.0,0,Normal,0.16554550884765867
2020-12-22 11:30:00,13.3,82.8,985.69,5.88,0.0,0,Normal,0.15348086636281594
2020-12-22 11:40:00,13.42,82.4,985.74,5.45,0.0,0,Normal,0.16316480723351084
2020-12-22 11:50:00,13.45,82.4,985.93,4.25,0.0,0,Normal,0.1961839701965638
2020-12-22 12:00:00,13.41,82.6,986.02,5.03,0.0,0,Normal,0.1738789905527715
2020-12-22 12:10:00,13.41,83.1,985.91,6.08,0.0,0,Normal,0.14789321869924787
2020-12-22 12:20:00,13.35,84.3,986.03,4.44,0.0,0,Normal,0.18699206105404304
2020-12-22 12:30:00,13.41,83.6,986.14,4.94,0.0,0,Normal,0.17478335431610176
2020-12-22 12:40:00,13.64,82.1,986.12,4.86,0.0,0,Normal,0.17358690100245788
2020-12-22 12:50:00,13.79,81.4,986.09,4.89,0.0,0,Normal,0.17417570635820917
2020-12-22 13:00:00,13.9,80.6,986.18,4.43,0.0,0,Normal,0.19259414618850407
2020-12-22 13:10:00,14.04,79.7,986.15,3.43,0.0,0,Normal,0.211180002382653
2020-12-22 13:20:00,14.26,78.09,986.14,3.61,0.0,0,Normal,0.21120997945508618
2020-12-22 13:30:00,14.3,77.28,986.14,3.05,0.0,0,Normal,0.22145143600635359
2020-12-22 13:40:00,14.3,76.51,986.16,2.73,0.0,0,Normal,0.2318165057648609
2020-12-22 13:50:00,14.21,76.9,986.18,5.37,0.0,0,Normal,0.1727294248627652
2020-12-22 14:00:00,14.13,78.48,986.31,3.42,0.0,0,Normal,0.21503398005489688
2020-12-22 14:10:00,13.94,79.89,986.48,3.35,0.0,0,Normal,0.21167081769031693
2020-12-22 14:20:00,13.79,81.6,986.75,2.95,0.0,0,Normal,0.22235380247764291
2020-12-22 14:30:00,13.93,81.4,986.8,1.42,0.0,0,Normal,0.23968777145237902
2020-12-22 14:40:00,14.36,78.91,986.76,1.81,0.0,0,Normal,0.24012575035193057
2020-12-22 14:50:00,14.5,77.01,986.79,3.42,0.0,0,Normal,0.21877646019408792
2020-12-22 15:00:00,14.5,75.76,986.82,4.08,0.0,0,Normal,0.206618943748958
2020-12-22 15:10:00,14.41,74.18,986.86,4.11,0.0,0,Normal,0.20612413478446867
2020-12-22 15:20:00,14.23,73.96,986.98,3.5,0.0,0,Normal,0.21763140878522202
2020-12-22 15:30:00,13.95,74.77,987.13,3.06,0.0,0,Normal,0.22584772970309203
2020-12-22 15:40:00,13.7,75.58,987.3,2.53,0.0,0,Normal,0.23378083812258804
2020-12-22 15:50:00,13.54,75.96,987.35,2.84,0.0,0,Normal,0.22972190996300756
2020-12-22 16:00:00,13.45,75.93,987.4,2.0,0.0,0,Normal,0.24034526692563596
2020-12-22 16:10:00,13.35,76.28,987.57,2.63,0.0,0,Normal,0.23382524819640738
2020-12-22 16:20:00,13.14,77.52,987.71,3.04,0.0,0,Normal,0.22492424203935313
2020-12-22 16:30:00,12.98,78.71,987.81,3.74,0.0,0,Normal,0.21379334098991337
2020-12-22 16:40:00,12.8,80.4,987.84,2.93,0.0,0,Normal,0.22939872527323896
2020-12-22 16:50:00,12.63,83.0,987.97,2.83,0.0,0,Normal,0.23082460171356078
2020-12-22 17:00:00,12.41,84.9,988.06,2.88,0.0,0,Normal,0.22667378824473833
2020-12-22 17:10:00,12.34,85.3,988.11,3.47,0.0,0,Normal,0.21491308072566423
2020-12-22 17:20:00,12.25,85.1,988.24,2.77,0.0,0,Normal,0.23175971784111477
2020-12-22 17:30:00,12.1,84.8,988.33,1.93,0.0,0,Normal,0.24097426302262176
2020-12-22 17:40:00,11.97,85.0,988.39,1.8,0.0,0,Normal,0.2407812980766592
2020-12-22 17:50:00,12.09,84.5,988.38,1.67,0.0,0,Normal,0.24195962420166756
2020-12-22 18:00:00,12.19,83.9,988.44,1.47,0.0,0,Normal,0.24279483014543046
2020-12-22 18:10:00,12.24,83.8,988.53,1.58,0.0,0,Normal,0.2432814384857402
2020-12-22 18:20:00,12.34,83.2,988.57,1.72,0.0,0,Normal,0.24342713824910417
2020-12-22 18:30:00,12.29,83.4,988.6,1.37,0.0,0,Normal,0.2426739288983149
2020-12-22 18:40:00,12.05,84.6,988.6,1.42,0.0,0,Normal,0.24230879461554067
2020-12-22 18:50:00,11.94,85.1,988.62,2.14,0.0,0,Normal,0.23896707818147367
2020-12-22 19:00:00,11.89,85.3,988.65,1.77,0.0,0,Normal,0.24153468920722754
2020-12-22 19:10:00,11.97,84.9,988.68,1.63,0.0,0,Normal,0.24151954466569903
2020-12-22 19:20:00,12.06,84.5,988.72,0.97,0.0,0,Normal,0.24273925439024974
2020-12-22 19:30:00,12.21,83.7,988.7,0.53,0.0,0,Normal,0.23508489623932516
2020-12-22 19:40:00,12.25,83.6,988.67,1.01,0.0,0,Normal,0.24436454652102785
2020-12-22 19:50:00,12.09,85.4,988.73,0.57,0.0,0,Normal,0.23556619317299954
2020-12-22 20:00:00,11.97,85.5,988.77,0.34,0.0,0,Normal,0.21984672079608591
2020-12-22 20:10:00,11.92,85.7,988.86,1.08,0.0,0,Normal,0.24443354434701725
2020-12-22 20:20:00,12.11,85.1,988.95,2.07,0.0,0,Normal,0.23929958262051337
2020-12-22 20:30:00,12.25,84.9,989.0,2.23,0.0,0,Normal,0.23784850052984902
2020-12-22 20:40:00,12.18,86.0,988.95,2.14,0.0,0,Normal,0.2376711981011092
2020-12-22 20:50:00,12.1,87.3,988.91,2.0,0.0,0,Normal,0.23715279187095933
2020-12-22 21:00:00,11.99,88.4,988.92,2.15,0.0,0,Normal,0.2342687158660023
2020-12-22 21:10:00,11.95,89.2,988.99,2.19,0.0,0,Normal,0.23224857429037526
2020-12-22 21:20:00,11.94,89.7,988.96,2.28,0.0,0,Normal,0.2296570612967626
2020-12-22 21:30:00,11.93,89.9,988.94,2.32,0.0,0,Normal,0.22904973846131815
2020-12-22 21:40:00,11.8,90.8,988.94,2.42,0.0,0,Normal,0.22659133303995022
2020-12-22 21:50:00,11.75,91.3,988.98,2.2,0.0,0,Normal,0.22714856885717094
2020-12-22 22:00:00,11.76,91.2,988.97,1.61,0.0,0,Normal,0.23099849047437382
2020-12-22 22:10:00,11.56,92.1,988.83,1.45,0.0,0,Normal,0.23016832303238088
2020-12-22 22:20:00,11.47,92.3,988.77,1.49,0.0,0,Normal,0.22982207171625213
2020-12-22 22:30:00,11.03,96.0,988.78,1.46,0.0,0,Normal,0.22180302869502094
2020-12-22 22:40:00,10.89,97.5,988.85,0.93,0.0,0,Normal,0.21366044879003548
2020-12-22 22:50:00,10.97,97.3,989.0,0.98,0.0,0,Normal,0.21225646415565919
2020-12-22 23:00:00,10.8,98.2,989.25,1.04,0.0,0,Normal,0.20947544451307543
2020-12-22 23:10:00,10.79,98.9,989.27,0.77,0.0,0,Normal,0.20688802467466283
2020-12-22 23:20:00,10.91,98.6,989.21,0.84,0.0,0,Normal,0.20885478784011835
2020-12-22 23:30:00,10.93,98.8,989.15,1.05,0.1,0,Normal,0.12840978813807186
2020-12-22 23:40:00,10.85,99.6,989.06,1.4,0.1,0,Normal,0.1300518564785561
2020-12-22 23:50:00,10.7,100.0,988.96,1.63,0.0,0,Normal,0.20272468189788884
2020-12-23 00:00:00,10.41,100.0,988.78,1.65,0.0,0,Normal,0.20480433148110777
2020-12-23 00:10:00,10.18,100.0,988.71,1.17,0.0,0,Normal,0.20403437185978585
2020-12-23 00:20:00,10.15,100.0,988.69,1.14,0.0,0,Normal,0.20391171597744412
2020-12-23 00:30:00,10.08,100.0,988.73,1.12,0.0,0,Normal,0.20394304255676005
2020-12-23 00:40:00,9.99,100.0,988.81,0.66,0.0,0,Normal,0.2004396251733273
2020-12-23 00:50:00,10.01,100.0,988.72,0.94,0.1,0,Normal,0.12305625565328704
2020-12-23 01:00:00,9.99,100.0,988.64,1.3,0.0,0,Normal,0.2028595309072208
2020-12-23 01:10:00,9.96,100.0,988.65,1.26,0.0,0,Normal,0.20232234324208603
2020-12-23 01:20:00,10.08,100.0,988.6,1.31,0.1,0,Normal,0.125456845202002
2020-12-23 01:30:00,10.05,100.0,988.55,0.98,0.0,0,Normal,0.20406452235942857
2020-12-23 01:40:00,9.98,100.0,988.46,1.65,0.0,0,Normal,0.2021514290927976
2020-12-23 01:50:00,9.84,100.0,988.37,1.17,0.0,0,Normal,0.20044141108880187
2020-12-23 02:00:00,9.88,100.0,988.39,1.48,0.0,0,Normal,0.20056977773580115
2020-12-23 02:10:00,9.91,100.0,988.48,1.11,0.0,0,Normal,0.2001801489905512
2020-12-23 02:20:00,9.78,100.0,988.6,1.36,0.2,0,Normal,0.06768712009151923
2020-12-23 02:30:00,9.69,100.0,988.73,1.15,0.2,0,Normal,0.06717963378684744
2020-12-23 02:40:00,9.79,100.0,988.76,0.52,0.4,0,Normal,0.015461032226585014
2020-12-23 02:50:00,9.82,100.0,988.87,1.02,0.4,0,Normal,0.01863827538738183
2020-12-23 03:00:00,9.74,100.0,988.93,1.16,0.5,1,Anomaly,-0.00491726020363048
2020-12-23 03:10:00,9.84,100.0,988.82,0.8,0.8,1,Anomaly,-0.04193567825608202
2020-12-23 03:20:00,9.87,100.0,988.65,0.91,0.7,1,Anomaly,-0.03718380030982982
2020-12-23 03:30:00,9.8,100.0,988.49,1.11,0.4,0,Normal,0.016815520730333322
2020-12-23 03:40:00,9.52,100.0,988.35,1.64,0.1,0,Normal,0.11940192416121331
2020-12-23 03:50:00,9.45,100.0,988.02,2.14,0.1,0,Normal,0.11376413888483627
2020-12-23 04:00:00,9.54,100.0,987.84,2.05,0.0,0,Normal,0.1945485202324968
2020-12-23 04:10:00,9.47,100.0,987.72,1.66,0.0,0,Normal,0.19832683416499752
2020-12-23 04:20:00,9.25,100.0,987.71,1.27,0.0,0,Normal,0.19968144564257817
2020-12-23 04:30:00,9.16,100.0,987.69,0.68,0.0,0,Normal,0.197237848023955
2020-12-23 04:40:00,9.04,100.0,987.66,1.04,0.0,0,Normal,0.19880512912251552
2020-12-23 04:50:00,8.97,100.0,987.73,0.87,0.0,0,Normal,0.1989668957543696
2020-12-23 05:00:00,9.05,100.0,987.61,0.91,0.0,0,Normal,0.1991142499767939
2020-12-23 05:10:00,9.07,100.0,987.6,0.94,0.0,0,Normal,0.19993154637528449
2020-12-23 05:20:00,9.14,100.0,987.77,0.99,0.0,0,Normal,0.1990446161644258
2020-12-23 05:30:00,9.18,100.0,987.86,1.23,0.0,0,Normal,0.20008890524691708
2020-12-23 05:40:00,9.18,100.0,987.89,1.32,0.0,0,Normal,0.19960753538433174
2020-12-23 05:50:00,9.14,100.0,987.88,1.28,0.0,0,Normal,0.19975090256186806
2020-12-23 06:00:00,9.09,100.0,987.9,1.25,0.1,0,Normal,0.12266216819793974
2020-12-23 06:10:00,9.06,100.0,987.86,1.28,0.0,0,Normal,0.20006459048251213
2020-12-23 06:20:00,9.08,100.0,987.91,1.45,0.0,0,Normal,0.1986342012778992
2020-12-23 06:30:00,9.06,100.0,987.84,1.54,0.0,0,Normal,0.1978376228355337
2020-12-23 06:40:00,8.99,100.0,987.81,1.35,0.0,0,Normal,0.19889682673200426
2020-12-23 06:50:00,8.95,100.0,987.84,1.44,0.0,0,Normal,0.1980724551619843
2020-12-23 07:00:00,8.95,100.0,987.99,1.25,0.0,0,Normal,0.2009706973670941
2020-12-23 07:10:00,9.07,100.0,988.08,0.58,0.0,0,Normal,0.1966410963585522
2020-12-23 07:20:00,9.2,100.0,988.03,0.41,0.0,0,Normal,0.18443865456481134
2020-12-23 07:30:00,9.23,100.0,988.01,0.75,0.1,0,Normal,0.11781571931977408
2020-12-23 07:40:00,9.12,100.0,987.94,1.17,0.0,0,Normal,0.19896314931735404
2020-12-23 07:50:00,9.05,100.0,987.98,1.29,0.0,0,Normal,0.2002078030675863
2020-12-23 08:00:00,9.06,100.0,987.93,1.44,0.0,0,Normal,0.19810230010186386
2020-12-23 08:10:00,9.06,100.0,987.95,0.57,0.0,0,Normal,0.19610669981224021
2020-12-23 08:20:00,9.06,100.0,987.94,0.55,0.0,0,Normal,0.1948616866412422
2020-12-23 08:30:00,8.98,100.0,987.97,0.8,0.1,0,Normal,0.11765897148200821
2020-12-23 08:40:00,8.92,100.0,988.02,1.13,0.0,0,Normal,0.199296894267474
2020-12-23 08:50:00,8.89,100.0,988.01,1.07,0.0,0,Normal,0.1998669074365373
2020-12-23 09:00:00,8.83,100.0,988.0,0.97,0.0,0,Normal,0.1990554514674761
2020-12-23 09:10:00,8.84,100.0,987.89,1.69,0.0,0,Normal,0.1978310717724972
2020-12-23 09:20:00,8.74,100.0,987.82,0.85,0.0,0,Normal,0.19907823228377136
2020-12-23 09:30:00,8.81,100.0,987.85,1.04,0.0,0,Normal,0.19901392661897238
2020-12-23 09:40:00,8.93,100.0,987.87,1.66,0.0,0,Normal,0.1978310717724972
2020-12-23 09:50:00,9.0,100.0,987.79,2.03,0.0,0,Normal,0.1942692545538719
2020-12-23 10:00:00,9.07,100.0,987.7,1.47,0.0,0,Normal,0.1984252169899453
2020-12-23 10:10:00,9.2,100.0,987.66,0.88,0.0,0,Normal,0.19855877791116205
2020-12-23 10:20:00,9.33,100.0,987.83,1.05,0.0,0,Normal,0.19972741474903827
2020-12-23 10:30:00,9.39,100.0,987.86,1.29,0.0,0,Normal,0.19997613115812596
2020-12-23 10:40:00,9.43,100.0,987.87,1.19,0.0,0,Normal,0.1990222662923839
2020-12-23 10:50:00,9.41,100.0,987.79,1.27,0.0,0,Normal,0.20011496703968168
2020-12-23 11:00:00,9.44,100.0,987.71,1.23,0.0,0,Normal,0.20010579618221364
2020-12-23 11:10:00,9.5,100.0,987.64,1.01,0.0,0,Normal,0.19952040206478527
2020-12-23 11:20:00,9.6,100.0,987.43,1.77,0.0,0,Normal,0.19806702300271894
2020-12-23 11:30:00,9.66,100.0,987.35,0.97,0.0,0,Normal,0.19940258640447434
2020-12-23 11:40:00,9.67,100.0,987.21,0.89,0.0,0,Normal,0.1986398281751643
2020-12-23 11:50:00,9.62,100.0,987.02,1.04,0.0,0,Normal,0.19888050411096114
2020-12-23 12:00:00,9.63,100.0,986.88,0.9,0.1,0,Normal,0.11940100090347516
2020-12-23 12:10:00,9.73,100.0,986.62,0.45,0.1,0,Normal,0.11037773425571629
2020-12-23 12:20:00,9.97,100.0,986.47,0.26,0.0,0,Normal,0.1727757018533091
2020-12-23 12:30:00,10.19,100.0,986.37,0.26,0.0,0,Normal,0.17457423973310743
2020-12-23 12:40:00,10.15,100.0,986.23,0.75,0.0,0,Normal,0.1994201912436765
2020-12-23 12:50:00,10.04,100.0,986.09,0.82,0.0,0,Normal,0.19967332029445845
2020-12-23 13:00:00,10.2,100.0,986.01,0.5,0.0,0,Normal,0.19211592532343874
2020-12-23 13:10:00,10.26,100.0,985.91,0.73,0.0,0,Normal,0.19914377066849942
2020-12-23 13:20:00,10.26,100.0,985.76,0.81,0.0,0,Normal,0.1994438752740631
2020-12-23 13:30:00,10.28,100.0,985.68,1.78,0.0,0,Normal,0.19861080334745157
2020-12-23 13:40:00,10.23,100.0,985.6,1.66,0.0,0,Normal,0.19970751608938653
2020-12-23 13:50:00,10.24,100.0,985.37,1.36,0.0,0,Normal,0.19839310308297564
2020-12-23 14:00:00,10.2,100.0,985.21,1.73,0.0,0,Normal,0.198252801552756
2020-12-23 14:10:00,10.11,100.0,985.07,1.52,0.0,0,Normal,0.19836310063367746
2020-12-23 14:20:00,10.08,100.0,984.88,1.54,0.0,0,Normal,0.19847480805370682
2020-12-23 14:30:00,10.14,100.0,984.83,1.2,0.0,0,Normal,0.1963791223009304
2020-12-23 14:40:00,10.21,100.0,984.6,0.91,0.0,0,Normal,0.19617112234026546
2020-12-23 14:50:00,10.27,100.0,984.47,1.64,0.0,0,Normal,0.19319059073378958
2020-12-23 15:00:00,10.31,100.0,984.26,2.14,0.0,0,Normal,0.18945977660366364
2020-12-23 15:10:00,10.34,100.0,984.06,2.62,0.0,0,Normal,0.17878361082821442
2020-12-23 15:20:00,10.43,100.0,983.91,2.75,0.0,0,Normal,0.17455961912089052
2020-12-23 15:30:00,10.55,100.0,983.8,2.77,0.0,0,Normal,0.1744302637907546
2020-12-23 15:40:00,10.66,100.0,983.61,2.98,0.0,0,Normal,0.16518190715697578
2020-12-23 15:50:00,10.68,100.0,983.45,2.96,0.0,0,Normal,0.1646096385491489
2020-12-23 16:00:00,10.68,100.0,983.35,2.47,0.0,0,Normal,0.17754850545258416
2020-12-23 16:10:00,10.66,100.0,983.26,2.58,0.0,0,Normal,0.17502678048157694
2020-12-23 16:20:00,10.66,100.0,983.26,2.5,0.0,0,Normal,0.17753294148647686
2020-12-23 16:30:00,10.69,100.0,983.34,2.41,0.4,0,Normal,0.010648010853963052
2020-12-23 16:40:00,10.64,100.0,983.19,1.89,0.5,1,Anomaly,-0.002879564268787216
2020-12-23 16:50:00,10.46,100.0,982.94,2.03,0.2,0,Normal,0.07632305193222289
2020-12-23 17:00:00,10.32,100.0,982.78,2.29,0.1,0,Normal,0.11627542327446105
2020-12-23 17:10:00,10.24,100.0,982.56,2.42,0.0,0,Normal,0.1746266429343249
2020-12-23 17:20:00,10.24,100.0,982.38,2.54,0.1,0,Normal,0.10873880006315062
2020-12-23 17:30:00,10.24,100.0,982.26,1.96,0.0,0,Normal,0.18321578121101367
2020-12-23 17:40:00,10.2,100.0,982.2,1.9,0.0,0,Normal,0.1850582749944577
2020-12-23 17:50:00,10.11,100.0,982.19,2.08,0.1,0,Normal,0.11785178602373414
2020-12-23 18:00:00,10.15,100.0,982.15,1.91,0.0,0,Normal,0.1836907338636513
2020-12-23 18:10:00,10.3,100.0,981.97,2.13,0.0,0,Normal,0.18075434721458805
2020-12-23 18:20:00,10.43,100.0,981.86,2.07,0.0,0,Normal,0.18001856911543918
2020-12-23 18:30:00,10.47,100.0,981.8,2.35,0.0,0,Normal,0.174354059022291
2020-12-23 18:40:00,10.46,100.0,981.68,2.0,0.1,0,Normal,0.11803100491806584
2020-12-23 18:50:00,10.36,100.0,981.58,1.26,0.0,0,Normal,0.18377109736151281
2020-12-23 19:00:00,10.65,100.0,981.63,1.67,0.1,0,Normal,0.11988625437702594
2020-12-23 19:10:00,10.81,100.0,981.65,1.59,0.0,0,Normal,0.18110956931978045
2020-12-23 19:20:00,11.04,100.0,981.63,1.64,0.0,0,Normal,0.18057196828251393
2020-12-23 19:30:00,11.09,99.9,981.58,2.07,0.1,0,Normal,0.11477849986843591
2020-12-23 19:40:00,10.94,100.0,981.58,1.28,0.1,0,Normal,0.12072976510346833
2020-12-23 19:50:00,11.04,100.0,981.63,1.43,0.2,0,Normal,0.07468745895457563
2020-12-23 20:00:00,11.09,100.0,981.69,1.37,0.2,0,Normal,0.0744623208079973
2020-12-23 20:10:00,11.12,99.8,981.69,1.55,0.1,0,Normal,0.11886646900710629
2020-12-23 20:20:00,11.15,99.0,981.56,2.05,0.2,0,Normal,0.07567949013371733
2020-12-23 20:30:00,11.2,97.8,981.62,2.88,0.1,0,Normal,0.1061237812788095
2020-12-23 20:40:00,11.13,97.8,981.65,3.07,0.2,0,Normal,0.060610562323487605
2020-12-23 20:50:00,11.29,96.1,981.34,4.75,0.0,0,Normal,0.13946220013510302
2020-12-23 21:00:00,11.21,97.0,981.3,3.61,0.0,0,Normal,0.1574866775467496
2020-12-23 21:10:00,11.1,97.1,981.12,3.86,0.1,0,Normal,0.0893529380322936
2020-12-23 21:20:00,11.22,95.8,980.94,3.69,0.1,0,Normal,0.10189131356756054
2020-12-23 21:30:00,11.2,96.0,980.8,1.82,0.0,0,Normal,0.19564274531130932
2020-12-23 21:40:00,11.42,94.3,981.4,3.23,0.0,0,Normal,0.17684182144115984
2020-12-23 21:50:00,11.37,94.8,981.61,3.8,0.0,0,Normal,0.16595132284454894
2020-12-23 22:00:00,11.33,94.7,981.62,4.88,0.0,0,Normal,0.1389716691770465
2020-12-23 22:10:00,11.52,92.5,981.31,5.57,0.0,0,Normal,0.1367313799771253
2020-12-23 22:20:00,11.42,93.0,981.53,4.38,0.0,0,Normal,0.15763264072817385
2020-12-23 22:30:00,11.42,92.2,981.53,5.07,0.0,0,Normal,0.1442300743414469
2020-12-23 22:40:00,11.39,92.3,981.4,4.23,0.0,0,Normal,0.16392480715781732
2020-12-23 22:50:00,11.4,91.4,981.35,5.15,0.0,0,Normal,0.14586171695262817
2020-12-23 23:00:00,11.33,90.8,981.41,3.99,0.0,0,Normal,0.1702957872847674
2020-12-23 23:10:00,11.3,90.2,981.64,3.58,0.0,0,Normal,0.18536053989760876
2020-12-23 23:20:00,11.2,90.0,981.81,3.39,0.0,0,Normal,0.19275950447493623
2020-12-23 23:30:00,11.09,90.1,981.72,3.13,0.0,0,Normal,0.19727546908084592
2020-12-23 23:40:00,11.0,89.0,981.55,3.76,0.0,0,Normal,0.18590190336984086
2020-12-23 23:50:00,10.99,87.6,981.5,3.44,0.0,0,Normal,0.19696985794396876
2020-12-24 00:00:00,10.97,87.2,981.52,3.33,0.0,0,Normal,0.19769918590775987
2020-12-24 00:10:00,10.92,86.8,981.48,2.56,0.0,0,Normal,0.21129505354167932
2020-12-24 00:20:00,10.99,85.5,981.34,1.93,0.0,0,Normal,0.22099316401468788
2020-12-24 00:30:00,11.01,85.1,981.35,2.68,0.0,0,Normal,0.21294417285265005
2020-12-24 00:40:00,10.96,85.9,981.32,2.52,0.0,0,Normal,0.21358898214791727
2020-12-24 00:50:00,10.79,87.0,981.49,3.3,0.0,0,Normal,0.19747062022548983
2020-12-24 01:00:00,10.82,86.5,981.47,2.95,0.0,0,Normal,0.2042712337558622
2020-12-24 01:10:00,10.97,85.8,981.32,3.76,0.0,0,Normal,0.19323731877160044
2020-12-24 01:20:00,10.94,86.5,981.1,3.06,0.0,0,Normal,0.20228984309848164
2020-12-24 01:30:00,10.85,87.2,980.84,3.08,0.0,0,Normal,0.20050740880595808
2020-12-24 01:40:00,10.73,87.8,980.86,5.35,0.0,0,Normal,0.1515724932677398
2020-12-24 01:50:00,10.78,87.1,980.72,6.02,0.0,0,Normal,0.13592568461759452
2020-12-24 02:00:00,10.78,86.9,980.58,5.58,0.0,0,Normal,0.14872703294089196
2020-12-24 02:10:00,10.73,87.1,980.38,4.22,0.0,0,Normal,0.17746055234264546
2020-12-24 02:20:00,10.62,87.6,980.52,4.15,0.0,0,Normal,0.17794904555962426
2020-12-24 02:30:00,10.61,87.1,980.61,3.74,0.0,0,Normal,0.18961668508087143
2020-12-24 02:40:00,10.62,86.9,980.65,4.45,0.0,0,Normal,0.17275625132216854
2020-12-24 02:50:00,10.67,86.5,980.55,4.91,0.0,0,Normal,0.16171613909105143
2020-12-24 03:00:00,10.77,86.0,980.41,3.6,0.0,0,Normal,0.19518420230592032
2020-12-24 03:10:00,10.76,86.2,980.17,2.05,0.0,0,Normal,0.21917856121861157
2020-12-24 03:20:00,10.7,86.5,979.98,1.26,0.0,0,Normal,0.21856553289012137
2020-12-24 03:30:00,10.61,86.3,980.04,2.72,0.0,0,Normal,0.21157703181484006
2020-12-24 03:40:00,10.56,85.5,980.15,2.44,0.0,0,Normal,0.21787090795593206
2020-12-24 03:50:00,10.47,84.5,980.2,3.21,0.0,0,Normal,0.20184480765080925
2020-12-24 04:00:00,10.5,82.4,980.16,2.94,0.0,0,Normal,0.21147103068162793
2020-12-24 04:10:00,10.39,81.4,980.1,3.06,0.0,0,Normal,0.2088443828819616
2020-12-24 04:20:00,10.22,81.4,980.11,2.74,0.0,0,Normal,0.21801841937249833
2020-12-24 04:30:00,9.98,82.4,979.98,2.61,0.0,0,Normal,0.21673500429297277
2020-12-24 04:40:00,9.81,82.9,980.16,3.01,0.0,0,Normal,0.2065360184166839
2020-12-24 04:50:00,9.51,83.5,980.32,2.29,0.0,0,Normal,0.22058122305099914
2020-12-24 05:00:00,9.38,80.3,980.54,3.5,0.0,0,Normal,0.20158126176357877
2020-12-24 05:10:00,9.39,78.04,980.52,3.48,0.0,0,Normal,0.2039203962608741
2020-12-24 05:20:00,9.25,73.3,980.51,2.82,0.0,0,Normal,0.21863475567274976
2020-12-24 05:30:00,9.0,70.77,980.41,2.45,0.0,0,Normal,0.22254126035578886
2020-12-24 05:40:00,8.88,70.27,980.36,2.2,0.0,0,Normal,0.22418132712271865
2020-12-24 05:50:00,8.64,71.51,980.52,1.56,0.0,0,Normal,0.22066571840049498
2020-12-24 06:00:00,8.37,72.78,980.52,2.86,0.0,0,Normal,0.21719031021255197
2020-12-24 06:10:00,8.26,74.21,980.53,6.02,0.0,0,Normal,0.15289434412563346
2020-12-24 06:20:00,7.89,77.14,980.48,5.36,0.0,0,Normal,0.16326757126477004
2020-12-24 06:30:00,7.49,79.7,980.53,2.59,0.0,0,Normal,0.21621633273637325
2020-12-24 06:40:00,7.13,81.1,980.41,2.97,0.0,0,Normal,0.20931076688384015
2020-12-24 06:50:00,6.99,80.0,980.43,4.55,0.0,0,Normal,0.1772486598842084
2020-12-24 07:00:00,6.93,79.65,980.41,4.44,0.0,0,Normal,0.17783166335664552
2020-12-24 07:10:00,6.85,79.82,980.32,5.17,0.0,0,Normal,0.1585528147565301
2020-12-24 07:20:00,6.7,80.6,980.45,3.55,0.0,0,Normal,0.1998794766537259
2020-12-24 07:30:00,6.51,81.4,980.42,2.44,0.0,0,Normal,0.21637866403138417
2020-12-24 07:40:00,6.44,82.0,980.29,2.19,0.0,0,Normal,0.21642598394021434
2020-12-24 07:50:00,6.4,82.2,980.31,2.51,0.0,0,Normal,0.21401301483629342
2020-12-24 08:00:00,6.43,81.9,980.39,2.07,0.0,0,Normal,0.21656625117791362
2020-12-24 08:10:00,6.55,81.1,980.47,2.13,0.0,0,Normal,0.2197458506129244
2020-12-24 08:20:00,6.6,81.0,980.43,2.2,0.0,0,Normal,0.220029928416633
2020-12-24 08:30:00,6.67,80.8,980.47,3.04,0.0,0,Normal,0.2063835652332489
2020-12-24 08:40:00,6.78,80.3,980.44,3.36,0.0,0,Normal,0.20332244250821035
2020-12-24 08:50:00,6.98,79.23,980.3,3.41,0.0,0,Normal,0.20321805639006407
2020-12-24 09:00:00,7.13,79.13,980.14,2.96,0.0,0,Normal,0.21138603560844926
2020-12-24 09:10:00,7.27,78.69,980.11,2.76,0.0,0,Normal,0.2184743674678375
2020-12-24 09:20:00,7.34,78.57,980.17,3.21,0.0,0,Normal,0.20950935842864665
2020-12-24 09:30:00,7.34,79.75,980.2,3.51,0.0,0,Normal,0.2027471960961842
2020-12-24 09:40:00,7.28,81.7,980.22,4.55,0.0,0,Normal,0.17196433927603044
2020-12-24 09:50:00,6.99,85.6,980.19,3.79,0.1,0,Normal,0.11222966141090063
2020-12-24 10:00:00,6.76,87.5,980.08,4.23,0.0,0,Normal,0.17148010929161367
2020-12-24 10:10:00,6.65,88.1,980.03,4.57,0.0,0,Normal,0.15994927688775978
2020-12-24 10:20:00,6.7,86.6,979.98,5.62,0.0,0,Normal,0.13965029316898886
2020-12-24 10:30:00,6.81,85.1,979.99,5.43,0.0,0,Normal,0.14497084163726653
2020-12-24 10:40:00,6.77,84.8,980.13,4.05,0.0,0,Normal,0.17959281814995753
2020-12-24 10:50:00,6.78,84.1,980.08,4.95,0.0,0,Normal,0.15600770724982188
2020-12-24 11:00:00,6.86,83.8,980.09,3.82,0.0,0,Normal,0.19144794584255448
2020-12-24 11:10:00,6.86,84.2,980.06,2.82,0.0,0,Normal,0.20912418047384496
2020-12-24 11:20:00,7.01,83.5,980.01,3.56,0.0,0,Normal,0.19764037551480318
2020-12-24 11:30:00,7.25,82.2,979.85,4.97,0.0,0,Normal,0.16022506412045567
2020-12-24 11:40:00,7.51,80.1,979.75,6.45,0.0,0,Normal,0.13121621805438938
2020-12-24 11:50:00,7.53,79.56,979.72,5.45,0.0,0,Normal,0.15434698860188784
2020-12-24 12:00:00,7.51,80.0,979.77,3.63,0.0,0,Normal,0.20032963644520208
2020-12-24 12:10:00,7.76,78.96,979.68,4.55,0.0,0,Normal,0.1811212978466346
2020-12-24 12:20:00,7.93,78.14,979.61,4.55,0.0,0,Normal,0.18361558054968197
2020-12-24 12:30:00,8.17,77.27,979.57,4.13,0.0,0,Normal,0.19354361685346305
2020-12-24 12:40:00,8.34,75.87,979.49,4.08,0.0,0,Normal,0.1947399891372199
2020-12-24 12:50:00,7.9,77.53,979.4,3.01,0.0,0,Normal,0.20840685981491686
2020-12-24 13:00:00,8.08,76.33,979.26,4.38,0.0,0,Normal,0.19047696301279632
2020-12-24 13:10:00,8.12,75.97,979.17,5.19,0.0,0,Normal,0.16943622917415668
2020-12-24 13:20:00,8.41,75.12,979.29,3.11,0.0,0,Normal,0.21095752347960994
2020-12-24 13:30:00,8.56,74.2,979.27,2.79,0.0,0,Normal,0.2155204607074353
2020-12-24 13:40:00,8.35,75.04,979.31,2.68,0.0,0,Normal,0.21775024146580663
2020-12-24 13:50:00,8.1,76.5,979.69,2.96,0.1,0,Normal,0.1352073503734016
2020-12-24 14:00:00,6.17,86.4,980.27,2.23,0.0,0,Normal,0.21072366482637395
2020-12-24 14:10:00,5.0,91.6,980.37,1.88,0.0,0,Normal,0.19539525175517308
2020-12-24 14:20:00,4.9,91.4,980.53,2.3,0.0,0,Normal,0.19438724373218613
2020-12-24 14:30:00,4.96,89.8,980.74,1.61,0.0,0,Normal,0.19877278614155686
2020-12-24 14:40:00,4.87,88.7,980.92,1.57,0.0,0,Normal,0.20282908156166107
2020-12-24 14:50:00,4.68,89.0,981.08,1.96,0.0,0,Normal,0.20336479582649097
2020-12-24 15:00:00,4.56,89.1,981.35,1.65,0.0,0,Normal,0.20199446139294458
2020-12-24 15:10:00,4.45,89.2,981.62,2.16,0.0,0,Normal,0.20249104865948347
2020-12-24 15:20:00,4.36,90.1,981.83,1.73,0.0,0,Normal,0.2008597233325945
2020-12-24 15:30:00,4.26,90.4,982.02,2.41,0.0,0,Normal,0.19941956812005224
2020-12-24 15:40:00,4.08,89.9,982.12,2.6,0.0,0,Normal,0.19747887934168967
2020-12-24 15:50:00,3.99,90.2,982.31,2.57,0.0,0,Normal,0.1968717754342968
2020-12-24 16:00:00,3.92,90.1,982.41,1.67,0.0,0,Normal,0.20285776533760058
2020-12-24 16:10:00,3.88,90.4,982.68,1.94,0.0,0,Normal,0.20317478873762018
2020-12-24 16:20:00,3.85,90.6,982.89,2.04,0.0,0,Normal,0.20340785586771942
2020-12-24 16:30:00,3.83,91.0,983.06,1.77,0.0,0,Normal,0.20279269579419318
2020-12-24 16:40:00,3.78,90.9,983.24,2.36,0.0,0,Normal,0.19966310617297356
2020-12-24 16:50:00,3.73,90.9,983.29,2.39,0.0,0,Normal,0.199907571614373
2020-12-24 17:00:00,3.71,90.7,983.33,2.02,0.0,0,Normal,0.2041172431144741
2020-12-24 17:10:00,3.67,90.8,983.58,2.34,0.0,0,Normal,0.19890103317889607
2020-12-24 17:20:00,3.64,90.8,983.68,2.16,0.0,0,Normal,0.20170152118355417
2020-12-24 17:30:00,3.61,91.1,983.7,1.51,0.0,0,Normal,0.20423528778705852
2020-12-24 17:40:00,3.6,90.9,983.83,1.5,0.0,0,Normal,0.20519778576027115
2020-12-24 17:50:00,3.59,90.9,984.03,1.62,0.0,0,Normal,0.20504158400994837
2020-12-24 18:00:00,3.57,90.7,984.13,1.24,0.0,0,Normal,0.207219310225986
2020-12-24 18:10:00,3.52,91.6,984.24,1.37,0.0,0,Normal,0.2021127567087001
2020-12-24 18:20:00,3.37,92.5,984.3,2.16,0.0,0,Normal,0.1955781200161087
2020-12-24 18:30:00,3.26,93.6,984.27,1.66,0.0,0,Normal,0.19325323968790636
2020-12-24 18:40:00,3.17,94.5,984.21,1.64,0.0,0,Normal,0.18626653006195598
2020-12-24 18:50:00,3.08,95.0,984.28,1.69,0.0,0,Normal,0.1869897786572039
2020-12-24 19:00:00,3.04,95.3,984.44,1.36,0.0,0,Normal,0.18861988165432547
2020-12-24 19:10:00,3.06,95.2,984.53,1.66,0.0,0,Normal,0.18710063536760985
2020-12-24 19:20:00,3.11,94.9,984.58,1.53,0.0,0,Normal,0.18774445577453847
2020-12-24 19:30:00,3.14,94.9,984.6,1.38,0.0,0,Normal,0.19085735759371986
2020-12-24 19:40:00,3.16,95.3,984.69,0.87,0.0,0,Normal,0.186574743588293
2020-12-24 19:50:00,3.26,94.8,984.66,0.83,0.0,0,Normal,0.18684799835208615
2020-12-24 20:00:00,3.23,94.8,984.81,1.51,0.0,0,Normal,0.19029801405218927
2020-12-24 20:10:00,3.17,95.2,984.75,1.41,0.0,0,Normal,0.19068543051971726
2020-12-24 20:20:00,3.15,95.2,984.74,1.3,0.0,0,Normal,0.19062037499227574
2020-12-24 20:30:00,3.16,95.3,984.71,1.36,0.0,0,Normal,0.18991838648746795
2020-12-24 20:40:00,3.21,95.0,984.94,0.9,0.0,0,Normal,0.18776189206754956
2020-12-24 20:50:00,3.36,94.5,985.1,1.1,0.0,0,Normal,0.19159595259699141
2020-12-24 21:00:00,3.51,93.9,985.24,0.61,0.0,0,Normal,0.19244857359511963
2020-12-24 21:10:00,3.5,93.0,985.3,0.73,0.0,0,Normal,0.19896708694136855
2020-12-24 21:20:00,3.48,93.3,985.35,0.58,0.0,0,Normal,0.1940552850952923
2020-12-24 21:30:00,3.41,93.4,985.42,0.86,0.0,0,Normal,0.19786757597945226
2020-12-24 21:40:00,3.3,94.1,985.41,0.61,0.0,0,Normal,0.18952880590880167
2020-12-24 21:50:00,3.33,93.9,985.48,0.54,0.0,0,Normal,0.1893540582620996
2020-12-24 22:00:00,3.3,93.1,985.46,0.55,0.0,0,Normal,0.19379202142128382
2020-12-24 22:10:00,3.3,91.7,985.52,0.87,0.0,0,Normal,0.200916026163366
2020-12-24 22:20:00,3.27,91.8,985.52,1.02,0.0,0,Normal,0.20181699452175222
2020-12-24 22:30:00,3.24,91.8,985.53,1.22,0.0,0,Normal,0.2047725718238344
2020-12-24 22:40:00,3.2,91.9,985.52,1.14,0.0,0,Normal,0.20292563998923524
2020-12-24 22:50:00,3.13,92.5,985.68,1.24,0.0,0,Normal,0.20532426491238676
2020-12-24 23:00:00,3.07,92.9,985.8,1.42,0.0,0,Normal,0.20481775786564282
2020-12-24 23:10:00,3.04,92.9,985.87,1.98,0.0,0,Normal,0.20505506493097625
2020-12-24 23:20:00,3.01,93.3,985.98,2.15,0.0,0,Normal,0.20103068483077785
2020-12-24 23:30:00,2.99,93.1,986.06,1.78,0.0,0,Normal,0.20272086078076013
2020-12-24 23:40:00,3.01,92.7,986.01,1.7,0.0,0,Normal,0.20538427088271116
2020-12-24 23:50:00,3.02,92.5,986.02,1.64,0.0,0,Normal,0.20479144107838781
2020-12-25 00:00:00,2.98,92.9,986.1,1.43,0.0,0,Normal,0.20584273179126966
2020-12-25 00:10:00,2.93,93.2,986.16,1.28,0.0,0,Normal,0.20495953028126535
2020-12-25 00:20:00,2.91,93.8,986.2,1.14,0.0,0,Normal,0.20158073039944385
2020-12-25 00:30:00,2.87,95.0,986.23,0.84,0.0,0,Normal,0.19265619343061274
2020-12-25 00:40:00,2.82,95.6,986.33,0.86,0.0,0,Normal,0.1919238313573452
2020-12-25 00:50:00,2.76,96.0,986.38,1.01,0.0,0,Normal,0.19076920206446757
2020-12-25 01:00:00,2.73,96.0,986.36,1.03,0.0,0,Normal,0.19119488859328865
2020-12-25 01:10:00,2.76,95.6,986.4,1.44,0.0,0,Normal,0.1947167386983199
2020-12-25 01:20:00,2.82,95.2,986.42,1.37,0.0,0,Normal,0.19572359710840515
2020-12-25 01:30:00,2.83,95.4,986.4,1.49,0.0,0,Normal,0.19424766750784772
2020-12-25 01:40:00,2.85,95.2,986.36,1.72,0.0,0,Normal,0.1942195113122412
2020-12-25 01:50:00,2.86,95.3,986.42,1.17,0.0,0,Normal,0.19529737243179868
2020-12-25 02:00:00,2.89,94.9,986.5,1.14,0.0,0,Normal,0.1960102148691834
2020-12-25 02:10:00,2.87,94.9,986.59,1.38,0.0,0,Normal,0.19749528776902775
2020-12-25 02:20:00,2.88,94.8,986.7,1.3,0.0,0,Normal,0.19858703822124907
2020-12-25 02:30:00,2.88,94.7,986.8,1.22,0.0,0,Normal,0.19922229576264266
2020-12-25 02:40:00,2.9,94.6,986.92,1.36,0.0,0,Normal,0.19900231858623718
2020-12-25 02:50:00,2.88,94.7,987.02,1.51,0.0,0,Normal,0.19855871690086724
2020-12-25 03:00:00,2.88,95.6,987.11,1.79,0.2,0,Normal,0.0700922701659017
2020-12-25 03:10:00,2.76,97.2,987.12,1.5,0.2,0,Normal,0.05952941137205381
2020-12-25 03:20:00,2.62,98.3,987.26,1.62,0.1,0,Normal,0.10478309860516488
2020-12-25 03:30:00,2.45,98.6,987.41,1.67,0.1,0,Normal,0.09966361508317367
2020-12-25 03:40:00,2.31,99.5,987.5,1.42,0.3,0,Normal,0.013810605542762033
2020-12-25 03:50:00,2.2,100.0,987.55,1.24,0.1,0,Normal,0.09624570969093937
2020-12-25 04:00:00,2.22,100.0,987.59,1.47,0.2,0,Normal,0.04667244078003174
2020-12-25 04:10:00,2.18,100.0,987.64,1.92,0.0,0,Normal,0.16874483919709066
2020-12-25 04:20:00,2.09,100.0,987.62,1.79,0.1,0,Normal,0.09091530167513873
2020-12-25 04:30:00,2.09,100.0,987.67,1.8,0.1,0,Normal,0.09150882756610612
2020-12-25 04:40:00,2.14,100.0,987.76,1.94,0.0,0,Normal,0.16896841644411492
2020-12-25 04:50:00,2.23,100.0,987.82,1.87,0.1,0,Normal,0.09464255033524349
2020-12-25 05:00:00,2.3,100.0,987.93,1.02,0.1,0,Normal,0.09171643063226953
2020-12-25 05:10:00,2.3,100.0,988.01,1.6,0.1,0,Normal,0.09536544656367141
2020-12-25 05:20:00,2.18,100.0,988.13,1.26,0.1,0,Normal,0.09550009722426722
2020-12-25 05:30:00,2.07,100.0,988.31,1.15,0.2,0,Normal,0.04388884142131089
2020-12-25 05:40:00,2.02,100.0,988.46,0.89,0.1,0,Normal,0.08913833228354784
2020-12-25 05:50:00,2.07,100.0,988.6,1.08,0.0,0,Normal,0.16963725773718852
2020-12-25 06:00:00,2.14,100.0,988.71,1.19,0.1,0,Normal,0.09182583053543691
2020-12-25 06:10:00,2.22,99.4,988.81,1.25,0.0,0,Normal,0.18095809941375895
2020-12-25 06:20:00,2.18,99.4,988.91,1.22,0.0,0,Normal,0.17788932013262626
2020-12-25 06:30:00,2.12,98.8,989.02,1.48,0.0,0,Normal,0.17816244433124007
2020-12-25 06:40:00,1.98,98.7,989.14,1.46,0.0,0,Normal,0.1772726874644357
2020-12-25 06:50:00,1.89,98.6,989.27,1.28,0.0,0,Normal,0.1792807321283758
2020-12-25 07:00:00,1.82,98.0,989.43,1.45,0.0,0,Normal,0.17573891816813159
2020-12-25 07:10:00,1.75,97.7,989.66,1.45,0.0,0,Normal,0.17542377626237715
2020-12-25 07:20:00,1.81,95.5,989.95,1.57,0.0,0,Normal,0.18626883069991074
2020-12-25 07:30:00,1.76,95.7,990.12,1.36,0.0,0,Normal,0.18707371484688778
2020-12-25 07:40:00,1.72,95.2,990.34,1.33,0.0,0,Normal,0.18935937708806327
2020-12-25 07:50:00,1.7,94.2,990.57,1.25,0.0,0,Normal,0.19283237163520922
2020-12-25 08:00:00,1.68,91.3,990.72,1.37,0.0,0,Normal,0.19869578946858424
2020-12-25 08:10:00,1.64,89.1,990.87,1.47,0.0,0,Normal,0.20406265858373496
2020-12-25 08:20:00,1.62,87.5,991.0,1.33,0.0,0,Normal,0.20840365756383794
2020-12-25 08:30:00,1.51,88.5,991.11,1.17,0.0,0,Normal,0.2051620422114167
2020-12-25 08:40:00,1.44,88.0,991.33,1.42,0.0,0,Normal,0.20998450822994402
2020-12-25 08:50:00,1.42,87.4,991.52,1.34,0.0,0,Normal,0.20948152892097094
2020-12-25 09:00:00,1.28,88.8,991.66,1.33,0.0,0,Normal,0.2052365642630533
2020-12-25 09:10:00,1.39,88.1,991.79,1.02,0.0,0,Normal,0.20716595319938252
2020-12-25 09:20:00,1.32,89.3,991.88,1.21,0.0,0,Normal,0.20575966390484096
2020-12-25 09:30:00,1.27,90.5,992.03,1.38,0.0,0,Normal,0.20362629197930382
2020-12-25 09:40:00,1.28,91.8,992.19,1.28,0.0,0,Normal,0.19738768081105307
2020-12-25 09:50:00,1.23,93.9,992.32,1.08,0.0,0,Normal,0.19416546790714978
2020-12-25 10:00:00,1.22,94.8,992.46,0.93,0.0,0,Normal,0.1875562454447236
2020-12-25 10:10:00,1.28,95.3,992.59,0.9,0.0,0,Normal,0.18665932126525447
2020-12-25 10:20:00,1.26,95.8,992.69,0.96,0.0,0,Normal,0.18467559172846953
2020-12-25 10:30:00,1.35,95.9,992.8,0.67,0.0,0,Normal,0.18614157947843302
2020-12-25 10:40:00,1.39,95.4,992.82,0.87,0.0,0,Normal,0.1893195253460011
2020-12-25 10:50:00,1.52,95.1,992.85,0.51,0.0,0,Normal,0.1830565407504563
2020-12-25 11:00:00,1.71,93.6,992.82,0.66,0.0,0,Normal,0.19176008852134768
2020-12-25 11:10:00,1.72,94.0,992.93,1.05,0.0,0,Normal,0.1944902591724565
2020-12-25 11:20:00,1.65,94.0,993.01,0.84,0.0,0,Normal,0.19329579980252432
2020-12-25 11:30:00,1.79,94.1,993.08,0.71,0.0,0,Normal,0.19287001063710124
2020-12-25 11:40:00,1.81,93.0,993.1,1.08,0.0,0,Normal,0.19777669340345239
2020-12-25 11:50:00,1.88,92.5,993.05,1.56,0.0,0,Normal,0.19791229318902365
2020-12-25 12:00:00,1.82,93.0,993.09,1.59,0.0,0,Normal,0.19463853171303053
2020-12-25 12:10:00,1.62,93.9,993.1,2.47,0.0,0,Normal,0.18206118052619202
2020-12-25 12:20:00,1.5,94.4,993.08,2.61,0.0,0,Normal,0.17741031174153327
2020-12-25 12:30:00,1.5,94.4,993.1,2.13,0.0,0,Normal,0.1824363688450083
2020-12-25 12:40:00,1.51,94.4,993.06,2.35,0.0,0,Normal,0.18170047508839604
2020-12-25 12:50:00,1.54,93.5,993.05,2.18,0.0,0,Normal,0.18349779195072208
2020-12-25 13:00:00,1.65,91.9,993.07,1.8,0.0,0,Normal,0.1933176019470741
2020-12-25 13:10:00,1.77,89.8,993.1,1.34,0.0,0,Normal,0.20514221746545463
2020-12-25 13:20:00,1.78,89.1,993.18,1.12,0.0,0,Normal,0.20902530811079678
2020-12-25 13:30:00,1.78,88.3,993.22,1.1,0.0,0,Normal,0.20858325424580937
2020-12-25 13:40:00,1.85,88.5,993.22,1.23,0.0,0,Normal,0.20860868947320182
2020-12-25 13:50:00,1.9,87.4,993.29,1.17,0.0,0,Normal,0.21169932480412101
2020-12-25 14:00:00,1.89,85.3,993.29,1.38,0.0,0,Normal,0.21939619596591897
2020-12-25 14:10:00,1.8,84.8,993.23,1.33,0.0,0,Normal,0.21472098113833094
2020-12-25 14:20:00,1.67,86.2,993.2,1.37,0.0,0,Normal,0.21200025361298774
2020-12-25 14:30:00,1.6,87.3,993.18,1.09,0.0,0,Normal,0.20779317383881635
2020-12-25 14:40:00,1.55,87.9,993.21,0.91,0.0,0,Normal,0.2053039643621356
2020-12-25 14:50:00,1.54,85.1,993.34,0.92,0.0,0,Normal,0.21039364043415104
2020-12-25 15:00:00,1.55,81.3,993.34,1.01,0.0,0,Normal,0.21310811746978497
2020-12-25 15:10:00,1.45,80.9,993.49,0.91,0.0,0,Normal,0.21130990612632006
2020-12-25 15:20:00,1.37,80.1,993.6,0.92,0.0,0,Normal,0.21215342145973787
2020-12-25 15:30:00,1.2,81.6,993.65,1.08,0.0,0,Normal,0.21279124455650605
2020-12-25 15:40:00,1.04,81.7,993.75,1.02,0.0,0,Normal,0.2080874485226445
2020-12-25 15:50:00,0.99,81.7,993.83,1.15,0.0,0,Normal,0.20910698336932804
2020-12-25 16:00:00,1.03,80.6,994.07,0.86,0.0,0,Normal,0.20685933103813658
2020-12-25 16:10:00,0.99,80.6,994.22,0.94,0.0,0,Normal,0.2074543031618583
2020-12-25 16:20:00,1.06,78.02,994.26,0.91,0.0,0,Normal,0.20823571910423305
2020-12-25 16:30:00,1.09,75.96,994.4,1.24,0.0,0,Normal,0.20939494580273327
2020-12-25 16:40:00,1.07,77.19,994.51,1.38,0.0,0,Normal,0.21328064813170328
2020-12-25 16:50:00,1.13,78.62,994.68,0.9,0.0,0,Normal,0.20617104645118872
2020-12-25 17:00:00,1.12,81.6,994.81,1.16,0.0,0,Normal,0.20978118177799493
2020-12-25 17:10:00,1.11,83.4,994.84,1.11,0.0,0,Normal,0.2116946429773423
2020-12-25 17:20:00,1.05,84.6,994.84,0.92,0.0,0,Normal,0.20553848877614772
2020-12-25 17:30:00,1.01,84.1,994.89,1.51,0.0,0,Normal,0.2090661765164472
2020-12-25 17:40:00,0.93,84.5,994.93,1.93,0.0,0,Normal,0.20278155016322846
2020-12-25 17:50:00,0.87,84.9,994.95,2.25,0.0,0,Normal,0.2016980951729156
2020-12-25 18:00:00,0.82,84.3,994.95,2.01,0.0,0,Normal,0.2001864329112234
2020-12-25 18:10:00,0.81,83.9,995.02,1.85,0.0,0,Normal,0.2029243196361381
2020-12-25 18:20:00,0.75,84.6,995.12,2.26,0.0,0,Normal,0.19985292921680187
2020-12-25 18:30:00,0.69,85.1,995.15,2.44,0.0,0,Normal,0.19487488643638762
2020-12-25 18:40:00,0.73,82.8,995.21,2.36,0.0,0,Normal,0.20089848056424497
2020-12-25 18:50:00,0.8,82.1,995.19,2.03,0.0,0,Normal,0.20153323769847453
2020-12-25 19:00:00,0.84,81.5,995.24,1.74,0.0,0,Normal,0.20704590041579501
2020-12-25 19:10:00,0.85,82.0,995.32,1.59,0.0,0,Normal,0.20908332035523164
2020-12-25 19:20:00,0.84,81.8,995.48,1.77,0.0,0,Normal,0.2037822726075258
2020-12-25 19:30:00,0.9,81.7,995.57,1.27,0.0,0,Normal,0.20792174431071808
2020-12-25 19:40:00,0.9,82.6,995.64,0.86,0.0,0,Normal,0.2033667839919175
2020-12-25 19:50:00,0.9,83.0,995.72,0.87,0.0,0,Normal,0.2057507542967809
2020-12-25 20:00:00,0.86,83.0,995.66,0.98,0.0,0,Normal,0.20633274329581675
2020-12-25 20:10:00,0.85,83.2,995.55,0.97,0.0,0,Normal,0.2065574951451037
2020-12-25 20:20:00,0.79,83.4,995.52,1.07,0.0,0,Normal,0.20640246010562013
2020-12-25 20:30:00,0.75,83.7,995.52,1.09,0.0,0,Normal,0.20672748668169194
2020-12-25 20:40:00,0.63,84.6,995.61,1.63,0.0,0,Normal,0.20282259381885392
2020-12-25 20:50:00,0.59,84.8,995.7,1.81,0.0,0,Normal,0.20102676286521093
2020-12-25 21:00:00,0.58,85.0,995.76,1.65,0.0,0,Normal,0.20316029349443876
2020-12-25 21:10:00,0.58,85.0,995.83,1.64,0.0,0,Normal,0.20264859532438
2020-12-25 21:20:00,0.61,85.0,995.83,1.97,0.0,0,Normal,0.19856553045539427
2020-12-25 21:30:00,0.62,84.7,995.82,1.78,0.0,0,Normal,0.2004123335043183
2020-12-25 21:40:00,0.65,84.6,995.91,1.72,0.0,0,Normal,0.201829131194591
2020-12-25 21:50:00,0.67,84.7,996.02,1.6,0.0,0,Normal,0.2043529137420469
2020-12-25 22:00:00,0.68,85.2,996.13,1.3,0.0,0,Normal,0.20528683335028985
2020-12-25 22:10:00,0.67,85.5,996.2,1.92,0.0,0,Normal,0.19849228874668368
2020-12-25 22:20:00,0.63,86.1,996.35,2.07,0.0,0,Normal,0.1920899938491728
2020-12-25 22:30:00,0.52,86.1,996.28,2.08,0.0,0,Normal,0.19248879847490524
2020-12-25 22:40:00,0.35,86.3,996.32,2.13,0.0,0,Normal,0.19042464123541292
2020-12-25 22:50:00,0.14,86.4,996.39,2.11,0.0,0,Normal,0.18800596673905284
2020-12-25 23:00:00,-0.05,86.4,996.45,2.07,0.0,0,Normal,0.18733342117669954
2020-12-25 23:10:00,-0.21,86.9,996.46,1.84,0.0,0,Normal,0.18944445471165422
2020-12-25 23:20:00,-0.27,87.2,996.45,2.03,0.0,0,Normal,0.18104014805751434
2020-12-25 23:30:00,-0.31,87.0,996.42,1.92,0.0,0,Normal,0.18674615766346525
2020-12-25 23:40:00,-0.34,87.0,996.37,2.11,0.0,0,Normal,0.1838909438316969
2020-12-25 23:50:00,-0.42,87.7,996.33,2.26,0.0,0,Normal,0.18007993626687585
2020-12-26 00:00:00,-0.41,87.6,996.33,2.52,0.0,0,Normal,0.17583550641588874
2020-12-26 00:10:00,-0.43,87.3,996.31,2.58,0.0,0,Normal,0.17298993110635247
2020-12-26 00:20:00,-0.48,86.8,996.27,2.33,0.0,0,Normal,0.1818826011876588
2020-12-26 00:30:00,-0.52,86.4,996.18,2.82,0.0,0,Normal,0.1732562829706587
2020-12-26 00:40:00,-0.59,86.4,996.22,2.7,0.0,0,Normal,0.1774566821940406
2020-12-26 00:50:00,-0.63,86.2,996.22,2.56,0.0,0,Normal,0.17906606612991766
2020-12-26 01:00:00,-0.68,86.1,996.17,2.44,0.0,0,Normal,0.18315471004379086
2020-12-26 01:10:00,-0.75,86.4,996.23,2.53,0.0,0,Normal,0.17897386015145172
2020-12-26 01:20:00,-0.87,87.0,996.13,2.54,0.0,0,Normal,0.17766485137011112
2020-12-26 01:30:00,-1.0,87.7,996.0,2.85,0.0,0,Normal,0.16907225415607297
2020-12-26 01:40:00,-1.08,87.9,995.97,2.72,0.0,0,Normal,0.17259887184116113
2020-12-26 01:50:00,-1.25,88.9,995.93,3.34,0.0,0,Normal,0.15090444872972164
2020-12-26 02:00:00,-1.48,90.1,995.97,3.12,0.0,0,Normal,0.1577527462051997
2020-12-26 02:10:00,-1.51,90.2,996.01,2.67,0.0,0,Normal,0.17074453745773455
2020-12-26 02:20:00,-1.49,90.8,996.14,2.66,0.0,0,Normal,0.16546000293488095
2020-12-26 02:30:00,-1.52,91.6,996.25,2.68,0.0,0,Normal,0.1576088377103656
2020-12-26 02:40:00,-1.55,92.0,996.35,2.51,0.0,0,Normal,0.16106510908704563
2020-12-26 02:50:00,-1.59,92.4,996.43,2.73,0.0,0,Normal,0.15658354157967214
2020-12-26 03:00:00,-1.61,92.5,996.53,2.12,0.0,0,Normal,0.1650814713757015
2020-12-26 03:10:00,-1.62,92.8,996.53,2.06,0.0,0,Normal,0.16434695171724828
2020-12-26 03:20:00,-1.68,93.4,996.41,1.44,0.0,0,Normal,0.17188132616659102
2020-12-26 03:30:00,-1.82,94.8,996.33,0.88,0.0,0,Normal,0.16412482430533654
2020-12-26 03:40:00,-2.03,95.5,996.28,1.02,0.0,0,Normal,0.16208840237040234
2020-12-26 03:50:00,-2.2,96.6,996.45,1.0,0.0,0,Normal,0.15292472196703566
2020-12-26 04:00:00,-2.22,96.6,996.37,0.91,0.0,0,Normal,0.1542422426169348
2020-12-26 04:10:00,-2.22,97.2,996.46,0.68,0.0,0,Normal,0.1477191812074612
2020-12-26 04:20:00,-2.15,97.0,996.5,0.61,0.0,0,Normal,0.14648599754386699
2020-12-26 04:30:00,-2.39,98.5,996.58,0.68,0.0,0,Normal,0.13993170802995764
2020-12-26 04:40:00,-2.42,98.8,996.79,0.66,0.0,0,Normal,0.13580236818082342
2020-12-26 04:50:00,-2.13,96.6,996.86,0.39,0.0,0,Normal,0.13078315888611974
2020-12-26 05:00:00,-2.2,96.5,996.75,0.55,0.0,0,Normal,0.14700641944799292
2020-12-26 05:10:00,-2.4,97.9,996.68,0.69,0.0,0,Normal,0.1423168943789173
2020-12-26 05:20:00,-2.66,99.1,996.69,1.12,0.0,0,Normal,0.14293150550975026
2020-12-26 05:30:00,-2.77,99.5,996.7,0.83,0.0,0,Normal,0.13931111704395926
2020-12-26 05:40:00,-2.94,100.0,996.66,1.02,0.0,0,Normal,0.13782081341981328
2020-12-26 05:50:00,-3.06,100.0,996.6,0.78,0.0,0,Normal,0.13520188000425215
2020-12-26 06:00:00,-3.01,99.8,996.59,0.99,0.0,0,Normal,0.13759963042041296
2020-12-26 06:10:00,-2.91,99.4,996.68,0.76,0.0,0,Normal,0.13759217856469347
2020-12-26 06:20:00,-2.87,98.8,996.64,0.61,0.0,0,Normal,0.13422019703615068
2020-12-26 06:30:00,-2.96,99.0,996.58,0.68,0.0,0,Normal,0.13646985406134737
2020-12-26 06:40:00,-2.81,97.7,996.54,0.79,0.0,0,Normal,0.14363074713448848
2020-12-26 06:50:00,-2.98,98.5,996.44,1.46,0.0,0,Normal,0.14481602415828476
2020-12-26 07:00:00,-3.01,98.7,996.45,0.57,0.0,0,Normal,0.13706181195758416
2020-12-26 07:10:00,-2.84,97.6,996.5,0.98,0.0,0,Normal,0.143954584992105
2020-12-26 07:20:00,-2.78,97.2,996.51,0.78,0.0,0,Normal,0.14537468303562956
2020-12-26 07:30:00,-2.69,96.2,996.5,1.25,0.0,0,Normal,0.1575444932038258
2020-12-26 07:40:00,-2.71,96.5,996.52,0.94,0.0,0,Normal,0.1506713947259683
2020-12-26 07:50:00,-2.67,96.1,996.53,1.05,0.0,0,Normal,0.15629170393915415
2020-12-26 08:00:00,-2.66,95.7,996.57,1.7,0.0,0,Normal,0.15273582311959716
2020-12-26 08:10:00,-2.59,95.8,996.48,1.28,0.0,0,Normal,0.15997102233499455
2020-12-26 08:20:00,-2.55,95.5,996.46,0.89,0.0,0,Normal,0.15697769664896183
2020-12-26 08:30:00,-2.52,95.5,996.37,1.3,0.0,0,Normal,0.15943704198855008
2020-12-26 08:40:00,-2.45,95.0,996.34,0.99,0.0,0,Normal,0.15828466594056878
2020-12-26 08:50:00,-2.47,94.9,996.33,1.17,0.0,0,Normal,0.1598625149527239
2020-12-26 09:00:00,-2.45,94.6,996.32,0.86,0.0,0,Normal,0.15937011874542323
2020-12-26 09:10:00,-2.3,94.0,996.38,1.31,0.0,0,Normal,0.16700205209724073
2020-12-26 09:20:00,-2.16,93.5,996.51,0.56,0.0,0,Normal,0.1581830704199596
2020-12-26 09:30:00,-1.8,91.4,996.56,0.77,0.0,0,Normal,0.17043561208388225
2020-12-26 09:40:00,-1.6,90.1,996.53,0.93,0.0,0,Normal,0.1834728053836115
2020-12-26 09:50:00,-1.66,90.8,996.55,1.1,0.0,0,Normal,0.17789012550616345
2020-12-26 10:00:00,-1.6,91.4,996.62,0.92,0.0,0,Normal,0.1745644660017001
2020-12-26 10:10:00,-1.29,90.8,996.72,0.78,0.0,0,Normal,0.17797004967262786
2020-12-26 10:20:00,-1.22,90.9,996.85,1.22,0.0,0,Normal,0.17985938190717027
2020-12-26 10:30:00,-1.0,90.7,996.85,1.3,0.0,0,Normal,0.18097800612200182
2020-12-26 10:40:00,-0.79,90.6,996.86,1.19,0.0,0,Normal,0.18109303511138725
2020-12-26 10:50:00,-0.54,89.9,996.86,1.15,0.0,0,Normal,0.18460183765688287
2020-12-26 11:00:00,-0.39,89.9,996.89,1.03,0.0,0,Normal,0.18476172160241777
2020-12-26 11:10:00,-0.31,90.7,996.9,0.78,0.0,0,Normal,0.17939407755721704
2020-12-26 11:20:00,-0.13,89.7,996.8,1.02,0.0,0,Normal,0.18536517909707423
2020-12-26 11:30:00,0.09,89.2,996.77,1.26,0.0,0,Normal,0.1908953934235274
2020-12-26 11:40:00,0.25,89.5,996.68,0.94,0.0,0,Normal,0.19004900773205152
2020-12-26 11:50:00,0.47,88.8,996.52,0.73,0.0,0,Normal,0.1906217283115177
2020-12-26 12:00:00,1.01,86.6,996.47,0.65,0.0,0,Normal,0.19598923278212577
2020-12-26 12:10:00,1.4,85.9,996.48,0.71,0.0,0,Normal,0.20338733629258232
2020-12-26 12:20:00,1.69,84.8,996.44,0.83,0.0,0,Normal,0.20860594395726617
2020-12-26 12:30:00,1.92,84.1,996.36,0.69,0.0,0,Normal,0.21016661187730956
2020-12-26 12:40:00,1.97,84.3,996.38,1.88,0.0,0,Normal,0.2106113554095156
2020-12-26 12:50:00,1.85,84.8,996.34,2.13,0.0,0,Normal,0.20909613979456065
2020-12-26 13:00:00,1.85,85.0,996.23,2.23,0.0,0,Normal,0.2087312199329589
2020-12-26 13:10:00,1.97,84.6,996.09,2.27,0.0,0,Normal,0.21157308698846844
2020-12-26 13:20:00,1.99,82.8,995.86,3.77,0.0,0,Normal,0.1778942480099106
2020-12-26 13:30:00,1.97,81.4,995.71,4.82,0.0,0,Normal,0.14844073948912495
2020-12-26 13:40:00,2.07,78.61,995.5,6.11,0.0,0,Normal,0.12287198737022376
2020-12-26 13:50:00,2.09,77.72,995.36,5.65,0.0,0,Normal,0.13604819841716703
2020-12-26 14:00:00,2.12,77.86,995.13,5.87,0.0,0,Normal,0.1303288856238638
2020-12-26 14:10:00,2.14,76.81,995.01,5.81,0.0,0,Normal,0.13308226597407646
2020-12-26 14:20:00,2.15,76.6,994.95,5.35,0.0,0,Normal,0.14427449852862007
2020-12-26 14:30:00,2.23,75.87,994.83,6.15,0.0,0,Normal,0.1299345883945961
2020-12-26 14:40:00,2.3,75.48,994.65,5.42,0.0,0,Normal,0.14519695767117313
2020-12-26 14:50:00,2.36,75.27,994.55,5.14,0.0,0,Normal,0.15509009672487473
2020-12-26 15:00:00,2.41,75.42,994.47,3.99,0.0,0,Normal,0.1886974245107283
2020-12-26 15:10:00,2.42,75.28,994.45,3.37,0.0,0,Normal,0.20269300139941104
2020-12-26 15:20:00,2.39,75.76,994.42,2.19,0.0,0,Normal,0.22420616578580327
2020-12-26 15:30:00,2.38,76.33,994.4,1.62,0.0,0,Normal,0.224785059993236
2020-12-26 15:40:00,2.34,76.66,994.38,1.23,0.0,0,Normal,0.22366712386175913
2020-12-26 15:50:00,2.16,77.43,994.19,2.41,0.0,0,Normal,0.2245731304706523
2020-12-26 16:00:00,2.04,78.66,994.04,4.82,0.0,0,Normal,0.15977727837151912
2020-12-26 16:10:00,1.93,79.5,994.01,6.29,0.0,0,Normal,0.11221677667900021
2020-12-26 16:20:00,1.79,80.6,994.05,6.88,0.0,0,Normal,0.10144922500185705
2020-12-26 16:30:00,1.66,81.4,993.99,6.7,0.0,0,Normal,0.10150170973429029
2020-12-26 16:40:00,1.53,82.0,993.88,5.94,0.0,0,Normal,0.11807781066649403
2020-12-26 16:50:00,1.38,82.8,993.84,5.01,0.0,0,Normal,0.13749030996505812
2020-12-26 17:00:00,1.24,83.3,993.69,4.77,0.0,0,Normal,0.14476059178440104
2020-12-26 17:10:00,1.17,82.8,993.59,5.95,0.0,0,Normal,0.1156923996708229
2020-12-26 17:20:00,1.13,83.0,993.56,4.6,0.0,0,Normal,0.14657138320315533
2020-12-26 17:30:00,1.15,82.8,993.48,4.77,0.0,0,Normal,0.14404808849099593
2020-12-26 17:40:00,1.12,83.0,993.47,3.93,0.0,0,Normal,0.16559498237163867
2020-12-26 17:50:00,1.08,83.3,993.41,3.48,0.0,0,Normal,0.178761592918747
2020-12-26 18:00:00,0.97,84.5,993.37,3.11,0.0,0,Normal,0.18452859675507122
2020-12-26 18:10:00,0.71,86.9,993.18,3.11,0.0,0,Normal,0.1753707102926481
2020-12-26 18:20:00,0.54,87.8,992.97,3.17,0.0,0,Normal,0.17507556637195593
2020-12-26 18:30:00,0.52,88.0,992.81,3.0,0.0,0,Normal,0.17549449211806523
2020-12-26 18:40:00,0.46,88.8,992.7,2.1,0.0,0,Normal,0.18817565188725804
2020-12-26 18:50:00,0.53,88.4,992.57,2.39,0.0,0,Normal,0.1864746133081402
2020-12-26 19:00:00,0.73,86.5,992.57,3.3,0.0,0,Normal,0.17449889002499414
2020-12-26 19:10:00,1.18,84.1,992.37,3.78,0.0,0,Normal,0.17360592653857088
2020-12-26 19:20:00,1.49,82.4,992.21,4.89,0.0,0,Normal,0.14131323091618203
2020-12-26 19:30:00,1.58,81.9,992.13,4.17,0.0,0,Normal,0.16314889783754194
2020-12-26 19:40:00,1.57,81.6,991.98,4.43,0.0,0,Normal,0.15653122859477037
2020-12-26 19:50:00,1.53,81.1,991.65,4.62,0.0,0,Normal,0.15650114501084067
2020-12-26 20:00:00,1.46,80.9,991.42,5.06,0.0,0,Normal,0.14232077395926068
2020-12-26 20:10:00,1.45,80.6,991.28,5.01,0.0,0,Normal,0.14424552958396486
2020-12-26 20:20:00,1.48,80.3,991.23,5.34,0.0,0,Normal,0.1395787310591004
2020-12-26 20:30:00,1.47,80.1,991.33,4.36,0.0,0,Normal,0.16114518364970487
2020-12-26 20:40:00,1.48,79.89,991.27,4.56,0.0,0,Normal,0.1617366066090209
2020-12-26 20:50:00,1.45,79.74,991.15,4.2,0.0,0,Normal,0.1700463746840547
2020-12-26 21:00:00,1.46,79.52,991.01,5.05,0.0,0,Normal,0.14717787458920611
2020-12-26 21:10:00,1.5,79.22,990.93,4.01,0.0,0,Normal,0.17294908663520248
2020-12-26 21:20:00,1.54,78.97,990.94,3.64,0.0,0,Normal,0.18680130194599043
2020-12-26 21:30:00,1.6,78.25,990.95,3.74,0.0,0,Normal,0.18972843635606518
2020-12-26 21:40:00,1.58,78.2,990.75,3.31,0.0,0,Normal,0.19691546100664042
2020-12-26 21:50:00,1.65,77.59,990.65,4.72,0.0,0,Normal,0.1657498143478377
2020-12-26 22:00:00,1.73,76.44,990.52,5.49,0.0,0,Normal,0.14715131647787932
2020-12-26 22:10:00,1.8,75.6,990.33,6.12,0.0,0,Normal,0.13514516484535666
2020-12-26 22:20:00,1.82,76.02,990.18,4.83,0.0,0,Normal,0.1646959265540503
2020-12-26 22:30:00,1.79,76.69,989.92,4.14,0.0,0,Normal,0.18233545220862224
2020-12-26 22:40:00,1.77,77.37,989.77,4.22,0.0,0,Normal,0.17780824385863836
2020-12-26 22:50:00,1.76,77.91,989.61,4.57,0.0,0,Normal,0.16841245401170019
2020-12-26 23:00:00,1.73,78.6,989.48,4.41,0.0,0,Normal,0.16587066900064212
2020-12-26 23:10:00,1.72,78.76,989.42,5.89,0.0,0,Normal,0.13247028747730127
2020-12-26 23:20:00,1.7,78.71,989.32,5.77,0.0,0,Normal,0.13302260627640733
2020-12-26 23:30:00,1.69,78.17,989.02,7.13,0.0,0,Normal,0.09880922004653092
2020-12-26 23:40:00,1.69,77.62,988.67,7.1,0.0,0,Normal,0.10150276793323842
2020-12-26 23:50:00,1.67,76.96,988.49,7.36,0.0,0,Normal,0.09301890871845564
2020-12-27 00:00:00,1.68,75.74,988.39,7.21,0.0,0,Normal,0.09862867957057653
2020-12-27 00:10:00,1.61,75.68,988.26,6.08,0.0,0,Normal,0.13413689459286388
2020-12-27 00:20:00,1.54,74.49,988.09,6.4,0.0,0,Normal,0.12148287473051012
2020-12-27 00:30:00,1.53,73.28,987.8,8.64,0.0,0,Normal,0.06898742624775123
2020-12-27 00:40:00,1.53,72.84,987.57,7.6,0.0,0,Normal,0.08861238694497453
2020-12-27 00:50:00,1.44,72.96,987.36,6.76,0.0,0,Normal,0.11426601272146675
2020-12-27 01:00:00,1.37,73.33,987.08,6.26,0.0,0,Normal,0.12711213555675005
2020-12-27 01:10:00,1.29,73.18,986.61,7.53,0.0,0,Normal,0.09152913439064658
2020-12-27 01:20:00,1.31,72.88,986.28,8.37,0.0,0,Normal,0.07440241326882602
2020-12-27 01:30:00,1.33,72.83,986.07,7.88,0.0,0,Normal,0.08229320943830665
2020-12-27 01:40:00,1.33,72.87,985.8,7.96,0.0,0,Normal,0.08368727045974811
2020-12-27 01:50:00,1.41,72.64,985.57,8.49,0.0,0,Normal,0.0736366391278428
2020-12-27 02:00:00,1.4,72.88,985.39,8.0,0.0,0,Normal,0.08157042990132024
2020-12-27 02:10:00,1.4,73.07,985.18,7.87,0.0,0,Normal,0.08230755665039635
2020-12-27 02:20:00,1.34,73.75,985.15,5.77,0.0,0,Normal,0.13777240456649592
2020-12-27 02:30:00,1.27,74.33,984.97,4.48,0.0,0,Normal,0.1641447022791872
2020-12-27 02:40:00,1.23,74.62,984.52,5.75,0.0,0,Normal,0.13388705474519524
2020-12-27 02:50:00,1.18,74.49,984.09,6.73,0.0,0,Normal,0.10916065558554822
2020-12-27 03:00:00,1.17,74.31,983.89,6.95,0.0,0,Normal,0.09840630736678435
2020-12-27 03:10:00,1.1,74.82,983.63,6.18,0.0,0,Normal,0.12426567096347879
2020-12-27 03:20:00,1.03,75.07,983.46,5.9,0.0,0,Normal,0.1252458388895089
2020-12-27 03:30:00,0.98,74.97,983.23,5.91,0.0,0,Normal,0.12508245056306655
2020-12-27 03:40:00,0.93,74.77,982.89,6.82,0.0,0,Normal,0.10321852364380468
2020-12-27 03:50:00,0.82,76.16,982.8,5.98,0.0,0,Normal,0.12124412608977786
2020-12-27 04:00:00,0.71,77.57,982.64,6.11,0.0,0,Normal,0.11678965307653799
2020-12-27 04:10:00,0.58,78.9,982.38,4.65,0.0,0,Normal,0.14067540488948438
2020-12-27 04:20:00,0.5,78.9,982.16,5.44,0.0,0,Normal,0.12108407494973683
2020-12-27 04:30:00,0.48,78.74,982.01,5.36,0.0,0,Normal,0.123217103994125
2020-12-27 04:40:00,0.4,79.24,981.74,5.12,0.0,0,Normal,0.12194862866671208
2020-12-27 04:50:00,0.38,78.87,981.55,5.52,0.0,0,Normal,0.11590701553741922
2020-12-27 05:00:00,0.4,78.21,981.36,5.99,0.0,0,Normal,0.1112191610422627
2020-12-27 05:10:00,0.34,78.15,981.22,5.86,0.0,0,Normal,0.11179538470161987
2020-12-27 05:20:00,0.31,77.69,980.79,6.08,0.0,0,Normal,0.10996141658105318
2020-12-27 05:30:00,0.25,77.34,980.46,6.19,0.0,0,Normal,0.10947186463330583
2020-12-27 05:40:00,0.23,76.75,980.3,6.27,0.0,0,Normal,0.10362399098499353
2020-12-27 05:50:00,0.29,75.94,980.05,5.82,0.0,0,Normal,0.11393173306406912
2020-12-27 06:00:00,0.35,74.93,979.75,6.19,0.0,0,Normal,0.11134645992456571
2020-12-27 06:10:00,0.41,74.4,979.66,4.54,0.0,0,Normal,0.14213273138816862
2020-12-27 06:20:00,0.36,74.57,979.51,3.57,0.0,0,Normal,0.1623789561404526
2020-12-27 06:30:00,0.33,74.27,979.26,3.82,0.0,0,Normal,0.15600014655467193
2020-12-27 06:40:00,0.41,73.35,979.11,4.16,0.0,0,Normal,0.15043411836478426
2020-12-27 06:50:00,0.55,71.7,979.04,4.43,0.0,0,Normal,0.13958574535102836
2020-12-27 07:00:00,0.62,70.81,978.94,3.17,0.0,0,Normal,0.1689215409524995
2020-12-27 07:10:00,0.6,70.44,978.73,5.56,0.0,0,Normal,0.12136376717162212
2020-12-27 07:20:00,0.52,70.53,978.41,4.42,0.0,0,Normal,0.13717327976285465
2020-12-27 07:30:00,0.47,70.48,978.15,4.47,0.0,0,Normal,0.13484822839465138
2020-12-27 07:40:00,0.39,70.97,977.99,4.62,0.0,0,Normal,0.13312816753837514
2020-12-27 07:50:00,0.38,70.44,977.61,5.35,0.0,0,Normal,0.11966176853881272
2020-12-27 08:00:00,0.34,70.13,977.36,5.44,0.0,0,Normal,0.11653280450311132
2020-12-27 08:10:00,0.35,69.09,977.11,7.27,0.0,0,Normal,0.07650686979837173
2020-12-27 08:20:00,0.4,67.61,976.97,6.82,0.0,0,Normal,0.09089607644883035
2020-12-27 08:30:00,0.35,66.53,976.86,7.12,0.0,0,Normal,0.08004657120786851
2020-12-27 08:40:00,0.29,66.14,976.79,6.99,0.0,0,Normal,0.08302024870687963
2020-12-27 08:50:00,0.24,65.42,976.63,7.47,0.0,0,Normal,0.07196106011096026
2020-12-27 09:00:00,0.23,65.04,976.48,6.81,0.0,0,Normal,0.08762367553234174
2020-12-27 09:10:00,0.24,64.6,976.43,6.79,0.0,0,Normal,0.08707037637844095
2020-12-27 09:20:00,0.17,65.06,976.34,6.1,0.0,0,Normal,0.09884412643959328
2020-12-27 09:30:00,0.07,65.6,976.1,6.7,0.0,0,Normal,0.0875693712315454
2020-12-27 09:40:00,-0.02,65.93,975.83,7.82,0.0,0,Normal,0.05739236586323804
2020-12-27 09:50:00,-0.1,66.78,975.59,6.3,0.0,0,Normal,0.09325204732318959
2020-12-27 10:00:00,-0.09,66.9,975.5,6.0,0.0,0,Normal,0.09916903405971156
2020-12-27 10:10:00,-0.03,66.72,975.65,5.43,0.0,0,Normal,0.10837235528918909
2020-12-27 10:20:00,0.0,66.42,975.41,6.04,0.0,0,Normal,0.09916706370610351
2020-12-27 10:30:00,0.0,66.41,975.07,5.17,0.0,0,Normal,0.10609751434295256
2020-12-27 10:40:00,0.02,66.26,975.01,5.48,0.0,0,Normal,0.10110171301306958
2020-12-27 10:50:00,0.01,66.52,974.68,5.5,0.0,0,Normal,0.09919202277735173
2020-12-27 11:00:00,0.0,66.59,974.49,5.81,0.0,0,Normal,0.09339998580806907
2020-12-27 11:10:00,0.01,66.48,974.32,5.12,0.0,0,Normal,0.10426057053321225
2020-12-27 11:20:00,0.04,65.4,974.05,7.12,0.0,0,Normal,0.06782748389220761
2020-12-27 11:30:00,0.07,64.94,973.68,6.45,0.0,0,Normal,0.0789794606540346
2020-12-27 11:40:00,0.08,65.09,973.36,5.29,0.0,0,Normal,0.09678916828630146
2020-12-27 11:50:00,0.04,65.36,973.03,6.44,0.0,0,Normal,0.0735546867766228
2020-12-27 12:00:00,-0.06,65.98,972.72,6.64,0.0,0,Normal,0.06859693707647319
2020-12-27 12:10:00,-0.15,66.55,972.33,7.14,0.0,0,Normal,0.052241632232977064
2020-12-27 12:20:00,-0.18,67.21,972.08,6.65,0.0,0,Normal,0.061646779442004584
2020-12-27 12:30:00,-0.2,67.81,971.75,5.87,0.0,0,Normal,0.07360366402347529
2020-12-27 12:40:00,-0.22,68.08,971.56,6.26,0.0,0,Normal,0.07065928075536299
2020-12-27 12:50:00,-0.19,68.65,971.3,5.15,0.0,0,Normal,0.08853513543598368
2020-12-27 13:00:00,-0.15,69.03,970.89,5.18,0.0,0,Normal,0.08457483448118219
2020-12-27 13:10:00,-0.1,68.93,970.54,6.24,0.0,0,Normal,0.06376413636971856
2020-12-27 13:20:00,-0.02,68.76,970.18,6.37,0.0,0,Normal,0.05703704810682109
2020-12-27 13:30:00,0.03,69.01,969.87,5.13,0.0,0,Normal,0.06848087165382499
2020-12-27 13:40:00,0.09,69.12,969.59,4.7,0.0,0,Normal,0.0725365719487846
2020-12-27 13:50:00,0.19,69.01,969.28,5.26,0.0,0,Normal,0.06785412471637708
2020-12-27 14:00:00,0.3,69.02,968.99,5.02,0.0,0,Normal,0.0719622546061578
2020-12-27 14:10:00,0.41,68.7,968.69,6.1,0.0,0,Normal,0.05634561628742174
2020-12-27 14:20:00,0.5,68.7,968.5,5.59,0.0,0,Normal,0.06493136854104331
2020-12-27 14:30:00,0.54,68.38,968.23,5.73,0.0,0,Normal,0.05710174100556131
2020-12-27 14:40:00,0.6,67.81,968.12,5.86,0.0,0,Normal,0.05162465159654539
2020-12-27 14:50:00,0.67,67.4,967.97,5.72,0.0,0,Normal,0.05286024025879754
2020-12-27 15:00:00,0.71,67.27,967.84,5.94,0.0,0,Normal,0.050810046300364564
2020-12-27 15:10:00,0.75,67.18,967.59,6.21,0.0,0,Normal,0.04473114442082449
2020-12-27 15:20:00,0.74,67.55,967.38,5.79,0.0,0,Normal,0.04887770747910414
2020-12-27 15:30:00,0.74,67.53,967.26,5.8,0.0,0,Normal,0.048035995476961135
2020-12-27 15:40:00,0.72,67.9,967.05,5.22,0.0,0,Normal,0.05474812504905824
2020-12-27 15:50:00,0.73,67.79,966.99,5.33,0.0,0,Normal,0.05127776418107999
2020-12-27 16:00:00,0.71,67.75,966.75,5.39,0.0,0,Normal,0.04904191337333408
2020-12-27 16:10:00,0.69,66.91,966.26,5.67,0.0,0,Normal,0.041155925909351576
2020-12-27 16:20:00,0.78,65.39,965.96,6.38,0.0,0,Normal,0.024921757016761026
2020-12-27 16:30:00,0.78,65.84,965.96,5.02,0.0,0,Normal,0.043268745769583394
2020-12-27 16:40:00,0.83,66.36,965.8,4.79,0.0,0,Normal,0.04804329946201147
2020-12-27 16:50:00,0.94,66.98,965.54,5.63,0.0,0,Normal,0.039451104466803444
2020-12-27 17:00:00,1.1,67.49,965.29,4.69,0.0,0,Normal,0.04790375765782906
2020-12-27 17:10:00,1.28,67.52,965.07,4.94,0.0,0,Normal,0.04608775341920501
2020-12-27 17:20:00,1.51,66.89,964.78,5.64,0.0,0,Normal,0.035309712327650344
2020-12-27 17:30:00,1.72,65.26,964.62,6.96,0.0,0,Normal,0.008865208001153535
2020-12-27 17:40:00,1.87,63.26,964.45,6.48,0.0,0,Normal,0.017331283103766415
2020-12-27 17:50:00,1.91,61.59,964.14,6.0,0.0,0,Normal,0.022639632141168375
2020-12-27 18:00:00,1.91,61.02,964.05,4.65,0.0,0,Normal,0.03530260472427427
2020-12-27 18:10:00,1.89,60.71,963.87,4.04,0.0,0,Normal,0.050628148755041846
2020-12-27 18:20:00,1.89,60.01,963.78,4.55,0.0,0,Normal,0.03500323737447997
2020-12-27 18:30:00,1.93,58.78,963.44,5.98,0.0,0,Normal,0.013853301701587384
2020-12-27 18:40:00,1.98,58.08,963.2,4.56,0.0,0,Normal,0.02932352185328191
2020-12-27 18:50:00,2.1,56.56,962.99,5.5,0.0,0,Normal,0.01663718695784233
2020-12-27 19:00:00,2.21,55.16,962.74,6.12,0.0,0,Normal,0.00848809540550477
2020-12-27 19:10:00,2.2,54.28,962.45,6.81,0.0,1,Anomaly,-0.0007088107924787534
2020-12-27 19:20:00,2.21,53.6,962.43,5.33,0.0,0,Normal,0.014459309316174562
2020-12-27 19:30:00,2.33,50.99,962.38,5.59,0.0,0,Normal,0.011652488010635786
2020-12-27 19:40:00,2.48,48.34,962.17,6.65,0.0,1,Anomaly,-0.005282274113815766
2020-12-27 19:50:00,2.51,47.43,961.9,6.09,0.0,0,Normal,0.0003629753923537482
2020-12-27 20:00:00,2.5,47.24,961.92,5.58,0.0,0,Normal,0.006842388125419263
2020-12-27 20:10:00,2.37,48.26,961.75,4.02,0.0,0,Normal,0.03031090246583612
2020-12-27 20:20:00,2.28,48.56,961.55,3.93,0.0,0,Normal,0.033676426851072194
2020-12-27 20:30:00,2.15,48.97,961.28,4.28,0.0,0,Normal,0.021024772360461852
2020-12-27 20:40:00,1.97,49.73,961.1,4.02,0.0,0,Normal,0.02812008226077556
2020-12-27 20:50:00,2.09,48.94,961.03,3.84,0.0,0,Normal,0.03264001086615187
2020-12-27 21:00:00,2.21,47.7,961.14,4.42,0.0,0,Normal,0.01692227676022473
2020-12-27 21:10:00,2.24,46.78,961.08,4.85,0.0,0,Normal,0.010342595493709639
2020-12-27 21:20:00,2.38,45.76,961.0,4.73,0.0,0,Normal,0.009542147442155646
2020-12-27 21:30:00,2.31,46.53,960.9,5.83,0.0,1,Anomaly,-0.0004289521642200089
2020-12-27 21:40:00,2.15,47.92,960.72,3.89,0.0,0,Normal,0.03352252005587064
2020-12-27 21:50:00,2.03,49.6,960.48,3.78,0.0,0,Normal,0.03310021564654597
2020-12-27 22:00:00,1.78,51.85,960.37,3.5,0.0,0,Normal,0.038591004870640155
2020-12-27 22:10:00,1.69,53.19,960.21,3.46,0.0,0,Normal,0.03994511878052631
2020-12-27 22:20:00,1.84,53.65,960.04,4.53,0.0,0,Normal,0.018831456153218906
2020-12-27 22:30:00,1.65,53.41,960.09,4.62,0.0,0,Normal,0.017807857007693384
2020-12-27 22:40:00,1.41,54.17,960.29,5.4,0.0,0,Normal,0.015436856597413118
2020-12-27 22:50:00,1.52,53.66,960.23,5.18,0.0,0,Normal,0.016016746057713527
2020-12-27 23:00:00,1.47,53.88,960.16,4.65,0.0,0,Normal,0.01930474739105925
2020-12-27 23:10:00,1.27,55.08,960.14,3.98,0.0,0,Normal,0.038254695896446256
2020-12-27 23:20:00,1.08,56.7,960.16,3.9,0.0,0,Normal,0.040045854707759565
2020-12-27 23:30:00,1.0,57.5,960.17,3.9,0.0,0,Normal,0.0410435053818361
2020-12-27 23:40:00,0.92,58.02,960.04,4.27,0.0,0,Normal,0.030061190958041717
2020-12-27 23:50:00,0.82,59.14,959.82,3.8,0.0,0,Normal,0.04031574430916529
2020-12-28 00:00:00,0.77,59.89,959.83,3.55,0.0,0,Normal,0.045366022183898735
2020-12-28 00:10:00,0.7,60.39,959.9,4.12,0.0,0,Normal,0.03714386248550616
2020-12-28 00:20:00,0.74,60.45,959.67,4.18,0.0,0,Normal,0.03750401264943293
2020-12-28 00:30:00,0.68,61.45,959.42,4.34,0.0,0,Normal,0.031068309862016807
2020-12-28 00:40:00,0.61,62.66,959.33,4.58,0.0,0,Normal,0.027852766209003788
2020-12-28 00:50:00,0.65,63.09,959.34,4.27,0.0,0,Normal,0.03743543736095156
2020-12-28 01:00:00,0.7,63.48,959.34,4.5,0.0,0,Normal,0.02965677707380221
2020-12-28 01:10:00,0.76,64.33,959.23,3.92,0.0,0,Normal,0.04910261025238205
2020-12-28 01:20:00,0.82,64.63,958.99,3.93,0.0,0,Normal,0.04890827116712526
2020-12-28 01:30:00,0.87,64.29,958.87,4.99,0.0,0,Normal,0.026086798220535723
2020-12-28 01:40:00,0.85,64.76,958.81,4.42,0.0,0,Normal,0.03372229727276144
2020-12-28 01:50:00,0.79,65.44,958.63,4.76,0.0,0,Normal,0.029830023856869725
2020-12-28 02:00:00,0.82,66.05,958.73,3.91,0.0,0,Normal,0.05452270761410227
2020-12-28 02:10:00,0.93,66.41,958.65,3.23,0.0,0,Normal,0.06387588342012696
2020-12-28 02:20:00,1.02,66.4,958.69,3.15,0.0,0,Normal,0.06252140090298997
2020-12-28 02:30:00,1.08,66.89,958.53,2.71,0.0,0,Normal,0.06590895404129804
2020-12-28 02:40:00,1.13,67.52,958.25,1.93,0.0,0,Normal,0.07142021098460616
2020-12-28 02:50:00,1.13,68.11,958.18,3.27,0.0,0,Normal,0.0659969454933228
2020-12-28 03:00:00,1.07,68.74,958.1,3.16,0.0,0,Normal,0.06796193388257332
2020-12-28 03:10:00,0.99,69.46,957.88,3.52,0.0,0,Normal,0.06241046156680219
2020-12-28 03:20:00,1.01,69.58,958.02,4.0,0.0,0,Normal,0.054988280720660865
2020-12-28 03:30:00,1.03,69.89,957.92,4.33,0.0,0,Normal,0.04492750127017919
2020-12-28 03:40:00,1.01,70.36,957.72,4.12,0.0,0,Normal,0.053180742819784355
2020-12-28 03:50:00,1.01,70.84,957.49,3.63,0.0,0,Normal,0.06139584948840682
2020-12-28 04:00:00,0.98,71.3,957.31,3.48,0.0,0,Normal,0.06318342820654166
2020-12-28 04:10:00,0.93,71.94,957.23,4.4,0.0,0,Normal,0.04684209457107891
2020-12-28 04:20:00,1.0,72.16,957.1,4.3,0.0,0,Normal,0.04883638551212832
2020-12-28 04:30:00,1.04,72.54,956.96,3.32,0.0,0,Normal,0.06934348489769204
2020-12-28 04:40:00,0.99,73.08,956.9,3.99,0.0,0,Normal,0.05865135601657401
2020-12-28 04:50:00,0.93,73.89,956.86,2.92,0.0,0,Normal,0.0723839604650296
2020-12-28 05:00:00,0.9,74.33,956.95,2.57,0.0,0,Normal,0.0750279862356944
2020-12-28 05:10:00,0.9,74.48,956.91,2.81,0.0,0,Normal,0.07372770261536565
2020-12-28 05:20:00,0.8,75.09,956.85,2.43,0.0,0,Normal,0.0732392555701038
2020-12-28 05:30:00,0.74,75.52,956.82,2.9,0.0,0,Normal,0.07194130661884235
2020-12-28 05:40:00,0.69,76.26,956.71,1.94,0.0,0,Normal,0.07596246497590353
2020-12-28 05:50:00,0.64,77.04,956.68,2.57,0.0,0,Normal,0.0702414333812581
2020-12-28 06:00:00,0.61,77.4,956.6,2.51,0.0,0,Normal,0.06944275606414974
2020-12-28 06:10:00,0.6,78.15,956.51,1.59,0.0,0,Normal,0.07411268673484606
2020-12-28 06:20:00,0.62,78.31,956.34,1.69,0.0,0,Normal,0.07422259133463383
2020-12-28 06:30:00,0.51,78.91,956.37,1.77,0.0,0,Normal,0.07410105303957681
2020-12-28 06:40:00,0.38,79.54,956.42,1.1,0.0,0,Normal,0.06833062828053349
2020-12-28 06:50:00,0.4,79.99,956.36,1.45,0.0,0,Normal,0.06931820274943234
2020-12-28 07:00:00,0.52,79.86,956.36,2.12,0.0,0,Normal,0.07107585187210264
2020-12-28 07:10:00,0.44,80.2,956.65,2.33,0.0,0,Normal,0.07142477658635504
2020-12-28 07:20:00,0.51,80.7,956.92,1.73,0.0,0,Normal,0.07333871015291726
2020-12-28 07:30:00,0.73,79.73,956.95,1.4,0.0,0,Normal,0.07048693665138461
2020-12-28 07:40:00,0.86,79.63,956.78,1.76,0.0,0,Normal,0.07562861211783056
2020-12-28 07:50:00,0.84,79.92,956.68,1.53,0.0,0,Normal,0.07571269047900664
2020-12-28 08:00:00,0.82,80.3,956.63,0.9,0.0,0,Normal,0.06898189063496685
2020-12-28 08:10:00,1.0,79.64,956.68,1.45,0.0,0,Normal,0.07552875327139663
2020-12-28 08:20:00,1.32,78.42,956.69,0.97,0.0,0,Normal,0.07529154566970575
2020-12-28 08:30:00,1.32,78.54,956.85,0.81,0.0,0,Normal,0.07278438058754444
2020-12-28 08:40:00,1.43,78.39,956.85,0.67,0.0,0,Normal,0.0684588484371671
2020-12-28 08:50:00,1.39,78.64,956.99,0.97,0.0,0,Normal,0.07632537001225115
2020-12-28 09:00:00,1.48,79.3,957.04,0.95,0.0,0,Normal,0.07598500005030828
2020-12-28 09:10:00,1.86,78.5,957.1,0.61,0.0,0,Normal,0.0701179202876202
2020-12-28 09:20:00,2.01,78.49,956.97,0.76,0.0,0,Normal,0.07230362224264342
2020-12-28 09:30:00,2.0,79.2,956.91,1.25,0.0,0,Normal,0.08000532391560577
2020-12-28 09:40:00,1.87,80.6,956.93,1.64,0.0,0,Normal,0.08121697505021841
2020-12-28 09:50:00,2.02,79.87,956.94,1.36,0.0,0,Normal,0.07677780482207242
2020-12-28 10:00:00,2.21,79.01,956.95,0.88,0.0,0,Normal,0.07662661621738398
2020-12-28 10:10:00,2.25,78.71,956.98,1.93,0.0,0,Normal,0.08534970599252056
2020-12-28 10:20:00,2.1,79.62,957.1,2.49,0.0,0,Normal,0.08023659268812255
2020-12-28 10:30:00,2.09,80.0,957.14,2.18,0.0,0,Normal,0.08097388310627673
2020-12-28 10:40:00,2.38,78.62,957.02,2.28,0.0,0,Normal,0.08441615258357094
2020-12-28 10:50:00,2.67,77.66,956.95,2.23,0.0,0,Normal,0.0884145152131115
2020-12-28 11:00:00,2.79,77.3,956.99,2.54,0.0,0,Normal,0.08636226227166532
2020-12-28 11:10:00,2.91,76.27,956.95,3.94,0.0,0,Normal,0.07936193201939601
2020-12-28 11:20:00,3.05,75.94,956.86,2.6,0.0,0,Normal,0.09099586704160278
2020-12-28 11:30:00,3.16,75.44,956.85,2.7,0.0,0,Normal,0.09253742874766657
2020-12-28 11:40:00,3.29,74.98,956.87,2.42,0.0,0,Normal,0.09374893279484509
2020-12-28 11:50:00,3.42,74.49,956.83,3.24,0.0,0,Normal,0.09018660870922934
2020-12-28 12:00:00,3.56,74.02,956.66,2.76,0.0,0,Normal,0.09108771902823576
2020-12-28 12:10:00,3.62,73.87,956.55,3.2,0.0,0,Normal,0.08931657230917611
2020-12-28 12:20:00,3.86,73.11,956.37,2.83,0.0,0,Normal,0.0919170600022513
2020-12-28 12:30:00,4.13,72.09,956.21,3.14,0.0,0,Normal,0.09101635845431622
2020-12-28 12:40:00,4.23,71.42,956.14,3.38,0.0,0,Normal,0.08743702254968133
2020-12-28 12:50:00,4.16,71.42,956.03,3.36,0.0,0,Normal,0.08747462933455985
2020-12-28 13:00:00,3.99,72.01,956.0,3.01,0.0,0,Normal,0.0897792243503398
2020-12-28 13:10:00,4.0,71.85,955.95,3.18,0.0,0,Normal,0.08933191235649574
2020-12-28 13:20:00,3.93,71.82,955.89,3.29,0.0,0,Normal,0.08702052071655242
2020-12-28 13:30:00,3.92,71.61,955.86,2.63,0.0,0,Normal,0.09127350789075184
2020-12-28 13:40:00,3.9,71.76,955.76,2.24,0.0,0,Normal,0.09465935961930527
2020-12-28 13:50:00,3.92,72.11,955.71,2.02,0.0,0,Normal,0.09816073565496819
2020-12-28 14:00:00,3.87,71.81,955.66,2.82,0.0,0,Normal,0.09078371526590256
2020-12-28 14:10:00,3.76,72.11,955.69,2.35,0.0,0,Normal,0.09338642665435537
2020-12-28 14:20:00,3.69,72.08,955.74,2.95,0.0,0,Normal,0.0897091743999765
2020-12-28 14:30:00,3.64,71.96,955.78,2.85,0.0,0,Normal,0.08872265470853669
2020-12-28 14:40:00,3.66,71.35,955.76,2.47,0.0,0,Normal,0.08887142341820442
2020-12-28 14:50:00,3.68,71.59,955.81,1.84,0.0,0,Normal,0.09361142172319381
2020-12-28 15:00:00,3.69,71.52,955.77,1.83,0.0,0,Normal,0.09291569683163481
2020-12-28 15:10:00,3.71,70.92,955.75,2.23,0.0,0,Normal,0.09302741865042086
2020-12-28 15:20:00,3.75,70.97,955.81,1.75,0.0,0,Normal,0.09232597801118603
2020-12-28 15:30:00,3.76,71.11,955.78,0.9,0.0,0,Normal,0.087544271101891
2020-12-28 15:40:00,3.74,71.62,955.9,1.0,0.0,0,Normal,0.08961952937067041
2020-12-28 15:50:00,3.65,72.44,955.88,0.96,0.0,0,Normal,0.09165218956389476
2020-12-28 16:00:00,3.53,74.69,955.94,0.86,0.0,0,Normal,0.08982750451518107
2020-12-28 16:10:00,3.38,75.36,956.03,1.37,0.0,0,Normal,0.09191356808323303
2020-12-28 16:20:00,3.24,77.03,956.03,2.37,0.0,0,Normal,0.09215799964013682
2020-12-28 16:30:00,3.25,78.02,955.94,1.27,0.0,0,Normal,0.08898738239208104
2020-12-28 16:40:00,3.13,79.7,955.95,1.88,0.0,0,Normal,0.09410262294257365
2020-12-28 16:50:00,3.06,78.24,955.82,1.03,0.0,0,Normal,0.08601594037447213
2020-12-28 17:00:00,3.11,78.97,955.8,0.88,0.0,0,Normal,0.08473570052339752
2020-12-28 17:10:00,2.98,80.2,955.82,1.25,0.0,0,Normal,0.08939230659158526
2020-12-28 17:20:00,2.91,80.7,955.8,0.96,0.0,0,Normal,0.08448361447193253
2020-12-28 17:30:00,2.85,81.6,955.8,1.23,0.0,0,Normal,0.08736380736531923
2020-12-28 17:40:00,2.74,82.4,955.88,1.26,0.0,0,Normal,0.08395391078475734
2020-12-28 17:50:00,2.68,83.2,955.94,1.31,0.0,0,Normal,0.08440811969315354
2020-12-28 18:00:00,2.63,84.4,956.02,0.98,0.0,0,Normal,0.08136215775433309
2020-12-28 18:10:00,2.53,85.8,956.01,1.73,0.0,0,Normal,0.0808991329088774
2020-12-28 18:20:00,2.31,88.7,956.09,2.57,0.0,0,Normal,0.07082458763560684
2020-12-28 18:30:00,2.0,91.7,956.19,2.62,0.1,0,Normal,0.023195282163207653
2020-12-28 18:40:00,1.76,94.5,956.19,2.63,0.1,0,Normal,0.015283198191118452
2020-12-28 18:50:00,1.58,96.0,956.21,3.06,0.1,0,Normal,0.008321227074291282
2020-12-28 19:00:00,1.36,97.6,956.29,2.37,0.1,0,Normal,0.014863530254069612
2020-12-28 19:10:00,1.11,99.0,956.32,2.68,0.1,0,Normal,0.004243540646364008
2020-12-28 19:20:00,0.85,100.0,956.35,1.95,0.2,1,Anomaly,-0.017019099876127708
2020-12-28 19:30:00,0.66,100.0,956.37,1.41,0.2,1,Anomaly,-0.018583104560118135
2020-12-28 19:40:00,0.45,100.0,956.36,1.52,0.2,1,Anomaly,-0.01842706020460616
2020-12-28 19:50:00,0.32,100.0,956.2,0.82,0.0,0,Normal,0.03430202282992101
2020-12-28 20:00:00,0.29,100.0,956.18,1.58,0.1,0,Normal,0.009575950501148234
2020-12-28 20:10:00,0.33,100.0,956.14,1.22,0.0,0,Normal,0.03791372108885638
2020-12-28 20:20:00,0.33,100.0,956.16,1.22,0.1,0,Normal,0.004554562225066672
2020-12-28 20:30:00,0.37,100.0,956.07,0.86,0.0,0,Normal,0.033903261641408666
2020-12-28 20:40:00,0.34,100.0,956.05,1.29,0.0,0,Normal,0.03791372108885638
2020-12-28 20:50:00,0.25,100.0,956.03,1.87,0.1,0,Normal,0.0033248976397998176
2020-12-28 21:00:00,0.17,100.0,955.89,1.37,0.0,0,Normal,0.034120523061944574
2020-12-28 21:10:00,0.15,100.0,955.83,1.23,0.0,0,Normal,0.035240150383031854
2020-12-28 21:20:00,0.17,100.0,955.83,1.33,0.1,0,Normal,0.0029943617471431816
2020-12-28 21:30:00,0.21,100.0,955.73,1.73,0.0,0,Normal,0.03516144789652442
2020-12-28 21:40:00,0.21,100.0,955.64,1.62,0.0,0,Normal,0.03620257866828358
2020-12-28 21:50:00,0.29,100.0,955.58,1.15,0.0,0,Normal,0.03724507575047431
2020-12-28 22:00:00,0.33,100.0,955.59,1.54,0.0,0,Normal,0.038050792586374116
2020-12-28 22:10:00,0.37,100.0,955.74,1.76,0.0,0,Normal,0.03698359336595358
2020-12-28 22:20:00,0.35,100.0,955.94,2.64,0.0,0,Normal,0.030787557935910148
2020-12-28 22:30:00,0.39,100.0,956.06,2.46,0.0,0,Normal,0.03283398302583529
2020-12-28 22:40:00,0.45,100.0,956.08,2.71,0.0,0,Normal,0.030707458185320058
2020-12-28 22:50:00,0.47,100.0,956.11,2.39,0.0,0,Normal,0.03591427618531551
2020-12-28 23:00:00,0.52,100.0,956.18,2.26,0.0,0,Normal,0.037608837919984706
2020-12-28 23:10:00,0.51,100.0,956.27,1.94,0.0,0,Normal,0.039417173849352505
2020-12-28 23:20:00,0.43,100.0,956.32,1.25,0.0,0,Normal,0.039223988716272085
2020-12-28 23:30:00,0.43,100.0,956.32,1.33,0.0,0,Normal,0.039223988716272085
2020-12-28 23:40:00,0.4,100.0,956.19,1.72,0.0,0,Normal,0.03743900655001797
2020-12-28 23:50:00,0.34,100.0,956.13,1.53,0.0,0,Normal,0.038050792586374116
2020-12-29 00:00:00,0.29,100.0,956.11,0.55,0.0,0,Normal,0.031475267108800664
2020-12-29 00:10:00,0.29,100.0,956.23,1.3,0.0,0,Normal,0.03791372108885638
2020-12-29 00:20:00,0.14,100.0,956.46,1.42,0.0,0,Normal,0.03592692027013533
2020-12-29 00:30:00,0.06,100.0,956.55,1.36,0.0,0,Normal,0.033942054373389596
2020-12-29 00:40:00,0.01,100.0,956.62,0.76,0.0,0,Normal,0.02978022988594775
2020-12-29 00:50:00,0.03,100.0,956.71,0.65,0.0,0,Normal,0.028007916345889283
2020-12-29 01:00:00,0.02,100.0,956.66,1.61,0.0,0,Normal,0.03554122679476712
2020-12-29 01:10:00,0.2,100.0,956.77,1.38,0.0,0,Normal,0.034120523061944574
2020-12-29 01:20:00,0.23,100.0,956.8,0.91,0.0,0,Normal,0.03136140558662004
2020-12-29 01:30:00,0.19,100.0,956.58,1.08,0.0,0,Normal,0.03415617517252156
2020-12-29 01:40:00,0.06,100.0,956.57,0.68,0.0,0,Normal,0.02967485117747637
2020-12-29 01:50:00,-0.06,100.0,956.63,0.39,0.0,0,Normal,0.014558955562450793
2020-12-29 02:00:00,-0.06,100.0,956.67,0.48,0.0,0,Normal,0.024966289879783554
2020-12-29 02:10:00,-0.02,100.0,956.74,0.48,0.0,0,Normal,0.025437259410116764
2020-12-29 02:20:00,-0.07,100.0,956.78,1.12,0.0,0,Normal,0.03411094747433441
2020-12-29 02:30:00,-0.13,100.0,956.85,1.04,0.0,0,Normal,0.032478564683109945
2020-12-29 02:40:00,-0.2,100.0,956.88,0.85,0.0,0,Normal,0.030478808477016894
2020-12-29 02:50:00,-0.05,100.0,956.76,1.24,0.0,0,Normal,0.034113943484603615
2020-12-29 03:00:00,0.01,100.0,956.73,1.64,0.0,0,Normal,0.034308527016746804
2020-12-29 03:10:00,-0.15,100.0,956.84,1.95,0.0,0,Normal,0.032546887444003025
2020-12-29 03:20:00,-0.02,100.0,956.89,2.17,0.0,0,Normal,0.031242800290547823
2020-12-29 03:30:00,0.05,100.0,956.89,1.79,0.0,0,Normal,0.03310196745743077
2020-12-29 03:40:00,-0.17,100.0,956.98,1.7,0.0,0,Normal,0.034035090317975025
2020-12-29 03:50:00,-0.56,100.0,956.97,1.03,0.0,0,Normal,0.031678303294576104
2020-12-29 04:00:00,-0.71,100.0,956.95,1.34,0.0,0,Normal,0.033686122015740505
2020-12-29 04:10:00,-0.94,100.0,957.02,0.9,0.0,0,Normal,0.027841771656095582
2020-12-29 04:20:00,-1.01,100.0,957.0,1.69,0.0,0,Normal,0.03241447267760622
2020-12-29 04:30:00,-0.91,100.0,957.07,1.15,0.0,0,Normal,0.03181870806909426
2020-12-29 04:40:00,-0.76,100.0,957.2,0.83,0.0,0,Normal,0.02984756213466777
2020-12-29 04:50:00,-0.71,100.0,957.27,1.18,0.0,0,Normal,0.03278089550923169
2020-12-29 05:00:00,-0.79,100.0,957.43,1.41,0.0,0,Normal,0.033327395770981094
2020-12-29 05:10:00,-0.71,100.0,957.42,1.75,0.0,0,Normal,0.03314882070642644
2020-12-29 05:20:00,-0.23,100.0,957.41,1.21,0.0,0,Normal,0.032610021162662095
2020-12-29 05:30:00,-0.9,100.0,957.55,1.05,0.0,0,Normal,0.031404506096521234
2020-12-29 05:40:00,-1.21,100.0,957.61,0.75,0.0,0,Normal,0.027133295924891998
2020-12-29 05:50:00,-1.0,100.0,957.63,0.61,0.0,0,Normal,0.026050585499858947
2020-12-29 06:00:00,-0.89,100.0,957.58,0.64,0.0,0,Normal,0.02590049307145148
2020-12-29 06:10:00,-0.66,100.0,957.59,0.88,0.0,0,Normal,0.02887178271438784
2020-12-29 06:20:00,-0.53,100.0,957.75,0.9,0.0,0,Normal,0.02887178271438784
2020-12-29 06:30:00,-0.49,100.0,957.86,1.3,0.0,0,Normal,0.03351550953061977
2020-12-29 06:40:00,0.17,99.6,957.95,2.54,0.0,0,Normal,0.029853572116730565
2020-12-29 06:50:00,0.58,98.3,957.96,4.16,0.0,0,Normal,0.010895160803339632
2020-12-29 07:00:00,1.18,95.8,958.16,4.66,0.0,0,Normal,0.010971049752579232
2020-12-29 07:10:00,1.52,94.4,958.31,4.65,0.0,0,Normal,0.015871840359950373
2020-12-29 07:20:00,1.59,94.5,958.33,3.84,0.0,0,Normal,0.03787004002927841
2020-12-29 07:30:00,1.53,95.2,958.37,3.39,0.0,0,Normal,0.04216524060889537
2020-12-29 07:40:00,1.49,95.9,958.54,3.21,0.0,0,Normal,0.04717803392316122
2020-12-29 07:50:00,1.57,95.6,958.6,3.41,0.0,0,Normal,0.04222976761020425
2020-12-29 08:00:00,1.54,95.7,958.74,3.4,0.0,0,Normal,0.04222976761020425
2020-12-29 08:10:00,1.24,97.5,958.81,3.13,0.0,0,Normal,0.03650631319680531
2020-12-29 08:20:00,1.27,97.6,958.91,3.91,0.0,0,Normal,0.0260691740549458
2020-12-29 08:30:00,1.41,96.9,959.02,3.48,0.0,0,Normal,0.03409259104926743
2020-12-29 08:40:00,1.3,97.2,959.08,2.72,0.0,0,Normal,0.04172883193758525
2020-12-29 08:50:00,1.11,98.4,959.2,2.56,0.0,0,Normal,0.03880275818348067
2020-12-29 09:00:00,1.19,97.9,959.27,3.0,0.0,0,Normal,0.03346085994608761
2020-12-29 09:10:00,0.96,99.2,959.36,2.89,0.0,0,Normal,0.030961305651190374
2020-12-29 09:20:00,0.82,100.0,959.44,2.78,0.0,0,Normal,0.031645274975957816
2020-12-29 09:30:00,1.01,99.9,959.54,2.41,0.0,0,Normal,0.037787739139377385
2020-12-29 09:40:00,1.35,98.4,959.69,2.67,0.0,0,Normal,0.04143583706896903
2020-12-29 09:50:00,1.24,99.5,959.77,3.27,0.0,0,Normal,0.03062923322300337
2020-12-29 10:00:00,1.48,99.5,959.92,3.77,0.0,0,Normal,0.025584269049056862
2020-12-29 10:10:00,1.8,98.5,960.05,3.53,0.0,0,Normal,0.028816908694533017
2020-12-29 10:20:00,1.84,98.4,960.22,3.37,0.0,0,Normal,0.031903096941128584
2020-12-29 10:30:00,1.85,98.5,960.41,3.25,0.0,0,Normal,0.035797467965257956
2020-12-29 10:40:00,2.13,97.6,960.56,2.76,0.0,0,Normal,0.0469323687135752
2020-12-29 10:50:00,2.26,98.0,960.66,2.47,0.0,0,Normal,0.05061828717503103
2020-12-29 11:00:00,2.4,97.9,960.75,2.39,0.0,0,Normal,0.051610965211380644
2020-12-29 11:10:00,2.55,97.9,960.93,2.67,0.0,0,Normal,0.051609578568803105
2020-12-29 11:20:00,2.72,97.1,961.05,3.02,0.0,0,Normal,0.04936783067243167
2020-12-29 11:30:00,3.01,95.7,961.14,3.02,0.0,0,Normal,0.05808028162319501
2020-12-29 11:40:00,3.26,94.3,961.36,3.1,0.0,0,Normal,0.06005055370014245
2020-12-29 11:50:00,3.49,92.3,961.45,4.26,0.0,0,Normal,0.044327027686388965
2020-12-29 12:00:00,3.55,88.3,961.58,5.74,0.0,0,Normal,0.026663667309166916
2020-12-29 12:10:00,3.49,88.1,961.84,4.75,0.0,0,Normal,0.04143261595798253
2020-12-29 12:20:00,3.39,88.5,961.98,5.77,0.0,0,Normal,0.02414024770423706
2020-12-29 12:30:00,3.3,88.9,962.09,5.58,0.0,0,Normal,0.030383617456296808
2020-12-29 12:40:00,3.35,88.2,962.35,5.2,0.0,0,Normal,0.03828503460774668
2020-12-29 12:50:00,3.47,87.0,962.53,4.85,0.0,0,Normal,0.03999929013863035
2020-12-29 13:00:00,3.48,86.5,962.7,4.96,0.0,0,Normal,0.04256773377294598
2020-12-29 13:10:00,3.4,86.4,963.0,4.91,0.0,0,Normal,0.04120741909061987
2020-12-29 13:20:00,3.34,86.2,963.25,5.67,0.0,0,Normal,0.03464884799692369
2020-12-29 13:30:00,3.4,86.1,963.53,5.34,0.0,0,Normal,0.03992759309511584
2020-12-29 13:40:00,3.52,86.1,963.78,5.88,0.0,0,Normal,0.03130824664499843
2020-12-29 13:50:00,3.54,86.1,963.98,5.41,0.0,0,Normal,0.043165680278760665
2020-12-29 14:00:00,3.56,85.9,964.21,4.11,0.0,0,Normal,0.06427211426758717
2020-12-29 14:10:00,3.61,86.3,964.4,3.18,0.0,0,Normal,0.08132368793750555
2020-12-29 14:20:00,3.73,85.0,964.61,3.79,0.0,0,Normal,0.07843266614913935
2020-12-29 14:30:00,3.56,85.2,964.86,4.36,0.0,0,Normal,0.06503826992310324
2020-12-29 14:40:00,3.55,84.6,965.1,4.63,0.0,0,Normal,0.05924965679228422
2020-12-29 14:50:00,3.52,84.7,965.3,4.52,0.0,0,Normal,0.06444807648646844
2020-12-29 15:00:00,3.44,85.7,965.56,4.13,0.0,0,Normal,0.07295027848203495
2020-12-29 15:10:00,3.43,85.9,965.81,3.92,0.0,0,Normal,0.07873466606111834
2020-12-29 15:20:00,3.48,85.8,965.97,4.69,0.0,0,Normal,0.060194421976878076
2020-12-29 15:30:00,3.56,85.3,966.21,4.5,0.0,0,Normal,0.06601399308289646
2020-12-29 15:40:00,3.58,85.2,966.46,4.75,0.0,0,Normal,0.06841296611804981
2020-12-29 15:50:00,3.41,85.6,966.62,3.9,0.0,0,Normal,0.09007733612087598
2020-12-29 16:00:00,3.28,86.5,966.82,2.91,0.0,0,Normal,0.1062119263249709
2020-12-29 16:10:00,3.23,86.8,966.89,1.93,0.0,0,Normal,0.11582674770560797
2020-12-29 16:20:00,3.16,86.3,966.98,2.79,0.0,0,Normal,0.10601728879658867
2020-12-29 16:30:00,2.95,87.6,967.19,1.99,0.0,0,Normal,0.11610565408304296
2020-12-29 16:40:00,2.87,87.7,967.34,1.84,0.0,0,Normal,0.11452044644625947
2020-12-29 16:50:00,2.75,86.7,967.44,2.57,0.0,0,Normal,0.1091855029059563
2020-12-29 17:00:00,2.57,87.2,967.7,2.43,0.0,0,Normal,0.11024758532400813
2020-12-29 17:10:00,2.5,86.3,967.92,2.69,0.0,0,Normal,0.10891825309193315
2020-12-29 17:20:00,2.54,84.6,967.99,3.39,0.0,0,Normal,0.10289648950024644
2020-12-29 17:30:00,2.47,84.6,968.11,3.95,0.0,0,Normal,0.09250008136995014
2020-12-29 17:40:00,2.53,83.7,968.12,5.42,0.0,0,Normal,0.06966944430245658
2020-12-29 17:50:00,2.74,82.8,968.18,6.57,0.0,0,Normal,0.048890912527915775
2020-12-29 18:00:00,2.73,83.3,968.42,5.39,0.0,0,Normal,0.0739339574056278
2020-12-29 18:10:00,2.62,84.2,968.6,4.55,0.0,0,Normal,0.0808566008572944
2020-12-29 18:20:00,2.56,84.7,968.8,4.04,0.0,0,Normal,0.09257636866837604
2020-12-29 18:30:00,2.61,85.1,968.88,5.31,0.0,0,Normal,0.07357030568631884
2020-12-29 18:40:00,2.56,86.0,968.91,4.79,0.0,0,Normal,0.0786849337189438
2020-12-29 18:50:00,2.67,85.3,969.07,5.06,0.0,0,Normal,0.07847122406758977
2020-12-29 19:00:00,2.77,84.7,969.36,5.11,0.0,0,Normal,0.07743567096031023
2020-12-29 19:10:00,2.5,86.3,969.56,4.12,0.0,0,Normal,0.09422829775701158
2020-12-29 19:20:00,2.21,87.5,969.68,4.02,0.0,0,Normal,0.09232579128969154
2020-12-29 19:30:00,2.24,87.0,969.83,3.36,0.0,0,Normal,0.10998822473964853
2020-12-29 19:40:00,2.28,86.5,969.92,2.1,0.0,0,Normal,0.12392338282413135
2020-12-29 19:50:00,2.13,87.2,970.07,1.71,0.0,0,Normal,0.12497649760654911
2020-12-29 20:00:00,2.3,85.6,970.23,2.06,0.0,0,Normal,0.13162642277862646
2020-12-29 20:10:00,2.48,84.2,970.4,3.18,0.0,0,Normal,0.12488869975920497
2020-12-29 20:20:00,2.17,85.9,970.44,3.69,0.0,0,Normal,0.11123544368269278
2020-12-29 20:30:00,2.08,85.6,970.63,5.17,0.0,0,Normal,0.0813724021489054
2020-12-29 20:40:00,2.25,84.9,970.78,4.74,0.0,0,Normal,0.0910251471488801
2020-12-29 20:50:00,2.27,84.5,970.87,4.47,0.0,0,Normal,0.09307131330719409
2020-12-29 21:00:00,2.18,85.4,970.86,3.91,0.0,0,Normal,0.11164969147242487
2020-12-29 21:10:00,2.33,85.0,970.94,3.22,0.0,0,Normal,0.13064575902911985
2020-12-29 21:20:00,2.29,85.8,971.04,2.73,0.0,0,Normal,0.13599765167387184
2020-12-29 21:30:00,2.24,86.0,971.11,3.51,0.0,0,Normal,0.12313844010507224
2020-12-29 21:40:00,2.43,84.6,971.11,3.74,0.0,0,Normal,0.11973567939093743
2020-12-29 21:50:00,2.55,84.0,971.11,3.06,0.0,0,Normal,0.1365611044627077
2020-12-29 22:00:00,2.5,84.9,971.25,2.9,0.0,0,Normal,0.1400393927394213
2020-12-29 22:10:00,2.3,86.0,971.42,3.32,0.0,0,Normal,0.13086112212279133
2020-12-29 22:20:00,2.22,87.1,971.48,3.51,0.0,0,Normal,0.12246406233782237
2020-12-29 22:30:00,1.99,88.3,971.58,3.96,0.0,0,Normal,0.10708111721185687
2020-12-29 22:40:00,1.85,89.6,971.71,3.39,0.0,0,Normal,0.11785211002629847
2020-12-29 22:50:00,1.82,89.4,971.7,3.27,0.0,0,Normal,0.1192719061345191
2020-12-29 23:00:00,1.95,88.7,971.7,3.58,0.0,0,Normal,0.11223430064681306
2020-12-29 23:10:00,2.16,87.2,971.67,3.46,0.0,0,Normal,0.12340524472213499
2020-12-29 23:20:00,2.17,87.3,971.71,3.09,0.0,0,Normal,0.1334366849451019
2020-12-29 23:30:00,2.03,88.1,971.73,3.05,0.0,0,Normal,0.1297829109361977
2020-12-29 23:40:00,2.05,88.4,971.7,3.28,0.0,0,Normal,0.12588281486441216
2020-12-29 23:50:00,2.21,87.8,971.71,3.41,0.0,0,Normal,0.12443271018846203
2020-12-30 00:00:00,2.34,87.4,971.66,3.59,0.0,0,Normal,0.12074939374187821
2020-12-30 00:10:00,2.24,88.1,971.72,3.78,0.0,0,Normal,0.1171220848673804
2020-12-30 00:20:00,2.29,88.0,971.68,3.27,0.0,0,Normal,0.13138204511096496
2020-12-30 00:30:00,2.3,88.2,971.72,3.6,0.0,0,Normal,0.11776015009666996
2020-12-30 00:40:00,2.32,88.3,971.71,3.99,0.0,0,Normal,0.1075170852441335
2020-12-30 00:50:00,2.23,89.1,971.88,5.13,0.0,0,Normal,0.08100177657594654
2020-12-30 01:00:00,2.26,89.0,972.13,4.32,0.0,0,Normal,0.09716931721809041
2020-12-30 01:10:00,2.21,89.4,972.18,3.43,0.0,0,Normal,0.12035348028966197
2020-12-30 01:20:00,2.16,89.7,972.26,3.95,0.0,0,Normal,0.10643997308411846
2020-12-30 01:30:00,2.01,90.5,972.26,3.56,0.0,0,Normal,0.10996181957931528
2020-12-30 01:40:00,1.96,91.2,972.29,3.66,0.0,0,Normal,0.1080757334362662
2020-12-30 01:50:00,2.17,90.4,972.3,2.92,0.0,0,Normal,0.1290071047776628
2020-12-30 02:00:00,2.38,89.2,972.37,1.48,0.0,0,Normal,0.13950325617225617
2020-12-30 02:10:00,2.21,90.1,972.53,0.68,0.0,0,Normal,0.13229417823555328
2020-12-30 02:20:00,2.13,90.5,972.6,1.47,0.0,0,Normal,0.1412594400216875
2020-12-30 02:30:00,2.06,91.1,972.77,0.64,0.0,0,Normal,0.12939574267575876
2020-12-30 02:40:00,1.92,91.8,972.76,1.77,0.0,0,Normal,0.1362814184088657
2020-12-30 02:50:00,1.51,93.3,972.71,2.3,0.0,0,Normal,0.12917648945711574
2020-12-30 03:00:00,1.29,94.5,972.78,2.1,0.0,0,Normal,0.12341839198851368
2020-12-30 03:10:00,1.65,91.8,972.83,1.4,0.0,0,Normal,0.13247022083079163
2020-12-30 03:20:00,1.41,91.9,972.8,1.32,0.0,0,Normal,0.1352387762221166
2020-12-30 03:30:00,1.28,92.9,972.81,0.77,0.0,0,Normal,0.1257450682715005
2020-12-30 03:40:00,1.47,92.8,972.85,0.82,0.0,0,Normal,0.1293287889265578
2020-12-30 03:50:00,1.49,93.3,972.87,1.41,0.0,0,Normal,0.13031069205122203
2020-12-30 04:00:00,1.32,93.9,972.96,1.7,0.0,0,Normal,0.12972122914440087
2020-12-30 04:10:00,1.22,94.4,972.99,1.37,0.0,0,Normal,0.12430734480409411
2020-12-30 04:20:00,1.28,94.1,973.06,1.74,0.0,0,Normal,0.12787597781294568
2020-12-30 04:30:00,1.39,93.5,973.19,1.83,0.0,0,Normal,0.13195300176487462
2020-12-30 04:40:00,1.51,92.8,973.25,1.51,0.0,0,Normal,0.13537564062024798
2020-12-30 04:50:00,1.58,92.5,973.26,0.89,0.0,0,Normal,0.13180051831256295
2020-12-30 05:00:00,1.55,92.6,973.2,1.25,0.0,0,Normal,0.13578238776566665
2020-12-30 05:10:00,1.51,92.7,973.17,0.76,0.0,0,Normal,0.13067356677792769
2020-12-30 05:20:00,1.38,93.4,973.28,1.33,0.0,0,Normal,0.13428095619241281
2020-12-30 05:30:00,1.32,93.7,973.3,1.97,0.0,0,Normal,0.12958750473839536
2020-12-30 05:40:00,1.27,94.2,973.41,1.21,0.0,0,Normal,0.12759695441450158
2020-12-30 05:50:00,1.3,93.9,973.43,1.55,0.0,0,Normal,0.12998132823375308
2020-12-30 06:00:00,1.41,93.3,973.35,1.53,0.0,0,Normal,0.13482523223813825
2020-12-30 06:10:00,1.42,93.3,973.44,1.64,0.0,0,Normal,0.13349386848477407
2020-12-30 06:20:00,1.36,93.6,973.56,1.88,0.0,0,Normal,0.1303274050570586
2020-12-30 06:30:00,1.27,93.9,973.71,2.32,0.0,0,Normal,0.13084201731233108
2020-12-30 06:40:00,1.27,93.9,973.78,1.95,0.0,0,Normal,0.13122658993022945
2020-12-30 06:50:00,1.23,94.1,973.85,1.71,0.0,0,Normal,0.13223919721379596
2020-12-30 07:00:00,1.18,94.2,973.96,1.44,0.0,0,Normal,0.13178356678428493
2020-12-30 07:10:00,0.99,94.8,974.06,0.76,0.0,0,Normal,0.12445617869001513
2020-12-30 07:20:00,1.11,93.7,974.09,0.64,0.0,0,Normal,0.12716044548591993
2020-12-30 07:30:00,1.33,91.9,974.14,1.66,0.0,0,Normal,0.1442390897546088
2020-12-30 07:40:00,1.41,91.1,974.18,2.27,0.0,0,Normal,0.14452047193266876
2020-12-30 07:50:00,1.52,90.4,974.23,2.42,0.0,0,Normal,0.14713545267083633
2020-12-30 08:00:00,1.54,90.2,974.31,2.29,0.0,0,Normal,0.14722951133469814
2020-12-30 08:10:00,1.36,91.3,974.42,2.01,0.0,0,Normal,0.14324296249880764
2020-12-30 08:20:00,1.02,93.0,974.52,1.59,0.0,0,Normal,0.1349640598585553
2020-12-30 08:30:00,0.94,93.5,974.64,1.18,0.0,0,Normal,0.1329164636423122
2020-12-30 08:40:00,1.15,92.6,974.78,1.27,0.0,0,Normal,0.138984703542067
2020-12-30 08:50:00,1.7,89.8,974.83,1.9,0.0,0,Normal,0.1449013009692255
2020-12-30 09:00:00,1.96,88.6,974.91,1.7,0.0,0,Normal,0.15340348506846185
2020-12-30 09:10:00,1.96,88.9,975.03,1.68,0.0,0,Normal,0.15342286380159692
2020-12-30 09:20:00,1.82,89.8,975.09,1.76,0.0,0,Normal,0.14682537831484838
2020-12-30 09:30:00,1.78,90.2,975.14,1.51,0.0,0,Normal,0.14826628760494048
2020-12-30 09:40:00,1.85,89.8,975.26,1.66,0.0,0,Normal,0.1524234094068686
2020-12-30 09:50:00,1.95,89.1,975.4,1.58,0.0,0,Normal,0.15883751821423409
2020-12-30 10:00:00,1.91,89.1,975.48,1.24,0.0,0,Normal,0.15797816085411504
2020-12-30 10:10:00,1.92,89.0,975.54,1.84,0.0,0,Normal,0.15790145993285276
2020-12-30 10:20:00,1.83,89.6,975.64,1.35,0.0,0,Normal,0.15170688199922533
2020-12-30 10:30:00,1.9,89.4,975.73,0.93,0.0,0,Normal,0.15487939828305308
2020-12-30 10:40:00,2.24,88.2,975.85,0.68,0.0,0,Normal,0.15482190556379272
2020-12-30 10:50:00,2.65,86.8,975.84,0.73,0.0,0,Normal,0.16191963376725893
2020-12-30 11:00:00,2.99,85.8,975.81,1.12,0.0,0,Normal,0.1730827167829409
2020-12-30 11:10:00,3.01,86.2,975.78,1.56,0.0,0,Normal,0.17494310163945026
2020-12-30 11:20:00,3.03,86.9,975.79,1.58,0.0,0,Normal,0.17406890428546978
2020-12-30 11:30:00,3.24,86.5,975.85,1.79,0.0,0,Normal,0.17586298064232325
2020-12-30 11:40:00,3.52,85.1,975.84,1.85,0.0,0,Normal,0.181128633758815
2020-12-30 11:50:00,3.67,84.9,975.79,1.77,0.0,0,Normal,0.18129603233613395
2020-12-30 12:00:00,3.87,84.4,975.82,2.17,0.0,0,Normal,0.18212852529659368
2020-12-30 12:10:00,3.94,83.9,975.8,1.95,0.0,0,Normal,0.1852049423063057
2020-12-30 12:20:00,4.09,83.9,975.73,1.89,0.0,0,Normal,0.18787577402820188
2020-12-30 12:30:00,4.11,83.5,975.58,3.34,0.0,0,Normal,0.1727866736698514
2020-12-30 12:40:00,4.27,83.2,975.54,2.17,0.0,0,Normal,0.18787319268355657
2020-12-30 12:50:00,4.24,82.9,975.57,2.2,0.0,0,Normal,0.18841923286250317
2020-12-30 13:00:00,4.27,82.6,975.57,2.46,0.0,0,Normal,0.18611302171251404
2020-12-30 13:10:00,4.64,81.2,975.49,3.33,0.0,0,Normal,0.17953507632252208
2020-12-30 13:20:00,4.78,79.59,975.47,4.72,0.0,0,Normal,0.14970715317375372
2020-12-30 13:30:00,4.74,79.29,975.41,5.23,0.0,0,Normal,0.13792032985692476
2020-12-30 13:40:00,4.98,78.07,975.46,5.28,0.0,0,Normal,0.14131430423802
2020-12-30 13:50:00,4.84,78.41,975.48,5.79,0.0,0,Normal,0.13028206555808042
2020-12-30 14:00:00,4.56,79.5,975.59,5.38,0.0,0,Normal,0.13111930674433053
2020-12-30 14:10:00,4.44,80.1,975.65,5.39,0.0,0,Normal,0.13115741776918954
2020-12-30 14:20:00,4.32,80.5,975.72,5.2,0.0,0,Normal,0.1343680502652766
2020-12-30 14:30:00,4.32,80.8,975.84,4.11,0.0,0,Normal,0.157731370166579
2020-12-30 14:40:00,4.33,80.6,975.95,4.57,0.0,0,Normal,0.1454367299426731
2020-12-30 14:50:00,4.3,80.8,976.1,4.28,0.0,0,Normal,0.15420457010605082
2020-12-30 15:00:00,4.22,80.9,976.17,4.55,0.0,0,Normal,0.1455936806426576
2020-12-30 15:10:00,4.16,81.4,976.24,4.38,0.0,0,Normal,0.14913055623352145
2020-12-30 15:20:00,4.14,81.6,976.27,4.45,0.0,0,Normal,0.14305432447630317
2020-12-30 15:30:00,4.13,81.8,976.41,3.5,0.0,0,Normal,0.16620219379554269
2020-12-30 15:40:00,4.08,82.2,976.45,3.31,0.0,0,Normal,0.17261336757479068
2020-12-30 15:50:00,4.03,82.2,976.48,4.06,0.0,0,Normal,0.15203555913199368
2020-12-30 16:00:00,3.99,82.6,976.57,2.98,0.0,0,Normal,0.17895044633067475
2020-12-30 16:10:00,3.93,82.9,976.68,2.43,0.0,0,Normal,0.19218443396764934
2020-12-30 16:20:00,3.94,83.0,976.78,2.37,0.0,0,Normal,0.19283214934971493
2020-12-30 16:30:00,3.94,82.7,976.88,2.91,0.0,0,Normal,0.184687446069139
2020-12-30 16:40:00,3.93,82.8,977.02,1.78,0.0,0,Normal,0.19252500668555222
2020-12-30 16:50:00,3.91,82.9,977.13,1.63,0.0,0,Normal,0.19218470238041307
2020-12-30 17:00:00,3.91,83.0,977.25,1.68,0.0,0,Normal,0.19459497206501486
2020-12-30 17:10:00,3.92,83.0,977.44,2.25,0.0,0,Normal,0.1972693921305148
2020-12-30 17:20:00,3.94,83.1,977.57,2.68,0.0,0,Normal,0.19312974688589502
2020-12-30 17:30:00,3.87,83.7,977.65,1.97,0.0,0,Normal,0.19636775411124785
2020-12-30 17:40:00,3.88,83.8,977.68,2.58,0.0,0,Normal,0.1934208493691829
2020-12-30 17:50:00,3.88,84.1,977.79,2.78,0.0,0,Normal,0.1876362701568402
2020-12-30 18:00:00,3.77,84.9,977.89,2.19,0.0,0,Normal,0.19384168214565378
2020-12-30 18:10:00,3.74,84.9,977.89,2.12,0.0,0,Normal,0.19509351677762865
2020-12-30 18:20:00,3.77,84.6,977.87,2.36,0.0,0,Normal,0.1933056892669212
2020-12-30 18:30:00,3.71,84.8,977.91,3.02,0.0,0,Normal,0.18000167814904017
2020-12-30 18:40:00,3.62,85.2,977.93,2.98,0.0,0,Normal,0.1805810268695029
2020-12-30 18:50:00,3.54,85.2,978.01,2.93,0.0,0,Normal,0.18358482960146666
2020-12-30 19:00:00,3.55,85.0,978.08,2.29,0.0,0,Normal,0.19323363233318264
2020-12-30 19:10:00,3.45,85.7,978.17,2.2,0.0,0,Normal,0.1928847910552609
2020-12-30 19:20:00,3.41,85.5,978.28,1.95,0.0,0,Normal,0.19192829020774393
2020-12-30 19:30:00,3.61,83.8,978.45,1.44,0.0,0,Normal,0.19695566765714434
2020-12-30 19:40:00,3.53,86.1,978.58,1.22,0.0,0,Normal,0.19092781093589423
2020-12-30 19:50:00,3.35,88.0,978.61,1.01,0.0,0,Normal,0.18344363306747336
2020-12-30 20:00:00,3.19,88.6,978.67,1.33,0.0,0,Normal,0.18595482712958528
2020-12-30 20:10:00,3.0,89.1,978.65,1.61,0.0,0,Normal,0.18452670827173218
2020-12-30 20:20:00,2.91,89.2,978.66,0.87,0.0,0,Normal,0.17821525773924252
2020-12-30 20:30:00,2.85,89.3,978.71,0.87,0.0,0,Normal,0.17777478946610636
2020-12-30 20:40:00,2.71,89.9,978.82,0.76,0.0,0,Normal,0.17494319398437236
2020-12-30 20:50:00,2.55,90.6,978.92,2.0,0.0,0,Normal,0.18008137033592386
2020-12-30 21:00:00,2.29,91.2,978.91,2.47,0.0,0,Normal,0.1734311533679675
2020-12-30 21:10:00,2.4,90.0,978.91,2.51,0.0,0,Normal,0.1790736166317341
2020-12-30 21:20:00,2.64,88.9,979.0,2.45,0.0,0,Normal,0.18344435174962753
2020-12-30 21:30:00,2.7,88.9,979.05,2.37,0.0,0,Normal,0.18365570399362652
2020-12-30 21:40:00,2.6,89.7,979.09,2.12,0.0,0,Normal,0.18215335297536872
2020-12-30 21:50:00,2.53,90.3,979.17,1.56,0.0,0,Normal,0.18016738156139728
2020-12-30 22:00:00,2.53,90.3,979.2,2.58,0.0,0,Normal,0.179252742661972
2020-12-30 22:10:00,2.09,91.7,979.22,3.0,0.0,0,Normal,0.1557052793917756
2020-12-30 22:20:00,1.82,93.1,979.23,2.43,0.0,0,Normal,0.16314230164248505
2020-12-30 22:30:00,2.11,91.6,979.33,2.0,0.0,0,Normal,0.17348734417770184
2020-12-30 22:40:00,2.05,90.5,979.39,1.54,0.0,0,Normal,0.17423759714349957
2020-12-30 22:50:00,1.39,93.4,979.44,2.54,0.0,0,Normal,0.1569836042472832
2020-12-30 23:00:00,1.58,92.0,979.51,2.68,0.0,0,Normal,0.15745317988786922
2020-12-30 23:10:00,1.33,92.5,979.55,2.9,0.0,0,Normal,0.15322653572000872
2020-12-30 23:20:00,1.42,91.5,979.56,3.18,0.0,0,Normal,0.1495493991744133
2020-12-30 23:30:00,1.49,90.1,979.61,3.14,0.0,0,Normal,0.1548645262478507
2020-12-30 23:40:00,1.39,89.8,979.6,2.71,0.0,0,Normal,0.1639990170482591
2020-12-30 23:50:00,1.68,88.1,979.67,2.13,0.0,0,Normal,0.17364294842640576
2020-12-31 00:00:00,1.86,88.3,979.75,0.43,0.0,0,Normal,0.15957352721114265
2020-12-31 00:10:00,1.7,90.4,979.79,1.97,0.0,0,Normal,0.1675913560259602
2020-12-31 00:20:00,1.41,92.7,979.81,0.65,0.0,0,Normal,0.1596278326632004
2020-12-31 00:30:00,1.43,92.4,979.81,1.16,0.0,0,Normal,0.1651208366855022
2020-12-31 00:40:00,1.49,91.8,979.8,1.08,0.0,0,Normal,0.1648176302456444
2020-12-31 00:50:00,1.58,90.6,979.72,1.45,0.0,0,Normal,0.16951634039561336
2020-12-31 01:00:00,1.71,89.5,979.74,0.88,0.0,0,Normal,0.1676669539206478
2020-12-31 01:10:00,2.02,85.6,979.8,2.95,0.0,0,Normal,0.17684441022915015
2020-12-31 01:20:00,2.07,86.6,979.79,2.75,0.0,0,Normal,0.17753636577240012
2020-12-31 01:30:00,1.19,92.5,979.76,1.25,0.0,0,Normal,0.1615962944202723
2020-12-31 01:40:00,0.76,94.7,979.88,1.17,0.0,0,Normal,0.1485884825337792
2020-12-31 01:50:00,0.73,94.3,979.95,0.93,0.0,0,Normal,0.14908950980953356
2020-12-31 02:00:00,0.81,93.0,979.96,1.6,0.0,0,Normal,0.1571069559338078
2020-12-31 02:10:00,0.76,92.4,979.98,1.45,0.0,0,Normal,0.16025034099529273
2020-12-31 02:20:00,0.63,92.8,979.92,1.3,0.0,0,Normal,0.15820816977595537
2020-12-31 02:30:00,0.47,93.4,979.9,1.04,0.0,0,Normal,0.1515449774718226
2020-12-31 02:40:00,0.29,93.4,979.92,2.28,0.0,0,Normal,0.14927605409508038
2020-12-31 02:50:00,0.32,92.7,979.88,1.64,0.0,0,Normal,0.15385159561082118
2020-12-31 03:00:00,0.35,92.5,979.91,1.99,0.0,0,Normal,0.1530129462957362
2020-12-31 03:10:00,0.58,91.0,979.86,3.07,0.0,0,Normal,0.14230017795829936
2020-12-31 03:20:00,0.88,89.5,979.87,3.41,0.0,0,Normal,0.14399379910730814
2020-12-31 03:30:00,1.18,88.0,979.86,3.71,0.0,0,Normal,0.14555148980264965
2020-12-31 03:40:00,1.65,85.1,979.89,4.3,0.0,0,Normal,0.1360747847982029
2020-12-31 03:50:00,1.92,83.6,979.91,4.61,0.0,0,Normal,0.13863859101601544
2020-12-31 04:00:00,1.67,85.0,979.88,3.79,0.0,0,Normal,0.15578174264204792
2020-12-31 04:10:00,1.41,86.2,979.85,3.88,0.0,0,Normal,0.14840807338115058
2020-12-31 04:20:00,1.4,86.3,979.88,4.1,0.0,0,Normal,0.13970984682825316
2020-12-31 04:30:00,1.33,86.8,979.95,2.74,0.0,0,Normal,0.1718363483424799
2020-12-31 04:40:00,1.12,88.0,979.95,3.21,0.0,0,Normal,0.15582458096892493
2020-12-31 04:50:00,1.16,87.6,979.92,2.72,0.0,0,Normal,0.16498054785368327
2020-12-31 05:00:00,0.43,91.1,979.88,1.87,0.0,0,Normal,0.15474796038408517
2020-12-31 05:10:00,0.17,92.6,979.77,0.79,0.0,0,Normal,0.14823711227795633
2020-12-31 05:20:00,0.51,90.8,979.72,1.37,0.0,0,Normal,0.16038276108884586
2020-12-31 05:30:00,0.36,91.8,979.7,1.35,0.0,0,Normal,0.15550505990742158
2020-12-31 05:40:00,0.34,91.7,979.71,1.43,0.0,0,Normal,0.15605245071530444
2020-12-31 05:50:00,0.32,91.3,979.74,0.7,0.0,0,Normal,0.1509255911209325
2020-12-31 06:00:00,0.2,91.7,979.71,1.55,0.0,0,Normal,0.15313583092145622
2020-12-31 06:10:00,0.13,92.1,979.73,0.76,0.0,0,Normal,0.14731929053394693
2020-12-31 06:20:00,0.27,91.4,979.75,1.48,0.0,0,Normal,0.15693772344917145
2020-12-31 06:30:00,1.03,87.5,979.79,2.0,0.0,0,Normal,0.1685896326776274
2020-12-31 06:40:00,1.21,86.6,979.9,2.78,0.0,0,Normal,0.16782844473784247
2020-12-31 06:50:00,1.2,86.9,979.92,1.87,0.0,0,Normal,0.17137411212405146
2020-12-31 07:00:00,0.99,87.8,979.92,1.64,0.0,0,Normal,0.17097308024953756
2020-12-31 07:10:00,0.72,89.1,980.0,1.35,0.0,0,Normal,0.16668737732992117
2020-12-31 07:20:00,0.44,90.5,980.12,1.31,0.0,0,Normal,0.1644564809261454
2020-12-31 07:30:00,0.15,91.7,980.23,0.43,0.0,0,Normal,0.13738347219463465
2020-12-31 07:40:00,0.04,92.5,980.27,0.59,0.0,0,Normal,0.1454561047347966
2020-12-31 07:50:00,-0.07,93.1,980.35,0.74,0.0,0,Normal,0.1472947856853996
2020-12-31 08:00:00,0.1,92.5,980.45,0.42,0.0,0,Normal,0.13535849655502913
2020-12-31 08:10:00,0.35,91.6,980.46,0.57,0.0,0,Normal,0.14881165002895608
2020-12-31 08:20:00,0.49,90.7,980.43,1.29,0.0,0,Normal,0.16427716552678623
2020-12-31 08:30:00,0.33,91.6,980.41,0.85,0.0,0,Normal,0.15388599545243842
2020-12-31 08:40:00,0.2,92.3,980.42,0.37,0.0,0,Normal,0.13095260462694547
2020-12-31 08:50:00,0.23,92.0,980.4,0.97,0.0,0,Normal,0.15101293067771454
2020-12-31 09:00:00,0.21,92.1,980.42,1.02,0.0,0,Normal,0.1519427894468094
2020-12-31 09:10:00,0.25,91.8,980.38,1.21,0.0,0,Normal,0.15596318176885776
2020-12-31 09:20:00,0.25,91.7,980.33,1.05,0.0,0,Normal,0.15435164941426266
2020-12-31 09:30:00,0.27,91.6,980.27,1.67,0.0,0,Normal,0.15590705589233828
2020-12-31 09:40:00,0.21,91.9,980.24,2.15,0.0,0,Normal,0.15210384279783962
2020-12-31 09:50:00,0.38,91.3,980.28,2.27,0.0,0,Normal,0.15500588220503353
2020-12-31 10:00:00,0.55,90.4,980.27,2.83,0.0,0,Normal,0.15252756476302576
2020-12-31 10:10:00,0.66,90.1,980.25,2.21,0.0,0,Normal,0.16332559275479414
2020-12-31 10:20:00,0.89,88.8,980.24,1.77,0.0,0,Normal,0.16831821648689038
2020-12-31 10:30:00,1.12,87.5,980.19,1.74,0.0,0,Normal,0.17439318902065604
2020-12-31 10:40:00,1.28,86.6,980.11,1.99,0.0,0,Normal,0.17820361306175825
2020-12-31 10:50:00,1.51,85.5,980.04,1.81,0.0,0,Normal,0.18239368588762517
2020-12-31 11:00:00,1.82,84.0,979.93,1.61,0.0,0,Normal,0.18333868889566168
2020-12-31 11:10:00,2.13,82.1,979.82,2.36,0.0,0,Normal,0.1937326549014271
2020-12-31 11:20:00,2.31,81.5,979.67,2.16,0.0,0,Normal,0.1954046710333912
2020-12-31 11:30:00,2.36,81.2,979.51,2.11,0.0,0,Normal,0.1948250260250664
2020-12-31 11:40:00,2.4,81.0,979.37,2.26,0.0,0,Normal,0.19566786519861884
2020-12-31 11:50:00,2.41,81.0,979.23,2.44,0.0,0,Normal,0.19346184104897202
2020-12-31 12:00:00,2.6,80.6,979.04,2.18,0.0,0,Normal,0.19564491274268048
2020-12-31 12:10:00,2.78,79.6,978.92,2.37,0.0,0,Normal,0.1972803098313643
2020-12-31 12:20:00,2.79,79.6,978.83,2.55,0.0,0,Normal,0.19251296429514186
2020-12-31 12:30:00,2.78,80.1,978.78,2.3,0.0,0,Normal,0.19585115409549747
2020-12-31 12:40:00,2.9,80.0,978.74,1.91,0.0,0,Normal,0.19645651148878363
2020-12-31 12:50:00,2.99,79.38,978.62,2.33,0.0,0,Normal,0.19534748029875054
2020-12-31 13:00:00,3.07,78.26,978.55,2.83,0.0,0,Normal,0.19226873366789643
2020-12-31 13:10:00,3.12,77.77,978.44,2.96,0.0,0,Normal,0.19156562727551713
2020-12-31 13:20:00,3.13,77.94,978.35,2.7,0.0,0,Normal,0.19333363222236338
2020-12-31 13:30:00,3.16,76.78,978.26,3.26,0.0,0,Normal,0.18771877923067326
2020-12-31 13:40:00,3.14,77.0,978.18,3.29,0.0,0,Normal,0.18486650541577837
2020-12-31 13:50:00,3.12,77.04,978.09,3.32,0.0,0,Normal,0.18398653711503832
2020-12-31 14:00:00,3.13,77.25,977.98,3.06,0.0,0,Normal,0.18719694062764225
2020-12-31 14:10:00,3.18,77.27,977.91,2.61,0.0,0,Normal,0.19362891423932072
2020-12-31 14:20:00,3.27,77.03,977.85,2.33,0.0,0,Normal,0.19823659697283486
2020-12-31 14:30:00,3.34,76.91,977.8,2.2,0.0,0,Normal,0.1993717635559446
2020-12-31 14:40:00,3.4,76.38,977.73,1.66,0.0,0,Normal,0.19812130577815512
2020-12-31 14:50:00,3.38,76.18,977.66,2.03,0.0,0,Normal,0.19787772634291845
2020-12-31 15:00:00,3.4,76.19,977.62,2.02,0.0,0,Normal,0.19787772634291845
2020-12-31 15:10:00,3.43,75.97,977.63,2.32,0.0,0,Normal,0.1988107328707881
2020-12-31 15:20:00,3.41,75.85,977.63,2.3,0.0,0,Normal,0.19968732394308725
2020-12-31 15:30:00,3.33,76.15,977.61,2.22,0.0,0,Normal,0.19812619973292966
2020-12-31 15:40:00,3.27,76.36,977.59,2.06,0.0,0,Normal,0.19769438799060185
2020-12-31 15:50:00,3.27,75.71,977.57,2.35,0.0,0,Normal,0.1974963792112961
2020-12-31 16:00:00,3.28,75.43,977.6,2.23,0.0,0,Normal,0.19881131638138233
2020-12-31 16:10:00,3.3,74.91,977.7,1.87,0.0,0,Normal,0.19804497360323292
2020-12-31 16:20:00,3.3,74.57,977.73,1.75,0.0,0,Normal,0.19750431088960574
2020-12-31 16:30:00,3.32,74.52,977.74,1.67,0.0,0,Normal,0.1985925420614535
2020-12-31 16:40:00,3.32,74.23,977.75,1.68,0.0,0,Normal,0.19836165412500434
2020-12-31 16:50:00,3.24,74.7,977.75,1.93,0.0,0,Normal,0.19861918665960282
2020-12-31 17:00:00,3.17,74.62,977.73,2.53,0.0,0,Normal,0.19702206253160048
2020-12-31 17:10:00,3.06,75.45,977.71,2.12,0.0,0,Normal,0.19771794662606457
2020-12-31 17:20:00,2.91,76.3,977.72,1.98,0.0,0,Normal,0.19452945838813573
2020-12-31 17:30:00,2.82,76.71,977.7,1.61,0.0,0,Normal,0.1913778609876382
2020-12-31 17:40:00,2.9,76.57,977.69,1.52,0.0,0,Normal,0.19136359743063114
2020-12-31 17:50:00,2.92,76.57,977.74,1.45,0.0,0,Normal,0.19298624589839047
2020-12-31 18:00:00,2.96,76.82,977.78,1.51,0.0,0,Normal,0.19491067877290497
2020-12-31 18:10:00,2.97,76.69,977.75,1.94,0.0,0,Normal,0.19592729249102597
2020-12-31 18:20:00,2.88,77.35,977.7,2.08,0.0,0,Normal,0.19584356491647037
2020-12-31 18:30:00,2.87,77.2,977.69,2.28,0.0,0,Normal,0.1948141333489829
2020-12-31 18:40:00,2.88,77.22,977.69,2.0,0.0,0,Normal,0.19418315290281946
2020-12-31 18:50:00,2.88,77.14,977.69,1.41,0.0,0,Normal,0.19049811681720458
2020-12-31 19:00:00,2.9,76.63,977.67,1.53,0.0,0,Normal,0.19168615425160257
2020-12-31 19:10:00,2.84,77.13,977.66,1.71,0.0,0,Normal,0.19189583239032637
2020-12-31 19:20:00,2.78,77.72,977.66,1.72,0.0,0,Normal,0.19033397308125577
2020-12-31 19:30:00,2.68,78.23,977.62,1.55,0.0,0,Normal,0.1867305846338111
2020-12-31 19:40:00,2.61,78.14,977.57,1.41,0.0,0,Normal,0.18490340550440199
2020-12-31 19:50:00,2.56,78.22,977.58,1.57,0.0,0,Normal,0.18498633214552773
2020-12-31 20:00:00,2.47,78.24,977.7,1.67,0.0,0,Normal,0.18526878993559265
2020-12-31 20:10:00,2.45,78.31,977.73,1.47,0.0,0,Normal,0.18458038241751068
2020-12-31 20:20:00,2.4,78.36,977.82,1.53,0.0,0,Normal,0.18384339041015751
2020-12-31 20:30:00,2.4,77.99,977.78,1.61,0.0,0,Normal,0.18406879265397658
2020-12-31 20:40:00,2.41,77.85,977.84,1.46,0.0,0,Normal,0.18512928432602677
2020-12-31 20:50:00,2.37,77.9,977.92,1.06,0.0,0,Normal,0.18053344235815794
2020-12-31 21:00:00,2.4,77.52,978.02,0.8,0.0,0,Normal,0.17847117885634306
2020-12-31 21:10:00,2.41,77.53,978.05,0.79,0.0,0,Normal,0.1756251511605944
2020-12-31 21:20:00,2.45,77.44,978.13,0.52,0.0,0,Normal,0.17146843104798176
2020-12-31 21:30:00,2.4,77.21,978.14,1.01,0.0,0,Normal,0.17960350055980034
2020-12-31 21:40:00,2.38,77.35,978.15,1.42,0.0,0,Normal,0.18514617699450253
2020-12-31 21:50:00,2.34,77.79,978.21,1.52,0.0,0,Normal,0.1852210787828244
2020-12-31 22:00:00,2.29,78.11,978.22,1.4,0.0,0,Normal,0.18324780805853524
2020-12-31 22:10:00,2.24,78.36,978.26,1.31,0.0,0,Normal,0.18328796742890335
2020-12-31 22:20:00,2.23,78.63,978.3,1.25,0.0,0,Normal,0.1827309756335629
2020-12-31 22:30:00,2.22,78.63,978.36,1.29,0.0,0,Normal,0.18353338741691877
2020-12-31 22:40:00,2.26,78.36,978.38,1.45,0.0,0,Normal,0.1850469949916561
2020-12-31 22:50:00,2.35,78.17,978.36,1.57,0.0,0,Normal,0.18483772133927767
2020-12-31 23:00:00,2.32,79.0,978.36,1.5,0.0,0,Normal,0.18280492823964084
2020-12-31 23:10:00,2.27,79.04,978.36,1.08,0.0,0,Normal,0.1806246789484947
2020-12-31 23:20:00,2.28,80.0,978.32,0.73,0.0,0,Normal,0.1736174805920866
2020-12-31 23:30:00,2.13,83.1,978.3,0.43,0.0,0,Normal,0.16338289011115348
2020-12-31 23:40:00,1.99,82.2,978.26,0.38,0.0,0,Normal,0.1544242868053961
2020-12-31 23:50:00,2.07,81.4,978.26,0.57,0.0,0,Normal,0.16852410228140807
2021-01-01 00:00:00,2.01,82.4,978.24,0.57,0.0,0,Normal,0.1670624687247642
